id,title,description,availability,condition,price,link,image_link,brand
beige-fancy-work-art-silk-groom-sherwani-with-stole,Beige Fancy Work Art Silk Groom Sherwani with Stole,"The groom's answer to understated luxury. This beige art silk sherwani carries elegant detailing with a polished finish, complete with pajama and stole — distinguished without trying too hard. Product Details: Fabric: Art Silk with a smooth, lustrous drape. Work: Crafted finish with elegant detailing. Includes: Sherwani with pajama and stole. Perfect For: Wedding ceremonies, sangeet nights and festive receptions. Styling Tip: Classic mojaris and a statement watch for a refined finish. Note: Refer to the size chart for fit. Custom measurement tailoring is available. Slight colour variation may occur due to screen settings.",out of stock,new,334.99 USD,https://luxemia.shop/product/beige-fancy-work-art-silk-groom-sherwani-with-stole,https://cdn.shopify.com/s/files/1/0746/4707/7035/files/beige-art-silk-wedding-sherwani-stole-256488.jpg?v=1787876977,LuxeMia
peach-banarasi-silk-unstitched-reception-lehenga-set-10386,Peach Banarasi Silk Reception Lehenga Set,"Celebrate the season in this Peach Banarasi Silk lehenga choli, richly detailed with zari detailing and sequin work for a graceful, festive look. The graceful silhouette drapes beautifully and keeps you comfortable through long celebrations. Ideal for wedding receptions, sangeet nights, and festive pujas. Product Details: Fabric: Banarasi Silk with a smooth, lustrous drape. Work: Zari detailing, finished with sequin work. Includes: Lehenga and choli with dupatta. Perfect For: Wedding receptions, sangeet nights, and festive pujas. Styling Tip: Style with statement jhumkas, bangles, and heels to complete the festive look. Note: Refer to the size chart for fit. Custom measurement tailoring is available on request. Slight colour variation may occur due to screen settings.",out of stock,new,235.99 USD,https://luxemia.shop/product/peach-banarasi-silk-unstitched-reception-lehenga-set-10386,https://cdn.shopify.com/s/files/1/0746/4707/7035/files/peach-banarasi-lehenga-10386-01-front.png?v=1788895151,LuxeMia
ivory-banarasi-silk-unstitched-reception-lehenga-set-10387,Ivory Banarasi Silk Reception Lehenga Set,"Celebrate the season in this Ivory Banarasi Silk lehenga choli, richly detailed with zari detailing and sequin work for a graceful, festive look. The graceful silhouette drapes beautifully and keeps you comfortable through long celebrations. Ideal for wedding receptions, sangeet nights, and festive pujas. Product Details: Fabric: Banarasi Silk with a smooth, lustrous drape. Work: Zari detailing, finished with sequin work. Includes: Lehenga and choli with dupatta. Perfect For: Wedding receptions, sangeet nights, and festive pujas. Styling Tip: Style with statement jhumkas, bangles, and heels to complete the festive look. Note: Refer to the size chart for fit. Custom measurement tailoring is available on request. Slight colour variation may occur due to screen settings.",out of stock,new,235.99 USD,https://luxemia.shop/product/ivory-banarasi-silk-unstitched-reception-lehenga-set-10387,https://cdn.shopify.com/s/files/1/0746/4707/7035/files/ivory-banarasi-lehenga-10387-01-front.png?v=1788895165,LuxeMia
fuchsia-pink-banarasi-silk-unstitched-reception-lehenga-set-10388,Fuchsia Pink Banarasi Silk Reception Lehenga Set,"Celebrate the season in this Pink Banarasi Silk lehenga choli, richly detailed with zari detailing and sequin work for a graceful, festive look. The graceful silhouette drapes beautifully and keeps you comfortable through long celebrations. Ideal for wedding receptions, sangeet nights, and festive pujas. Product Details: Fabric: Banarasi Silk with a smooth, lustrous drape. Work: Zari detailing, finished with sequin work. Includes: Lehenga and choli with dupatta. Perfect For: Wedding receptions, sangeet nights, and festive pujas. Styling Tip: Style with statement jhumkas, bangles, and heels to complete the festive look. Note: Refer to the size chart for fit. Custom measurement tailoring is available on request. Slight colour variation may occur due to screen settings.",out of stock,new,235.99 USD,https://luxemia.shop/product/fuchsia-pink-banarasi-silk-unstitched-reception-lehenga-set-10388,https://cdn.shopify.com/s/files/1/0746/4707/7035/files/fuchsia-pink-banarasi-lehenga-10388-01-front.png?v=1788897064,LuxeMia
purple-banarasi-silk-unstitched-reception-lehenga-set-10389,Purple Banarasi Silk Reception Lehenga Set,"Celebrate the season in this Purple Banarasi Silk lehenga choli, richly detailed with zari detailing and sequin work for a graceful, festive look. The graceful silhouette drapes beautifully and keeps you comfortable through long celebrations. Ideal for wedding receptions, sangeet nights, and festive pujas. Product Details: Fabric: Banarasi Silk with a smooth, lustrous drape. Work: Zari detailing, finished with sequin work. Includes: Lehenga and choli with dupatta. Perfect For: Wedding receptions, sangeet nights, and festive pujas. Styling Tip: Style with statement jhumkas, bangles, and heels to complete the festive look. Note: Refer to the size chart for fit. Custom measurement tailoring is available on request. Slight colour variation may occur due to screen settings.",out of stock,new,235.99 USD,https://luxemia.shop/product/purple-banarasi-silk-unstitched-reception-lehenga-set-10389,https://cdn.shopify.com/s/files/1/0746/4707/7035/files/purple-banarasi-lehenga-10389-01-front.png?v=1788895206,LuxeMia
olive-gold-banarasi-silk-unstitched-reception-lehenga-set-10390,Olive Gold Banarasi Silk Reception Lehenga Set,"Celebrate the season in this Gold Banarasi Silk lehenga choli, richly detailed with zari detailing and sequin work for a graceful, festive look. The graceful silhouette drapes beautifully and keeps you comfortable through long celebrations. Ideal for wedding receptions, sangeet nights, and festive pujas. Product Details: Fabric: Banarasi Silk with a smooth, lustrous drape. Work: Zari detailing, finished with sequin work. Includes: Lehenga and choli with dupatta. Perfect For: Wedding receptions, sangeet nights, and festive pujas. Styling Tip: Style with statement jhumkas, bangles, and heels to complete the festive look. Note: Refer to the size chart for fit. Custom measurement tailoring is available on request. Slight colour variation may occur due to screen settings.",out of stock,new,235.99 USD,https://luxemia.shop/product/olive-gold-banarasi-silk-unstitched-reception-lehenga-set-10390,https://cdn.shopify.com/s/files/1/0746/4707/7035/files/olive-gold-banarasi-lehenga-10390-01-front.png?v=1788895228,LuxeMia
mauve-banarasi-silk-unstitched-reception-lehenga-set-10391,Mauve Banarasi Silk Reception Lehenga Set,"Celebrate the season in this Mauve Banarasi Silk lehenga choli, richly detailed with zari detailing and sequin work for a graceful, festive look. The graceful silhouette drapes beautifully and keeps you comfortable through long celebrations. Ideal for wedding receptions, sangeet nights, and festive pujas. Product Details: Fabric: Banarasi Silk with a smooth, lustrous drape. Work: Zari detailing, finished with sequin work. Includes: Lehenga and choli with dupatta. Perfect For: Wedding receptions, sangeet nights, and festive pujas. Styling Tip: Style with statement jhumkas, bangles, and heels to complete the festive look. Note: Refer to the size chart for fit. Custom measurement tailoring is available on request. Slight colour variation may occur due to screen settings.",out of stock,new,235.99 USD,https://luxemia.shop/product/mauve-banarasi-silk-unstitched-reception-lehenga-set-10391,https://cdn.shopify.com/s/files/1/0746/4707/7035/files/mauve-banarasi-lehenga-10391-01-front.png?v=1788897064,LuxeMia
rose-mauve-chiffon-sequin-border-saree-stitched-blouse,Rose Mauve Chiffon Sequin Border Sari (Saree) with Stitched Blouse,"Celebrate the season in this Mauve Chiffon sari, richly detailed with sequin work and embroidery for a graceful, festive look. The graceful silhouette drapes beautifully and keeps you comfortable through long celebrations. Ideal for weddings, festive pujas, and family celebrations. Product Details: Fabric: Chiffon with a soft, flowy drape. Work: Sequin work, finished with embroidery. Includes: Saree with blouse fabric. Perfect For: Weddings, festive pujas, and family celebrations. Styling Tip: Pair with gold jhumkas, traditional bangles, and a sleek bun for timeless elegance. Note: Refer to the size chart for fit. Custom measurement tailoring is available on request. Slight colour variation may occur due to screen settings.",out of stock,new,55.99 USD,https://luxemia.shop/product/rose-mauve-chiffon-sequin-border-saree-stitched-blouse,https://cdn.shopify.com/s/files/1/0746/4707/7035/files/rose-mauve-chiffon-saree-original-01.jpg?v=1790275381,LuxeMia
sage-green-chiffon-sequin-border-saree-stitched-blouse,Sage Green Chiffon Sequin Border Sari (Saree) with Stitched Blouse,"Celebrate the season in this Sage Green Chiffon sari, richly detailed with sequin work and embroidery for a graceful, festive look. The graceful silhouette drapes beautifully and keeps you comfortable through long celebrations. Ideal for weddings, festive pujas, and family celebrations. Product Details: Fabric: Chiffon with a soft, flowy drape. Work: Sequin work, finished with embroidery. Includes: Saree with blouse fabric. Perfect For: Weddings, festive pujas, and family celebrations. Styling Tip: Pair with gold jhumkas, traditional bangles, and a sleek bun for timeless elegance. Note: Refer to the size chart for fit. Custom measurement tailoring is available on request. Slight colour variation may occur due to screen settings.",out of stock,new,55.99 USD,https://luxemia.shop/product/sage-green-chiffon-sequin-border-saree-stitched-blouse,https://cdn.shopify.com/s/files/1/0746/4707/7035/files/sage-green-chiffon-saree-original-01.jpg?v=1790275391,LuxeMia
slate-grey-chiffon-sequin-border-saree-stitched-blouse,Slate Grey Chiffon Sequin Border Sari (Saree) with Stitched Blouse,"Celebrate the season in this Grey Chiffon sari, richly detailed with sequin work and embroidery for a graceful, festive look. The graceful silhouette drapes beautifully and keeps you comfortable through long celebrations. Ideal for weddings, festive pujas, and family celebrations. Product Details: Fabric: Chiffon with a soft, flowy drape. Work: Sequin work, finished with embroidery. Includes: Saree with blouse fabric. Perfect For: Weddings, festive pujas, and family celebrations. Styling Tip: Pair with gold jhumkas, traditional bangles, and a sleek bun for timeless elegance. Note: Refer to the size chart for fit. Custom measurement tailoring is available on request. Slight colour variation may occur due to screen settings.",out of stock,new,55.99 USD,https://luxemia.shop/product/slate-grey-chiffon-sequin-border-saree-stitched-blouse,https://cdn.shopify.com/s/files/1/0746/4707/7035/files/slate-grey-chiffon-saree-original-01.jpg?v=1790275492,LuxeMia
rayon-mirror-work-readymade-navratri-lehenga-choli,Rayon Mirror Work Navratri Lehenga Choli,"Celebrate the season in this Green Rayon lehenga choli, richly detailed with mirror work for a graceful, festive look. The graceful silhouette drapes beautifully and keeps you comfortable through long celebrations. Ideal for wedding receptions, sangeet nights, and festive pujas. Product Details: Fabric: Rayon with soft, breathable comfort. Work: Mirror work. Includes: Lehenga and choli with dupatta. Perfect For: Wedding receptions, sangeet nights, and festive pujas. Styling Tip: Style with statement jhumkas, bangles, and heels to complete the festive look. Note: Refer to the size chart for fit. Custom measurement tailoring is available on request. Slight colour variation may occur due to screen settings.",out of stock,new,98.99 USD,https://luxemia.shop/product/rayon-mirror-work-readymade-navratri-lehenga-choli,https://cdn.shopify.com/s/files/1/0746/4707/7035/files/rust-rayon-mirror-work-lehenga-original-01.jpg?v=1788911837,LuxeMia
kora-cotton-navratri-lehenga-gamthi-embroidered-long-top,Kora Cotton Navratri Lehenga with Gamthi Embroidered Long Top,"Celebrate Navratri in this two-piece cotton lehenga set, covered in traditional Gamthi thread embroidery with dori detailing for a graceful, festive look. A soft cotton lining keeps it comfortable through long garba nights. Ideal for Navratri, Garba, and Dandiya celebrations. Product Details: Fabric: Cotton with soft, breathable comfort. Work: Gamthi thread embroidery, finished with dori detailing. Includes: Lehenga and long top. Color: White or Black (as selected). Perfect For: Navratri, Garba and Dandiya nights. Styling Tip: Style with statement jhumkas, bangles, and heels to complete the festive look. Note: Refer to the size chart for fit. Custom measurement tailoring is available on request. Slight colour variation may occur due to screen settings.",out of stock,new,33.99 USD,https://luxemia.shop/product/kora-cotton-navratri-lehenga-gamthi-embroidered-long-top,https://cdn.shopify.com/s/files/1/0746/4707/7035/files/white-gamthi-navratri-cora-7188-original-14.jpg?v=1788912111,LuxeMia
embroidered-silk-sharara-suit-georgette-dupatta-mt1079,Embroidered Silk Sharara Suit with Georgette Dupatta,"Celebrate the season in this Fuchsia Georgette sharara suit, richly detailed with sequin work and lace detailing for a graceful, festive look. A soft inner lining and a graceful silhouette keep it comfortable through long celebrations. Ideal for festive pujas, family functions, and social celebrations. Product Details: Fabric: Georgette with a soft, flowy drape. Work: Sequin work, finished with lace detailing. Includes: Sharara and Dupatta. Perfect For: Festive pujas, family functions, and social celebrations. Styling Tip: Drape it over a contrasting kurta or gown to elevate the festive look. Note: Refer to the size chart for fit. Custom measurement tailoring is available on request. Slight colour variation may occur due to screen settings.",out of stock,new,63.00 USD,https://luxemia.shop/product/embroidered-silk-sharara-suit-georgette-dupatta-mt1079,https://cdn.shopify.com/s/files/1/0746/4707/7035/files/teal-embroidered-sharara-mt1079-original.jpg?v=1788912284,LuxeMia
ivory-satin-beaded-palazzo-suit-with-embroidered-dupatta,Ivory Satin Beaded Palazzo Suit with Embroidered Dupatta,"Celebrate the season in this Ivory Satin Silk palazzo suit, richly detailed with bead work and embroidery for a graceful, festive look. The graceful silhouette drapes beautifully and keeps you comfortable through long celebrations. Ideal for festive pujas, family functions, and social celebrations. Product Details: Fabric: Satin Silk with a smooth, lustrous drape. Work: Bead work, finished with embroidery. Includes: Palazzo and Dupatta. Perfect For: Festive pujas, family functions, and social celebrations. Styling Tip: Drape it over a contrasting kurta or gown to elevate the festive look. Note: Refer to the size chart for fit. Custom measurement tailoring is available on request. Slight colour variation may occur due to screen settings.",out of stock,new,66.99 USD,https://luxemia.shop/product/ivory-satin-beaded-palazzo-suit-with-embroidered-dupatta,https://cdn.shopify.com/s/files/1/0746/4707/7035/files/ivory-satin-beaded-palazzo-suit-full.jpg?v=1790275053,LuxeMia
slate-blue-chinon-silk-indo-western-wedding-outfit,Slate Blue Chinon Silk Indo-Western Wedding Outfit,"Celebrate the season in this Blue Chinon Silk ethnic ensemble, richly detailed with embroidery for a graceful, festive look. The graceful silhouette drapes beautifully and keeps you comfortable through long celebrations. Ideal for festive occasions, family functions, and celebrations. Product Details: Fabric: Chinon Silk with a soft, flowy drape. Work: Embroidery. Includes: Complete set as shown. Perfect For: Festive occasions, family functions, and celebrations. Styling Tip: Style with dangling earrings, bangles, and embellished juttis for a polished look. Note: Refer to the size chart for fit. Custom measurement tailoring is available on request. Slight colour variation may occur due to screen settings.",out of stock,new,79.99 USD,https://luxemia.shop/product/slate-blue-chinon-silk-indo-western-wedding-outfit,https://cdn.shopify.com/s/files/1/0746/4707/7035/files/slate-blue-chinon-indo-western-dress.png?v=1788981846,LuxeMia
rayon-orange-festival-wear-mirror-work-readymade-lehenga-choli-with-koti-404554,Orange Rayon Folk Motifs Lehenga Choli with Dupatta,"Celebrate the season in this Orange Rayon lehenga choli, richly detailed with mirror work for a graceful, festive look. The graceful silhouette drapes beautifully and keeps you comfortable through long celebrations. Ideal for wedding receptions, sangeet nights, and festive pujas. Product Details: Fabric: Rayon with soft, breathable comfort. Work: Mirror work. Includes: Lehenga and choli with dupatta. Perfect For: Wedding receptions, sangeet nights, and festive pujas. Styling Tip: Style with statement jhumkas, bangles, and heels to complete the festive look. Note: Refer to the size chart for fit. Minor alterations are complimentary within 7 days of delivery; custom measurement tailoring is available on request. Slight colour variation may occur due to screen settings.",in stock,new,55.99 USD,https://luxemia.shop/product/rayon-orange-festival-wear-mirror-work-readymade-lehenga-choli-with-koti-404554,https://cdn.shopify.com/s/files/1/0746/4707/7035/files/rayon-orange-festival-wear-mirror-work-readymade-lehenga-choli-with-koti-404554-1.jpg?v=1789675913,LuxeMia
rayon-multicolor-festival-wear-mirror-work-readymade-navratri-lehenga-choli-404552,Multi-color Rayon Mirror Work Lehenga Choli with Striped Pattern,"Celebrate the season in this Multi Rayon lehenga choli, richly detailed with mirror work for a graceful, festive look. The graceful silhouette drapes beautifully and keeps you comfortable through long celebrations. Ideal for wedding receptions, sangeet nights, and festive pujas. Product Details: Fabric: Rayon with soft, breathable comfort. Work: Mirror work. Includes: Lehenga and choli with dupatta. Perfect For: Wedding receptions, sangeet nights, and festive pujas. Styling Tip: Style with statement jhumkas, bangles, and heels to complete the festive look. Note: Refer to the size chart for fit. Minor alterations are complimentary within 7 days of delivery; custom measurement tailoring is available on request. Slight colour variation may occur due to screen settings.",in stock,new,65.99 USD,https://luxemia.shop/product/rayon-multicolor-festival-wear-mirror-work-readymade-navratri-lehenga-choli-404552,https://cdn.shopify.com/s/files/1/0746/4707/7035/files/rayon-multicolor-festival-wear-mirror-work-readymade-navratri-lehenga-choli-404552-1.jpg?v=1789675915,LuxeMia
satin-silk-off-white-festival-wear-digital-print-work-navratri-lehenga-choli-404551,Off-White Satin Silk Paisley Print Lehenga Choli with Dupatta,"Celebrate the season in this White Satin Silk lehenga choli, richly detailed with digital print and print detailing for a graceful, festive look. The graceful silhouette drapes beautifully and keeps you comfortable through long celebrations. Ideal for wedding receptions, sangeet nights, and festive pujas. Product Details: Fabric: Satin Silk with a smooth, lustrous drape. Work: Digital print, finished with print detailing. Includes: Lehenga and choli with dupatta. Perfect For: Wedding receptions, sangeet nights, and festive pujas. Styling Tip: Style with statement jhumkas, bangles, and heels to complete the festive look. Note: Refer to the size chart for fit. Custom measurement tailoring is available on request. Slight colour variation may occur due to screen settings.",in stock,new,59.99 USD,https://luxemia.shop/product/satin-silk-off-white-festival-wear-digital-print-work-navratri-lehenga-choli-404551,https://cdn.shopify.com/s/files/1/0746/4707/7035/files/satin-silk-off-white-festival-wear-digital-print-work-navratri-lehenga-choli-404551-1.jpg?v=1789675916,LuxeMia
cotton-multicolor-festival-wear-digital-print-work-navratri-lehenga-choli-404545,Multi-color Cotton Folk Motif Lehenga Choli - Yellow & Teal,"Celebrate the season in this Yellow Cotton lehenga choli, richly detailed with digital print and print detailing for a graceful, festive look. The graceful silhouette drapes beautifully and keeps you comfortable through long celebrations. Ideal for wedding receptions, sangeet nights, and festive pujas. Product Details: Fabric: Cotton with soft, breathable comfort. Work: Digital print, finished with print detailing. Includes: Lehenga and choli with dupatta. Perfect For: Wedding receptions, sangeet nights, and festive pujas. Styling Tip: Style with statement jhumkas, bangles, and heels to complete the festive look. Note: Refer to the size chart for fit. Custom measurement tailoring is available on request. Slight colour variation may occur due to screen settings.",in stock,new,51.00 USD,https://luxemia.shop/product/cotton-multicolor-festival-wear-digital-print-work-navratri-lehenga-choli-404545,https://cdn.shopify.com/s/files/1/0746/4707/7035/files/cotton-multicolor-festival-wear-digital-print-work-navratri-lehenga-choli-404545-1.jpg?v=1789675918,LuxeMia
cotton-multicolor-festival-wear-digital-print-work-navratri-lehenga-choli-404544,Multi-color Cotton Folk Motif Lehenga Choli - Purple & Maroon,"Celebrate the season in this Maroon Cotton lehenga choli, richly detailed with digital print and print detailing for a graceful, festive look. The graceful silhouette drapes beautifully and keeps you comfortable through long celebrations. Ideal for wedding receptions, sangeet nights, and festive pujas. Product Details: Fabric: Cotton with soft, breathable comfort. Work: Digital print, finished with print detailing. Includes: Lehenga and choli with dupatta. Perfect For: Wedding receptions, sangeet nights, and festive pujas. Styling Tip: Style with statement jhumkas, bangles, and heels to complete the festive look. Note: Refer to the size chart for fit. Custom measurement tailoring is available on request. Slight colour variation may occur due to screen settings.",in stock,new,55.99 USD,https://luxemia.shop/product/cotton-multicolor-festival-wear-digital-print-work-navratri-lehenga-choli-404544,https://cdn.shopify.com/s/files/1/0746/4707/7035/files/cotton-multicolor-festival-wear-digital-print-work-navratri-lehenga-choli-404544-1.jpg?v=1789675920,LuxeMia
cotton-off-white-festival-wear-digital-print-work-navratri-lehenga-choli-404543,Off-White Cotton Geometric Lehenga Choli with Koti,"Celebrate the season in this White Cotton lehenga choli, richly detailed with digital print and print detailing for a graceful, festive look. The graceful silhouette drapes beautifully and keeps you comfortable through long celebrations. Ideal for wedding receptions, sangeet nights, and festive pujas. Product Details: Fabric: Cotton with soft, breathable comfort. Work: Digital print, finished with print detailing. Includes: Lehenga and choli with dupatta. Perfect For: Wedding receptions, sangeet nights, and festive pujas. Styling Tip: Style with statement jhumkas, bangles, and heels to complete the festive look. Note: Refer to the size chart for fit. Custom measurement tailoring is available on request. Slight colour variation may occur due to screen settings.",in stock,new,49.99 USD,https://luxemia.shop/product/cotton-off-white-festival-wear-digital-print-work-navratri-lehenga-choli-404543,https://cdn.shopify.com/s/files/1/0746/4707/7035/files/cotton-off-white-festival-wear-digital-print-work-navratri-lehenga-choli-404543-1.jpg?v=1789675921,LuxeMia
chinon-silk-navy-blue-occasional-wear-embroidery-work-readymade-lehenga-choli-404508,Navy Blue Embroidered Silk Lehenga Choli with Dupatta,"Celebrate the season in this Navy Blue Silk lehenga choli, richly detailed with embroidery for a graceful, festive look. The graceful silhouette drapes beautifully and keeps you comfortable through long celebrations. Ideal for wedding receptions, sangeet nights, and festive pujas. Product Details: Fabric: Silk with a smooth, lustrous drape. Work: Embroidery. Includes: Lehenga and choli with dupatta. Perfect For: Wedding receptions, sangeet nights, and festive pujas. Styling Tip: Style with statement jhumkas, bangles, and heels to complete the festive look. Note: Refer to the size chart for fit. Minor alterations are complimentary within 7 days of delivery; custom measurement tailoring is available on request. Slight colour variation may occur due to screen settings.",in stock,new,78.99 USD,https://luxemia.shop/product/chinon-silk-navy-blue-occasional-wear-embroidery-work-readymade-lehenga-choli-404508,https://cdn.shopify.com/s/files/1/0746/4707/7035/files/Navy-Blue-Chinon-Silk-Occasional-Wear-Embroidery-Work-Readymade-Lehenga-Choli-MEHVISH-3072_1_266d8998-55cb-4f48-9f98-4e605b65b25b.jpg?v=1789787942,LuxeMia
chinon-silk-rust-orange-occasional-wear-embroidery-work-readymade-lehenga-choli-404507,Rust Orange Embroidered Silk Lehenga Choli with Dupatta,"Celebrate the season in this Rust Orange Silk lehenga choli, richly detailed with embroidery for a graceful, festive look. The graceful silhouette drapes beautifully and keeps you comfortable through long celebrations. Ideal for wedding receptions, sangeet nights, and festive pujas. Product Details: Fabric: Silk with a smooth, lustrous drape. Work: Embroidery. Includes: Lehenga and choli with dupatta. Perfect For: Wedding receptions, sangeet nights, and festive pujas. Styling Tip: Style with statement jhumkas, bangles, and heels to complete the festive look. Note: Refer to the size chart for fit. Minor alterations are complimentary within 7 days of delivery; custom measurement tailoring is available on request. Slight colour variation may occur due to screen settings.",in stock,new,78.99 USD,https://luxemia.shop/product/chinon-silk-rust-orange-occasional-wear-embroidery-work-readymade-lehenga-choli-404507,https://cdn.shopify.com/s/files/1/0746/4707/7035/files/Rust-Orange-Chinon-Silk-Occasional-Wear-Embroidery-Work-Readymade-Lehenga-Choli-MEHVISH-3071_1_ffc74fec-9bfc-417f-8c3a-1ffa715b4f0e.jpg?v=1789787943,LuxeMia
cotton-teal-blue-party-wear-mirror-work-readymade-navrayri-lehenga-choli-with-purse-404506,Teal Blue Cotton Mirror Work Lehenga Choli with Potli Bag,"Celebrate the season in this Blue Cotton lehenga choli, richly detailed with mirror work for a graceful, festive look. The graceful silhouette drapes beautifully and keeps you comfortable through long celebrations. Ideal for wedding receptions, sangeet nights, and festive pujas. Product Details: Fabric: Cotton with soft, breathable comfort. Work: Mirror work. Includes: Lehenga and choli with dupatta. Perfect For: Wedding receptions, sangeet nights, and festive pujas. Styling Tip: Style with statement jhumkas, bangles, and heels to complete the festive look. Note: Refer to the size chart for fit. Minor alterations are complimentary within 7 days of delivery; custom measurement tailoring is available on request. Slight colour variation may occur due to screen settings.",in stock,new,64.99 USD,https://luxemia.shop/product/cotton-teal-blue-party-wear-mirror-work-readymade-navrayri-lehenga-choli-with-purse-404506,https://cdn.shopify.com/s/files/1/0746/4707/7035/files/cotton-teal-blue-party-wear-mirror-work-readymade-navrayri-lehenga-choli-with-purse-404506-1.jpg?v=1789675925,LuxeMia
pure-cotton-off-white-festival-wear-ribbon-work-readymade-navratri-lehenga-choli-with-koti-404497,Off-White Pure Cotton Ribbon Work Lehenga Choli with Koti,"Celebrate the season in this White Cotton lehenga choli, richly detailed with elegant crafted detailing for a graceful, festive look. The graceful silhouette drapes beautifully and keeps you comfortable through long celebrations. Ideal for wedding receptions, sangeet nights, and festive pujas. Product Details: Fabric: Cotton with soft, breathable comfort. Work: Crafted finish with elegant detailing. Includes: Lehenga and choli with dupatta. Perfect For: Wedding receptions, sangeet nights, and festive pujas. Styling Tip: Style with statement jhumkas, bangles, and heels to complete the festive look. Note: Refer to the size chart for fit. Minor alterations are complimentary within 7 days of delivery; custom measurement tailoring is available on request. Slight colour variation may occur due to screen settings.",in stock,new,63.99 USD,https://luxemia.shop/product/pure-cotton-off-white-festival-wear-ribbon-work-readymade-navratri-lehenga-choli-with-koti-404497,https://cdn.shopify.com/s/files/1/0746/4707/7035/files/pure-cotton-off-white-festival-wear-ribbon-work-readymade-navratri-lehenga-choli-with-koti-404497-1.jpg?v=1789675926,LuxeMia
pure-cotton-rani-pink-festival-wear-ribbon-work-readymade-navratri-lehenga-choli-with-koti-404496,Rani Pink Pure Cotton Ribbon Work Lehenga Choli with Koti,"Celebrate the season in this Rani Pink Cotton lehenga choli, richly detailed with elegant crafted detailing for a graceful, festive look. The graceful silhouette drapes beautifully and keeps you comfortable through long celebrations. Ideal for wedding receptions, sangeet nights, and festive pujas. Product Details: Fabric: Cotton with soft, breathable comfort. Work: Crafted finish with elegant detailing. Includes: Lehenga and choli with dupatta. Perfect For: Wedding receptions, sangeet nights, and festive pujas. Styling Tip: Style with statement jhumkas, bangles, and heels to complete the festive look. Note: Refer to the size chart for fit. Minor alterations are complimentary within 7 days of delivery; custom measurement tailoring is available on request. Slight colour variation may occur due to screen settings.",in stock,new,63.99 USD,https://luxemia.shop/product/pure-cotton-rani-pink-festival-wear-ribbon-work-readymade-navratri-lehenga-choli-with-koti-404496,https://cdn.shopify.com/s/files/1/0746/4707/7035/files/pure-cotton-rani-pink-festival-wear-ribbon-work-readymade-navratri-lehenga-choli-with-koti-404496-1.jpg?v=1789675928,LuxeMia
pure-cotton-rust-orange-festival-wear-ribbon-work-readymade-navratri-lehenga-choli-with-koti-404495,Rust Orange Pure Cotton Ribbon Work Lehenga Choli with Peplum,"Celebrate the season in this Rust Orange Cotton lehenga choli, richly detailed with elegant crafted detailing for a graceful, festive look. The graceful silhouette drapes beautifully and keeps you comfortable through long celebrations. Ideal for wedding receptions, sangeet nights, and festive pujas. Product Details: Fabric: Cotton with soft, breathable comfort. Work: Crafted finish with elegant detailing. Includes: Lehenga and choli with dupatta. Perfect For: Wedding receptions, sangeet nights, and festive pujas. Styling Tip: Style with statement jhumkas, bangles, and heels to complete the festive look. Note: Refer to the size chart for fit. Minor alterations are complimentary within 7 days of delivery; custom measurement tailoring is available on request. Slight colour variation may occur due to screen settings.",in stock,new,63.99 USD,https://luxemia.shop/product/pure-cotton-rust-orange-festival-wear-ribbon-work-readymade-navratri-lehenga-choli-with-koti-404495,https://cdn.shopify.com/s/files/1/0746/4707/7035/files/pure-cotton-rust-orange-festival-wear-ribbon-work-readymade-navratri-lehenga-choli-with-koti-404495-1.jpg?v=1789675929,LuxeMia
pure-cotton-purple-festival-wear-ribbon-work-readymade-navratri-lehenga-choli-with-koti-404494,Purple Pure Cotton Ribbon Work Lehenga Choli with Koti,"Celebrate the season in this Purple Cotton lehenga choli, richly detailed with elegant crafted detailing for a graceful, festive look. The graceful silhouette drapes beautifully and keeps you comfortable through long celebrations. Ideal for wedding receptions, sangeet nights, and festive pujas. Product Details: Fabric: Cotton with soft, breathable comfort. Work: Crafted finish with elegant detailing. Includes: Lehenga and choli with dupatta. Perfect For: Wedding receptions, sangeet nights, and festive pujas. Styling Tip: Style with statement jhumkas, bangles, and heels to complete the festive look. Note: Refer to the size chart for fit. Minor alterations are complimentary within 7 days of delivery; custom measurement tailoring is available on request. Slight colour variation may occur due to screen settings.",in stock,new,63.99 USD,https://luxemia.shop/product/pure-cotton-purple-festival-wear-ribbon-work-readymade-navratri-lehenga-choli-with-koti-404494,https://cdn.shopify.com/s/files/1/0746/4707/7035/files/pure-cotton-purple-festival-wear-ribbon-work-readymade-navratri-lehenga-choli-with-koti-404494-1.jpg?v=1789675930,LuxeMia
pure-cotton-black-festival-wear-ribbon-work-readymade-navratri-lehenga-choli-with-koti-404493,Black Pure Cotton Ribbon Work Lehenga Choli with Geometric Border,"Celebrate the season in this Black Cotton lehenga choli, richly detailed with elegant crafted detailing for a graceful, festive look. The graceful silhouette drapes beautifully and keeps you comfortable through long celebrations. Ideal for wedding receptions, sangeet nights, and festive pujas. Product Details: Fabric: Cotton with soft, breathable comfort. Work: Crafted finish with elegant detailing. Includes: Lehenga and choli with dupatta. Perfect For: Wedding receptions, sangeet nights, and festive pujas. Styling Tip: Style with statement jhumkas, bangles, and heels to complete the festive look. Note: Refer to the size chart for fit. Minor alterations are complimentary within 7 days of delivery; custom measurement tailoring is available on request. Slight colour variation may occur due to screen settings.",in stock,new,63.99 USD,https://luxemia.shop/product/pure-cotton-black-festival-wear-ribbon-work-readymade-navratri-lehenga-choli-with-koti-404493,https://cdn.shopify.com/s/files/1/0746/4707/7035/files/pure-cotton-black-festival-wear-ribbon-work-readymade-navratri-lehenga-choli-with-koti-404493-1.jpg?v=1789675932,LuxeMia
banarasi-silk-lilac-occasional-wear-embroidery-work-lehenga-choli-404487,Lilac Embroidered Banarasi Lehenga Choli with Dupatta,"Celebrate the season in this Lilac Banarasi Silk lehenga choli, richly detailed with embroidery for a graceful, festive look. The graceful silhouette drapes beautifully and keeps you comfortable through long celebrations. Ideal for wedding receptions, sangeet nights, and festive pujas. Product Details: Fabric: Banarasi Silk with a smooth, lustrous drape. Work: Embroidery. Includes: Lehenga and choli with dupatta. Perfect For: Wedding receptions, sangeet nights, and festive pujas. Styling Tip: Style with statement jhumkas, bangles, and heels to complete the festive look. Note: Refer to the size chart for fit. Custom measurement tailoring is available on request. Slight colour variation may occur due to screen settings.",in stock,new,177.99 USD,https://luxemia.shop/product/banarasi-silk-lilac-occasional-wear-embroidery-work-lehenga-choli-404487,https://cdn.shopify.com/s/files/1/0746/4707/7035/files/Lilac-Banarasi-Silk-Occasional-Wear-Embroidery-Work-Lehenga-Choli-Vrindavan-006_1_eb7d1318-8c15-4447-811b-2dcce32f6336.jpg?v=1789787069,LuxeMia
banarasi-silk-olive-green-occasional-wear-embroidery-work-lehenga-choli-404486,Olive Green Embroidered Banarasi Lehenga Choli with Dupatta,"Celebrate the season in this Olive Green Banarasi Silk lehenga choli, richly detailed with embroidery for a graceful, festive look. The graceful silhouette drapes beautifully and keeps you comfortable through long celebrations. Ideal for wedding receptions, sangeet nights, and festive pujas. Product Details: Fabric: Banarasi Silk with a smooth, lustrous drape. Work: Embroidery. Includes: Lehenga and choli with dupatta. Perfect For: Wedding receptions, sangeet nights, and festive pujas. Styling Tip: Style with statement jhumkas, bangles, and heels to complete the festive look. Note: Refer to the size chart for fit. Custom measurement tailoring is available on request. Slight colour variation may occur due to screen settings.",in stock,new,177.99 USD,https://luxemia.shop/product/banarasi-silk-olive-green-occasional-wear-embroidery-work-lehenga-choli-404486,https://cdn.shopify.com/s/files/1/0746/4707/7035/files/Olive-Green-Banarasi-Silk-Occasional-Wear-Embroidery-Work-Lehenga-Choli-Vrindavan-005_1_9ec5c405-ba41-4143-9864-4392f143c5ed.jpg?v=1789787070,LuxeMia
banarasi-silk-purple-occasional-wear-embroidery-work-lehenga-choli-404485,Purple Embroidered Lehenga Choli with Dupatta - Banarasi Silk,"Celebrate the season in this Purple Banarasi Silk lehenga choli, richly detailed with embroidery for a graceful, festive look. The graceful silhouette drapes beautifully and keeps you comfortable through long celebrations. Ideal for wedding receptions, sangeet nights, and festive pujas. Product Details: Fabric: Banarasi Silk with a smooth, lustrous drape. Work: Embroidery. Includes: Lehenga and choli with dupatta. Perfect For: Wedding receptions, sangeet nights, and festive pujas. Styling Tip: Style with statement jhumkas, bangles, and heels to complete the festive look. Note: Refer to the size chart for fit. Custom measurement tailoring is available on request. Slight colour variation may occur due to screen settings.",in stock,new,177.99 USD,https://luxemia.shop/product/banarasi-silk-purple-occasional-wear-embroidery-work-lehenga-choli-404485,https://cdn.shopify.com/s/files/1/0746/4707/7035/files/Purple-Banarasi-Silk-Occasional-Wear-Embroidery-Work-Lehenga-Choli-Vrindavan-004_1.jpg?v=1789787072,LuxeMia
banarasi-silk-rani-pink-occasional-wear-embroidery-work-lehenga-choli-404484,Rani Pink Embroidered Lehenga Choli with Dupatta - Banarasi Silk,"Celebrate the season in this Rani Pink Banarasi Silk lehenga choli, richly detailed with embroidery for a graceful, festive look. The graceful silhouette drapes beautifully and keeps you comfortable through long celebrations. Ideal for wedding receptions, sangeet nights, and festive pujas. Product Details: Fabric: Banarasi Silk with a smooth, lustrous drape. Work: Embroidery. Includes: Lehenga and choli with dupatta. Perfect For: Wedding receptions, sangeet nights, and festive pujas. Styling Tip: Style with statement jhumkas, bangles, and heels to complete the festive look. Note: Refer to the size chart for fit. Custom measurement tailoring is available on request. Slight colour variation may occur due to screen settings.",in stock,new,177.99 USD,https://luxemia.shop/product/banarasi-silk-rani-pink-occasional-wear-embroidery-work-lehenga-choli-404484,https://cdn.shopify.com/s/files/1/0746/4707/7035/files/Rani-Pink-Banarasi-Silk-Occasional-Wear-Embroidery-Work-Lehenga-Choli-Vrindavan-003_1_e7433ad5-9228-497a-99ac-81326beeec21.jpg?v=1789787073,LuxeMia
banarasi-silk-cream-occasional-wear-embroidery-work-lehenga-choli-404483,Cream Embroidered Lehenga Choli with Dupatta - Banarasi Silk,"Celebrate the season in this Cream Banarasi Silk lehenga choli, richly detailed with embroidery for a graceful, festive look. The graceful silhouette drapes beautifully and keeps you comfortable through long celebrations. Ideal for wedding receptions, sangeet nights, and festive pujas. Product Details: Fabric: Banarasi Silk with a smooth, lustrous drape. Work: Embroidery. Includes: Lehenga and choli with dupatta. Perfect For: Wedding receptions, sangeet nights, and festive pujas. Styling Tip: Style with statement jhumkas, bangles, and heels to complete the festive look. Note: Refer to the size chart for fit. Custom measurement tailoring is available on request. Slight colour variation may occur due to screen settings.",in stock,new,177.99 USD,https://luxemia.shop/product/banarasi-silk-cream-occasional-wear-embroidery-work-lehenga-choli-404483,https://cdn.shopify.com/s/files/1/0746/4707/7035/files/Cream-Banarasi-Silk-Occasional-Wear-Embroidery-Work-Lehenga-Choli-Vrindavan-002_1.jpg?v=1789787074,LuxeMia
banarasi-silk-peach-occasional-wear-embroidery-work-lehenga-choli-404482,Peach Embroidered Banarasi Lehenga Choli with Dupatta,"Celebrate the season in this Peach Banarasi Silk lehenga choli, richly detailed with embroidery for a graceful, festive look. The graceful silhouette drapes beautifully and keeps you comfortable through long celebrations. Ideal for wedding receptions, sangeet nights, and festive pujas. Product Details: Fabric: Banarasi Silk with a smooth, lustrous drape. Work: Embroidery. Includes: Lehenga and choli with dupatta. Perfect For: Wedding receptions, sangeet nights, and festive pujas. Styling Tip: Style with statement jhumkas, bangles, and heels to complete the festive look. Note: Refer to the size chart for fit. Custom measurement tailoring is available on request. Slight colour variation may occur due to screen settings.",in stock,new,177.99 USD,https://luxemia.shop/product/banarasi-silk-peach-occasional-wear-embroidery-work-lehenga-choli-404482,https://cdn.shopify.com/s/files/1/0746/4707/7035/files/Peach-Banarasi-Silk-Occasional-Wear-Embroidery-Work-Lehenga-Choli-Vrindavan-001_1.jpg?v=1789787075,LuxeMia
fendi-silk-olive-green-festival-wear-embroidery-work-readymade-lehenga-choli-404449,Olive Green Fendi Silk Mirror Work Lehenga Choli with Border,"Celebrate the season in this Olive Green Silk lehenga choli, richly detailed with mirror work and embroidery for a graceful, festive look. The graceful silhouette drapes beautifully and keeps you comfortable through long celebrations. Ideal for wedding receptions, sangeet nights, and festive pujas. Product Details: Fabric: Silk with a smooth, lustrous drape. Work: Mirror work, finished with embroidery. Includes: Lehenga and choli with dupatta. Perfect For: Wedding receptions, sangeet nights, and festive pujas. Styling Tip: Style with statement jhumkas, bangles, and heels to complete the festive look. Note: Refer to the size chart for fit. Minor alterations are complimentary within 7 days of delivery; custom measurement tailoring is available on request. Slight colour variation may occur due to screen settings.",in stock,new,52.99 USD,https://luxemia.shop/product/fendi-silk-olive-green-festival-wear-embroidery-work-readymade-lehenga-choli-404449,https://cdn.shopify.com/s/files/1/0746/4707/7035/files/fendi-silk-olive-green-festival-wear-embroidery-work-readymade-lehenga-choli-404449-1.jpg?v=1789675944,LuxeMia
cotton-multicolor-festival-wear-mirror-work-navratri-lehenga-choli-404441,Multi-color Cotton Mirror Lehenga Choli - Maroon Border,"Celebrate the season in this Maroon Cotton lehenga choli, richly detailed with mirror work for a graceful, festive look. The graceful silhouette drapes beautifully and keeps you comfortable through long celebrations. Ideal for wedding receptions, sangeet nights, and festive pujas. Product Details: Fabric: Cotton with soft, breathable comfort. Work: Mirror work. Includes: Lehenga and choli with dupatta. Perfect For: Wedding receptions, sangeet nights, and festive pujas. Styling Tip: Style with statement jhumkas, bangles, and heels to complete the festive look. Note: Refer to the size chart for fit. Custom measurement tailoring is available on request. Slight colour variation may occur due to screen settings.",in stock,new,53.99 USD,https://luxemia.shop/product/cotton-multicolor-festival-wear-mirror-work-navratri-lehenga-choli-404441,https://cdn.shopify.com/s/files/1/0746/4707/7035/files/cotton-multicolor-festival-wear-mirror-work-navratri-lehenga-choli-404441-1.jpg?v=1789675946,LuxeMia
cotton-multicolor-festival-wear-digital-print-work-navratri-lehenga-choli-404440,Multi-color Cotton Bandhani Print Lehenga Choli with Dupatta,"Celebrate the season in this Multi Cotton lehenga choli, richly detailed with digital print and Bandhani print for a graceful, festive look. The graceful silhouette drapes beautifully and keeps you comfortable through long celebrations. Ideal for wedding receptions, sangeet nights, and festive pujas. Product Details: Fabric: Cotton with soft, breathable comfort. Work: Digital print, finished with Bandhani print. Includes: Lehenga and choli with dupatta. Perfect For: Wedding receptions, sangeet nights, and festive pujas. Styling Tip: Style with statement jhumkas, bangles, and heels to complete the festive look. Note: Refer to the size chart for fit. Custom measurement tailoring is available on request. Slight colour variation may occur due to screen settings.",in stock,new,54.99 USD,https://luxemia.shop/product/cotton-multicolor-festival-wear-digital-print-work-navratri-lehenga-choli-404440,https://cdn.shopify.com/s/files/1/0746/4707/7035/files/cotton-multicolor-festival-wear-digital-print-work-navratri-lehenga-choli-404440-1.jpg?v=1789675948,LuxeMia
cotton-multicolor-festival-wear-mirror-work-navratri-lehenga-choli-404439,Multi-color Cotton Mirror Lehenga Choli - Pink Border,"Celebrate the season in this Pink Cotton lehenga choli, richly detailed with mirror work for a graceful, festive look. The graceful silhouette drapes beautifully and keeps you comfortable through long celebrations. Ideal for wedding receptions, sangeet nights, and festive pujas. Product Details: Fabric: Cotton with soft, breathable comfort. Work: Mirror work. Includes: Lehenga and choli with dupatta. Perfect For: Wedding receptions, sangeet nights, and festive pujas. Styling Tip: Style with statement jhumkas, bangles, and heels to complete the festive look. Note: Refer to the size chart for fit. Custom measurement tailoring is available on request. Slight colour variation may occur due to screen settings.",in stock,new,49.99 USD,https://luxemia.shop/product/cotton-multicolor-festival-wear-mirror-work-navratri-lehenga-choli-404439,https://cdn.shopify.com/s/files/1/0746/4707/7035/files/cotton-multicolor-festival-wear-mirror-work-navratri-lehenga-choli-404439-1.jpg?v=1789675950,LuxeMia
silk-multicolor-casual-wear-printed-work-lehenga-choli-404438,Multi-color Silk Floral Paisley Embroidery Lehenga Choli with Dupatta,"Celebrate the season in this Multi Silk lehenga choli, richly detailed with embroidery and print detailing for a graceful, festive look. The graceful silhouette drapes beautifully and keeps you comfortable through long celebrations. Ideal for wedding receptions, sangeet nights, and festive pujas. Product Details: Fabric: Silk with a smooth, lustrous drape. Work: Embroidery, finished with print detailing. Includes: Lehenga and choli with dupatta. Perfect For: Wedding receptions, sangeet nights, and festive pujas. Styling Tip: Style with statement jhumkas, bangles, and heels to complete the festive look. Note: Refer to the size chart for fit. Custom measurement tailoring is available on request. Slight colour variation may occur due to screen settings.",in stock,new,59.99 USD,https://luxemia.shop/product/silk-multicolor-casual-wear-printed-work-lehenga-choli-404438,https://cdn.shopify.com/s/files/1/0746/4707/7035/files/silk-multicolor-casual-wear-printed-work-lehenga-choli-404438-1.jpg?v=1789675952,LuxeMia
chinon-silk-off-white-casual-wear-sequins-work-readymade-lehenga-suit-404433,Off-White Chinon Silk Lehenga Choli with Koti,"Celebrate the season in this White Chinon Silk lehenga choli, richly detailed with sequin work for a graceful, festive look. The graceful silhouette drapes beautifully and keeps you comfortable through long celebrations. Ideal for wedding receptions, sangeet nights, and festive pujas. Product Details: Fabric: Chinon Silk with a soft, flowy drape. Work: Sequin work. Includes: Lehenga and choli with dupatta. Perfect For: Wedding receptions, sangeet nights, and festive pujas. Styling Tip: Style with statement jhumkas, bangles, and heels to complete the festive look. Note: Refer to the size chart for fit. Minor alterations are complimentary within 7 days of delivery; custom measurement tailoring is available on request. Slight colour variation may occur due to screen settings.",in stock,new,49.99 USD,https://luxemia.shop/product/chinon-silk-off-white-casual-wear-sequins-work-readymade-lehenga-suit-404433,https://cdn.shopify.com/s/files/1/0746/4707/7035/files/chinon-silk-off-white-casual-wear-sequins-work-readymade-lehenga-suit-404433-1.jpg?v=1789675954,LuxeMia
chinon-silk-blue-casual-wear-sequins-work-readymade-lehenga-suit-404432,Blue Chinon Silk Sequin Lehenga Choli with Contrast Dupatta,"Celebrate the season in this Blue Chinon Silk lehenga choli, richly detailed with sequin work for a graceful, festive look. The graceful silhouette drapes beautifully and keeps you comfortable through long celebrations. Ideal for wedding receptions, sangeet nights, and festive pujas. Product Details: Fabric: Chinon Silk with a soft, flowy drape. Work: Sequin work. Includes: Lehenga and choli with dupatta. Perfect For: Wedding receptions, sangeet nights, and festive pujas. Styling Tip: Style with statement jhumkas, bangles, and heels to complete the festive look. Note: Refer to the size chart for fit. Minor alterations are complimentary within 7 days of delivery; custom measurement tailoring is available on request. Slight colour variation may occur due to screen settings.",in stock,new,49.99 USD,https://luxemia.shop/product/chinon-silk-blue-casual-wear-sequins-work-readymade-lehenga-suit-404432,https://cdn.shopify.com/s/files/1/0746/4707/7035/files/chinon-silk-blue-casual-wear-sequins-work-readymade-lehenga-suit-404432-1.jpg?v=1789675955,LuxeMia
net-maroon-festival-wear-embroidery-work-lehenga-choli-404370,Maroon Net Floral Embroidered Lehenga Choli with Mirror Work,"Celebrate the season in this Maroon Net lehenga choli, richly detailed with mirror work and embroidery for a graceful, festive look. The graceful silhouette drapes beautifully and keeps you comfortable through long celebrations. Ideal for wedding receptions, sangeet nights, and festive pujas. Product Details: Fabric: Net with a light, sheer layered feel. Work: Mirror work, finished with embroidery. Includes: Lehenga and choli with dupatta. Perfect For: Wedding receptions, sangeet nights, and festive pujas. Styling Tip: Style with statement jhumkas, bangles, and heels to complete the festive look. Note: Refer to the size chart for fit. Custom measurement tailoring is available on request. Slight colour variation may occur due to screen settings.",in stock,new,84.99 USD,https://luxemia.shop/product/net-maroon-festival-wear-embroidery-work-lehenga-choli-404370,https://cdn.shopify.com/s/files/1/0746/4707/7035/files/net-maroon-festival-wear-embroidery-work-lehenga-choli-404370-1.jpg?v=1789675957,LuxeMia
cotton-blue-occasional-wear-mirror-work-navratri-lehenga-choli-404369,Blue Cotton Mirror Work Lehenga Choli with Tassel Fringe,"Celebrate the season in this Blue Cotton lehenga choli, richly detailed with mirror work for a graceful, festive look. The graceful silhouette drapes beautifully and keeps you comfortable through long celebrations. Ideal for wedding receptions, sangeet nights, and festive pujas. Product Details: Fabric: Cotton with soft, breathable comfort. Work: Mirror work. Includes: Lehenga and choli with dupatta. Perfect For: Wedding receptions, sangeet nights, and festive pujas. Styling Tip: Style with statement jhumkas, bangles, and heels to complete the festive look. Note: Refer to the size chart for fit. Custom measurement tailoring is available on request. Slight colour variation may occur due to screen settings.",in stock,new,52.99 USD,https://luxemia.shop/product/cotton-blue-occasional-wear-mirror-work-navratri-lehenga-choli-404369,https://cdn.shopify.com/s/files/1/0746/4707/7035/files/cotton-blue-occasional-wear-mirror-work-navratri-lehenga-choli-404369-1.jpg?v=1789675959,LuxeMia
cotton-multicolor-festival-wear-digital-print-work-navratri-lehenga-choli-404367,Multi-color Cotton Vertical Stripe Lehenga Choli with Dupatta,"Celebrate the season in this Multi Cotton lehenga choli, richly detailed with digital print and print detailing for a graceful, festive look. The graceful silhouette drapes beautifully and keeps you comfortable through long celebrations. Ideal for wedding receptions, sangeet nights, and festive pujas. Product Details: Fabric: Cotton with soft, breathable comfort. Work: Digital print, finished with print detailing. Includes: Lehenga and choli with dupatta. Perfect For: Wedding receptions, sangeet nights, and festive pujas. Styling Tip: Style with statement jhumkas, bangles, and heels to complete the festive look. Note: Refer to the size chart for fit. Custom measurement tailoring is available on request. Slight colour variation may occur due to screen settings.",in stock,new,52.99 USD,https://luxemia.shop/product/cotton-multicolor-festival-wear-digital-print-work-navratri-lehenga-choli-404367,https://cdn.shopify.com/s/files/1/0746/4707/7035/files/cotton-multicolor-festival-wear-digital-print-work-navratri-lehenga-choli-404367-1.jpg?v=1789675961,LuxeMia
silk-red-occasional-wear-embroidery-work-readymade-lehenga-choli-404608,Red Embroidered Silk Lehenga Choli with Dupatta (Style 404608),"Classic red, tailored and event-ready. This silk lehenga choli carries all-over embroidery on a smooth, lustrous drape — the shade every wedding photograph wants, in a readymade fit sized to your measurements. Product Details: Fabric: Silk with a smooth, lustrous drape. Work: Embroidery. Includes: Lehenga, choli and dupatta. Perfect For: Wedding receptions, sangeet nights and festive pujas. Styling Tip: Gold jhumkas and red bangles — the classic pairing done right. Note: Refer to the size chart for fit. Minor alterations are complimentary within 7 days of delivery; custom measurement tailoring is available on request. Slight colour variation may occur due to screen settings.",in stock,new,356.99 USD,https://luxemia.shop/product/silk-red-occasional-wear-embroidery-work-readymade-lehenga-choli-404608,https://cdn.shopify.com/s/files/1/0746/4707/7035/files/Red-Silk-Occasional-Wear-Embroidery-Work-Readymade-Lehenga-Choli-3074-Red_1_aa5491c9-8daa-44b8-a2c6-93ae2a0a0f73.jpg?v=1789787922,LuxeMia
silk-red-festival-wear-beads-work-lehenga-choli-403872,Red Silk Lehenga Choli with Dupatta,"Red silk with bead work that glitters under every fixture. A festive lehenga choli with a polished finish — celebration-ready from the first sangeet to the last farewell. Product Details: Fabric: Silk with a smooth, lustrous drape. Work: Bead work. Includes: Lehenga, choli and dupatta. Perfect For: Wedding receptions, sangeet nights and festive pujas. Styling Tip: A red bindi and gold hoops — simple, striking, done. Note: Refer to the size chart for fit. Custom measurement tailoring is available on request. Slight colour variation may occur due to screen settings.",in stock,new,314.99 USD,https://luxemia.shop/product/silk-red-festival-wear-beads-work-lehenga-choli-403872,https://cdn.shopify.com/s/files/1/0746/4707/7035/files/Red-Silk-Festival-Wear-Beads-Work-Lehenga-Choli-Anj-3077-A_1.jpg?v=1789787030,LuxeMia
silk-red-festival-wear-beads-work-lehenga-choli-403870,Red Lehenga Choli with Dupatta,"Beadwork that catches every light in the room. This red silk lehenga choli is detailed with fine bead work across a smooth, lustrous drape — festive energy with a polished finish. Product Details: Fabric: Silk with a smooth, lustrous drape. Work: Bead work. Includes: Lehenga, choli and dupatta. Perfect For: Wedding receptions, sangeet nights and festive pujas. Styling Tip: Keep jewellery minimal — the beadwork is the statement. Note: Refer to the size chart for fit. Custom measurement tailoring is available on request. Slight colour variation may occur due to screen settings.",in stock,new,354.99 USD,https://luxemia.shop/product/silk-red-festival-wear-beads-work-lehenga-choli-403870,https://cdn.shopify.com/s/files/1/0746/4707/7035/files/Red-Silk-Festival-Wear-Beads-Work-Lehenga-Choli-Anj-3075-A_1.jpg?v=1789787031,LuxeMia
silk-maroon-wedding-wear-thread-work-lehenga-choli-403443,Maroon Thread Work Silk Lehenga Choli with Dupatta (Style 403443),"Maroon silk with fine thread work — wedding-wear depth for the celebrations that matter most. Rich, traditional and easy to carry through every event on the calendar. Product Details: Fabric: Silk with a smooth, lustrous drape. Work: Thread embroidery. Includes: Lehenga, choli and dupatta. Perfect For: Wedding receptions, sangeet nights and festive pujas. Styling Tip: Gold choker and matching bangles for the classic maroon look. Note: Refer to the size chart for fit. Custom measurement tailoring is available on request. Slight colour variation may occur due to screen settings.",in stock,new,314.99 USD,https://luxemia.shop/product/silk-maroon-wedding-wear-thread-work-lehenga-choli-403443,https://cdn.shopify.com/s/files/1/0746/4707/7035/files/Maroon-Silk-Wedding-Wear-Thread-Work-Lehenga-Choli-Anjani-Art-3082_1.jpg?v=1789787033,LuxeMia
banarasi-silk-multi-color-wedding-wear-embroidery-work-lehenga-choli-403051,Multi-color Embroidered Lehenga Choli with Dupatta - Banarasi Silk,"Celebrate the season in this Multi Banarasi Silk lehenga choli, richly detailed with embroidery for a graceful, festive look. The graceful silhouette drapes beautifully and keeps you comfortable through long celebrations. Ideal for wedding receptions, sangeet nights, and festive pujas. Product Details: Fabric: Banarasi Silk with a smooth, lustrous drape. Work: Embroidery. Includes: Lehenga and choli with dupatta. Perfect For: Wedding receptions, sangeet nights, and festive pujas. Styling Tip: Style with statement jhumkas, bangles, and heels to complete the festive look. Note: Refer to the size chart for fit. Custom measurement tailoring is available on request. Slight colour variation may occur due to screen settings.",in stock,new,162.99 USD,https://luxemia.shop/product/banarasi-silk-multi-color-wedding-wear-embroidery-work-lehenga-choli-403051,https://cdn.shopify.com/s/files/1/0746/4707/7035/files/Multi-Color-Banarasi-Silk-Wedding-Wear-Embroidery-Work-Lehenga-Choli-Vrindavan-Vol-73-10385_1_b6381ba7-51db-4985-97d5-f24c745685b7.jpg?v=1789787034,LuxeMia
banarasi-silk-multi-color-wedding-wear-embroidery-work-lehenga-choli-403050,Multi-color Embroidered Lehenga Choli,"Celebrate the season in this Multi Banarasi Silk lehenga choli, richly detailed with embroidery for a graceful, festive look. The graceful silhouette drapes beautifully and keeps you comfortable through long celebrations. Ideal for wedding receptions, sangeet nights, and festive pujas. Product Details: Fabric: Banarasi Silk with a smooth, lustrous drape. Work: Embroidery. Includes: Lehenga and choli with dupatta. Perfect For: Wedding receptions, sangeet nights, and festive pujas. Styling Tip: Style with statement jhumkas, bangles, and heels to complete the festive look. Note: Refer to the size chart for fit. Custom measurement tailoring is available on request. Slight colour variation may occur due to screen settings.",in stock,new,162.99 USD,https://luxemia.shop/product/banarasi-silk-multi-color-wedding-wear-embroidery-work-lehenga-choli-403050,https://cdn.shopify.com/s/files/1/0746/4707/7035/files/Multi-Color-Banarasi-Silk-Wedding-Wear-Embroidery-Work-Lehenga-Choli-Vrindavan-Vol-73-10384_1.jpg?v=1789787923,LuxeMia
banarasi-silk-multi-color-wedding-wear-embroidery-work-lehenga-choli-403049,Multi-color Embroidered Banarasi Lehenga Choli with Dupatta (Style 403049),"Celebrate the season in this Multi Banarasi Silk lehenga choli, richly detailed with embroidery for a graceful, festive look. The graceful silhouette drapes beautifully and keeps you comfortable through long celebrations. Ideal for wedding receptions, sangeet nights, and festive pujas. Product Details: Fabric: Banarasi Silk with a smooth, lustrous drape. Work: Embroidery. Includes: Lehenga and choli with dupatta. Perfect For: Wedding receptions, sangeet nights, and festive pujas. Styling Tip: Style with statement jhumkas, bangles, and heels to complete the festive look. Note: Refer to the size chart for fit. Custom measurement tailoring is available on request. Slight colour variation may occur due to screen settings.",in stock,new,162.99 USD,https://luxemia.shop/product/banarasi-silk-multi-color-wedding-wear-embroidery-work-lehenga-choli-403049,https://cdn.shopify.com/s/files/1/0746/4707/7035/files/Multi-Color-Banarasi-Silk-Wedding-Wear-Embroidery-Work-Lehenga-Choli-Vrindavan-Vol-73-10383_1.jpg?v=1789787036,LuxeMia
banarasi-silk-multi-color-wedding-wear-embroidery-work-lehenga-choli-403048,Multi-color Embroidered Banarasi Lehenga Choli with Dupatta (Style 403048),"Celebrate the season in this Multi Banarasi Silk lehenga choli, richly detailed with embroidery for a graceful, festive look. The graceful silhouette drapes beautifully and keeps you comfortable through long celebrations. Ideal for wedding receptions, sangeet nights, and festive pujas. Product Details: Fabric: Banarasi Silk with a smooth, lustrous drape. Work: Embroidery. Includes: Lehenga and choli with dupatta. Perfect For: Wedding receptions, sangeet nights, and festive pujas. Styling Tip: Style with statement jhumkas, bangles, and heels to complete the festive look. Note: Refer to the size chart for fit. Custom measurement tailoring is available on request. Slight colour variation may occur due to screen settings.",in stock,new,162.99 USD,https://luxemia.shop/product/banarasi-silk-multi-color-wedding-wear-embroidery-work-lehenga-choli-403048,https://cdn.shopify.com/s/files/1/0746/4707/7035/files/Multi-Color-Banarasi-Silk-Wedding-Wear-Embroidery-Work-Lehenga-Choli-Vrindavan-Vol-73-10382_1_41ad1d44-b335-4db8-beb1-b703493e3786.jpg?v=1789787924,LuxeMia
banarasi-silk-multi-color-wedding-wear-embroidery-work-lehenga-choli-403047,Multi-color Embroidered Banarasi Lehenga Choli with Dupatta (Style 403047),"Celebrate the season in this Multi Banarasi Silk lehenga choli, richly detailed with embroidery for a graceful, festive look. The graceful silhouette drapes beautifully and keeps you comfortable through long celebrations. Ideal for wedding receptions, sangeet nights, and festive pujas. Product Details: Fabric: Banarasi Silk with a smooth, lustrous drape. Work: Embroidery. Includes: Lehenga and choli with dupatta. Perfect For: Wedding receptions, sangeet nights, and festive pujas. Styling Tip: Style with statement jhumkas, bangles, and heels to complete the festive look. Note: Refer to the size chart for fit. Custom measurement tailoring is available on request. Slight colour variation may occur due to screen settings.",in stock,new,162.99 USD,https://luxemia.shop/product/banarasi-silk-multi-color-wedding-wear-embroidery-work-lehenga-choli-403047,https://cdn.shopify.com/s/files/1/0746/4707/7035/files/Multi-Color-Banarasi-Silk-Wedding-Wear-Embroidery-Work-Lehenga-Choli-Vrindavan-Vol-73-10381_1.jpg?v=1789787039,LuxeMia
banarasi-silk-multi-color-wedding-wear-embroidery-work-lehenga-choli-403046,Multi-color Embroidered Banarasi Lehenga Choli with Dupatta,"Celebrate the season in this Multi Banarasi Silk lehenga choli, richly detailed with embroidery for a graceful, festive look. The graceful silhouette drapes beautifully and keeps you comfortable through long celebrations. Ideal for wedding receptions, sangeet nights, and festive pujas. Product Details: Fabric: Banarasi Silk with a smooth, lustrous drape. Work: Embroidery. Includes: Lehenga and choli with dupatta. Perfect For: Wedding receptions, sangeet nights, and festive pujas. Styling Tip: Style with statement jhumkas, bangles, and heels to complete the festive look. Note: Refer to the size chart for fit. Custom measurement tailoring is available on request. Slight colour variation may occur due to screen settings.",in stock,new,162.99 USD,https://luxemia.shop/product/banarasi-silk-multi-color-wedding-wear-embroidery-work-lehenga-choli-403046,https://cdn.shopify.com/s/files/1/0746/4707/7035/files/Multi-Color-Banarasi-Silk-Wedding-Wear-Embroidery-Work-Lehenga-Choli-Vrindavan-Vol-73-10380_1.jpg?v=1789787040,LuxeMia
satin-red-wedding-wear-sequins-work-lehenga-choli-403002,Red Sequin Lehenga Choli with Dupatta,"Celebrate the season in this Satin Silk lehenga choli, richly detailed with sequin work for a graceful, festive look. The graceful silhouette drapes beautifully and keeps you comfortable through long celebrations. Ideal for wedding receptions, sangeet nights, and festive pujas. Product Details: Fabric: Satin Silk with a smooth, lustrous drape. Work: Sequin work. Includes: Lehenga and choli with dupatta. Perfect For: Wedding receptions, sangeet nights, and festive pujas. Styling Tip: Style with statement jhumkas, bangles, and heels to complete the festive look. Note: Refer to the size chart for fit. Custom measurement tailoring is available on request. Slight colour variation may occur due to screen settings.",in stock,new,97.99 USD,https://luxemia.shop/product/satin-red-wedding-wear-sequins-work-lehenga-choli-403002,https://cdn.shopify.com/s/files/1/0746/4707/7035/files/Red-Satin-Wedding-Wear-Sequins-Work--Lehenga-Choli-HC-1145_1.jpg?v=1789787926,LuxeMia
georgette-maroon-wedding-wear-embroidery-work-lehenga-choli-402988,Maroon Embroidered Georgette Lehenga Choli with Dupatta,"Celebrate the season in this Maroon Georgette lehenga choli, richly detailed with embroidery for a graceful, festive look. The graceful silhouette drapes beautifully and keeps you comfortable through long celebrations. Ideal for wedding receptions, sangeet nights, and festive pujas. Product Details: Fabric: Georgette with a soft, flowy drape. Work: Embroidery. Includes: Lehenga and choli with dupatta. Perfect For: Wedding receptions, sangeet nights, and festive pujas. Styling Tip: Style with statement jhumkas, bangles, and heels to complete the festive look. Note: Refer to the size chart for fit. Custom measurement tailoring is available on request. Slight colour variation may occur due to screen settings.",in stock,new,83.99 USD,https://luxemia.shop/product/georgette-maroon-wedding-wear-embroidery-work-lehenga-choli-402988,https://cdn.shopify.com/s/files/1/0746/4707/7035/files/Maroon-Georgette-Wedding-Wear-Embroidery-Work-Lehenga-Choli-BD-1869_1_a838eee5-20c1-47c3-b9a8-c60226f63daa.jpg?v=1789787927,LuxeMia
silk-multicolor-festival-wear-mirror-work-lehenga-choli-401021,Multi-color Mirror Work Silk Lehenga Choli with Dupatta (Style 401021),"Mirror work made for the dance floor. This multi-color silk lehenga choli throws light with every step — a sangeet-night statement in silk, sized your way. Product Details: Fabric: Silk with a smooth, lustrous drape. Work: Mirror work. Includes: Lehenga, choli and dupatta. Perfect For: Wedding receptions, sangeet nights and festive pujas. Styling Tip: Simple bangles and a messy bun — the mirrors carry the look. Note: Refer to the size chart for fit. Custom measurement tailoring is available on request. Slight colour variation may occur due to screen settings.",in stock,new,354.99 USD,https://luxemia.shop/product/silk-multicolor-festival-wear-mirror-work-lehenga-choli-401021,https://cdn.shopify.com/s/files/1/0746/4707/7035/files/Multicolor-Silk-Festival-Wear-Mirror-Work-Lehenga-Choli-3068-B_1_0e1dfd2a-c357-4ebb-b435-3e57a581187d.jpg?v=1789787928,LuxeMia
silk-multicolor-festival-wear-mirror-work-lehenga-choli-401020,Multi-color Mirror Work Silk Lehenga Choli with Dupatta,"A mirror-work lehenga that lights up every sangeet photo. Multi-color silk, hand-catching mirror detailing and a drape that moves with the music — celebration wear, exactly as it should feel. Product Details: Fabric: Silk with a smooth, lustrous drape. Work: Mirror work. Includes: Lehenga, choli and dupatta. Perfect For: Wedding receptions, sangeet nights and festive pujas. Styling Tip: Pair with oxidised silver for contrast, gold for tradition. Note: Refer to the size chart for fit. Custom measurement tailoring is available on request. Slight colour variation may occur due to screen settings.",in stock,new,354.99 USD,https://luxemia.shop/product/silk-multicolor-festival-wear-mirror-work-lehenga-choli-401020,https://cdn.shopify.com/s/files/1/0746/4707/7035/files/Multicolor-Silk-Festival-Wear-Mirror-Work-Lehenga-Choli-3068-A_1_1b3a230a-f627-4f9c-8e50-1bdd87eb5303.jpg?v=1789787930,LuxeMia
silk-multicolor-occasional-wear-embroidery-work-lehenga-choli-401019,Multi-color Embroidered Silk Lehenga Choli with Dupatta,"Every celebration has a multitasker — this is yours. Multi-color silk with all-over embroidery, an outfit that moves from pujas to receptions without missing a beat. Product Details: Fabric: Silk with a smooth, lustrous drape. Work: Embroidery. Includes: Lehenga, choli and dupatta. Perfect For: Wedding receptions, sangeet nights and festive pujas. Styling Tip: Mix gold and glass bangles for the festive-stack look. Note: Refer to the size chart for fit. Custom measurement tailoring is available on request. Slight colour variation may occur due to screen settings.",in stock,new,315.50 USD,https://luxemia.shop/product/silk-multicolor-occasional-wear-embroidery-work-lehenga-choli-401019,https://cdn.shopify.com/s/files/1/0746/4707/7035/files/Multicolor-Silk-Occasional-Wear-Embroidery-Work-Lehenga-Choli-3067--LG-CL_1_91c23687-9850-4825-8da2-bd7378ce108d.jpg?v=1789787931,LuxeMia
net-dusty-pink-festival-wear-embroidery-work-lehenga-choli-401018,Pink Embroidered Net Lehenga Choli with Dupatta,"Celebrate the season in this Pink Net lehenga choli, richly detailed with embroidery for a graceful, festive look. The graceful silhouette drapes beautifully and keeps you comfortable through long celebrations. Ideal for wedding receptions, sangeet nights, and festive pujas. Product Details: Fabric: Net with a light, sheer layered feel. Work: Embroidery. Includes: Lehenga and choli with dupatta. Perfect For: Wedding receptions, sangeet nights, and festive pujas. Styling Tip: Style with statement jhumkas, bangles, and heels to complete the festive look. Note: Refer to the size chart for fit. Custom measurement tailoring is available on request. Slight colour variation may occur due to screen settings.",in stock,new,177.99 USD,https://luxemia.shop/product/net-dusty-pink-festival-wear-embroidery-work-lehenga-choli-401018,https://cdn.shopify.com/s/files/1/0746/4707/7035/files/Dusty-Pink-Net-Festival-Wear-Embroidery-Work-Lehenga-Choli-3059-B_1_8ac5c984-2fed-4277-b2e7-47c48c3d7eac.jpg?v=1789787932,LuxeMia
net-black-occasional-wear-embroidery-work-lehenga-choli-401017,Black Embroidered Net Lehenga Choli with Dupatta,"Celebrate the season in this Black Net lehenga choli, richly detailed with embroidery for a graceful, festive look. The graceful silhouette drapes beautifully and keeps you comfortable through long celebrations. Ideal for wedding receptions, sangeet nights, and festive pujas. Product Details: Fabric: Net with a light, sheer layered feel. Work: Embroidery. Includes: Lehenga and choli with dupatta. Perfect For: Wedding receptions, sangeet nights, and festive pujas. Styling Tip: Style with statement jhumkas, bangles, and heels to complete the festive look. Note: Refer to the size chart for fit. Custom measurement tailoring is available on request. Slight colour variation may occur due to screen settings.",in stock,new,177.99 USD,https://luxemia.shop/product/net-black-occasional-wear-embroidery-work-lehenga-choli-401017,https://cdn.shopify.com/s/files/1/0746/4707/7035/files/Black-Net-Occasional-Wear-Embroidery-Work-Lehenga-Choli-3049-B_1_06bbb18e-16b9-42e5-850c-4ce8c5af8301.jpg?v=1789787934,LuxeMia
net-purple-occasional-wear-embroidery-work-lehenga-choli-401016,Purple Embroidered Net Lehenga Choli with Dupatta,"Celebrate the season in this Purple Net lehenga choli, richly detailed with embroidery for a graceful, festive look. The graceful silhouette drapes beautifully and keeps you comfortable through long celebrations. Ideal for wedding receptions, sangeet nights, and festive pujas. Product Details: Fabric: Net with a light, sheer layered feel. Work: Embroidery. Includes: Lehenga and choli with dupatta. Perfect For: Wedding receptions, sangeet nights, and festive pujas. Styling Tip: Style with statement jhumkas, bangles, and heels to complete the festive look. Note: Refer to the size chart for fit. Custom measurement tailoring is available on request. Slight colour variation may occur due to screen settings.",in stock,new,177.99 USD,https://luxemia.shop/product/net-purple-occasional-wear-embroidery-work-lehenga-choli-401016,https://cdn.shopify.com/s/files/1/0746/4707/7035/files/Purple-Net-Occasional-Wear-Embroidery-Work-Lehenga-Choli-3049-A_1_e349667f-998a-490a-a301-be5d52b99c25.jpg?v=1789787935,LuxeMia
silk-rani-pink-festival-wear-embroidery-work-lehenga-choli-401015,Rani Pink Embroidered Silk Lehenga Choli with Dupatta,"Celebrate the season in this Rani Pink Silk lehenga choli, richly detailed with embroidery for a graceful, festive look. The graceful silhouette drapes beautifully and keeps you comfortable through long celebrations. Ideal for wedding receptions, sangeet nights, and festive pujas. Product Details: Fabric: Silk with a smooth, lustrous drape. Work: Embroidery. Includes: Lehenga and choli with dupatta. Perfect For: Wedding receptions, sangeet nights, and festive pujas. Styling Tip: Style with statement jhumkas, bangles, and heels to complete the festive look. Note: Refer to the size chart for fit. Custom measurement tailoring is available on request. Slight colour variation may occur due to screen settings.",in stock,new,236.99 USD,https://luxemia.shop/product/silk-rani-pink-festival-wear-embroidery-work-lehenga-choli-401015,https://cdn.shopify.com/s/files/1/0746/4707/7035/files/Rani-Pink-Silk-Festival-Wear-Embroidery-Work-Lehenga-Choli-3042-B_1_4d0e99c7-21ca-439f-a66e-8df8918f87f6.jpg?v=1789787937,LuxeMia
silk-maroon-festival-wear-embroidery-work-lehenga-choli-401014,Maroon Embroidered Silk Lehenga Choli with Dupatta,"Celebrate the season in this Maroon Silk lehenga choli, richly detailed with embroidery for a graceful, festive look. The graceful silhouette drapes beautifully and keeps you comfortable through long celebrations. Ideal for wedding receptions, sangeet nights, and festive pujas. Product Details: Fabric: Silk with a smooth, lustrous drape. Work: Embroidery. Includes: Lehenga and choli with dupatta. Perfect For: Wedding receptions, sangeet nights, and festive pujas. Styling Tip: Style with statement jhumkas, bangles, and heels to complete the festive look. Note: Refer to the size chart for fit. Custom measurement tailoring is available on request. Slight colour variation may occur due to screen settings.",in stock,new,236.99 USD,https://luxemia.shop/product/silk-maroon-festival-wear-embroidery-work-lehenga-choli-401014,https://cdn.shopify.com/s/files/1/0746/4707/7035/files/Maroon-Silk-Festival-Wear-Embroidery-Work-Lehenga-Choli-3042-A_1_3321f1cf-7dd5-4ad9-a38b-c583e61dbaf1.jpg?v=1789787938,LuxeMia
net-beige-festival-wear-embroidery-work-readymade-lehenga-choli-400935,Beige Embroidered Net Lehenga Choli with Dupatta,"Understated beige, done the festive way. Delicate embroidery runs through this sheer net lehenga choli, giving you a reception look that photographs soft and wears light. Comes readymade — tailored, finished and ready for your event dates. Product Details: Fabric: Net with a light, sheer layered feel. Work: Embroidery. Includes: Lehenga, choli and dupatta. Perfect For: Wedding receptions, sangeet nights and festive pujas. Styling Tip: Gold jewellery and a soft updo keep this look timeless. Note: Refer to the size chart for fit. Minor alterations are complimentary within 7 days of delivery; custom measurement tailoring is available on request. Slight colour variation may occur due to screen settings.",in stock,new,532.99 USD,https://luxemia.shop/product/net-beige-festival-wear-embroidery-work-readymade-lehenga-choli-400935,https://cdn.shopify.com/s/files/1/0746/4707/7035/files/Beige-Net-Festival-Wear-Embroidery-Work-Readymade-Lehenga-Choli-3063-B_1_0aa7b1d4-9c2f-4198-a714-f5402abb1332.jpg?v=1789787939,LuxeMia
net-beige-festival-wear-embroidery-work-readymade-lehenga-choli-400934,Beige Embroidered Lehenga Choli with Dupatta - Net Festival,"Reception season calls for calm elegance, and this beige net lehenga choli answers. Embroidery over layered net catches light gently — refined, not loud — with a readymade fit that travels ready for your wedding dates. Product Details: Fabric: Net with a light, sheer layered feel. Work: Embroidery. Includes: Lehenga, choli and dupatta. Perfect For: Wedding receptions, sangeet nights and festive pujas. Styling Tip: Pearl drops and nude heels let the beige palette shine. Note: Refer to the size chart for fit. Minor alterations are complimentary within 7 days of delivery; custom measurement tailoring is available on request. Slight colour variation may occur due to screen settings.",in stock,new,532.99 USD,https://luxemia.shop/product/net-beige-festival-wear-embroidery-work-readymade-lehenga-choli-400934,https://cdn.shopify.com/s/files/1/0746/4707/7035/files/Beige-Net-Festival-Wear-Embroidery-Work-Readymade-Lehenga-Choli-3063-A_1_4c782d5d-f3c3-459b-946a-a5641baa4fd0.jpg?v=1789787940,LuxeMia
silk-rani-pink-occasional-wear-thread-work-lehenga-choli-400931,Rani Pink Thread Work Silk Lehenga Choli with Dupatta,"Rani pink with the delicacy of fine thread work — a silk lehenga choli that layers traditional thread embroidery over a lustrous drape. Festive, feminine and made for long celebrations. Product Details: Fabric: Silk with a smooth, lustrous drape. Work: Thread embroidery. Includes: Lehenga, choli and dupatta. Perfect For: Wedding receptions, sangeet nights and festive pujas. Styling Tip: Kundan earrings and soft waves — let the pink lead. Note: Refer to the size chart for fit. Custom measurement tailoring is available on request. Slight colour variation may occur due to screen settings.",in stock,new,315.50 USD,https://luxemia.shop/product/silk-rani-pink-occasional-wear-thread-work-lehenga-choli-400931,https://cdn.shopify.com/s/files/1/0746/4707/7035/files/Rani-Pink-Silk-Occasional-Wear-Thread-Work-Lehenga-Choli-3048-B_1.jpg?v=1789787059,LuxeMia
silk-maroon-occasional-wear-thread-work-lehenga-choli-400930,Maroon Thread Work Lehenga Choli with Dupatta - Silk Occasional,"Deep maroon thread work with a silk drape that means it. This lehenga choli brings traditional texture to receptions and pujas alike — warm, rich and ready for the season. Product Details: Fabric: Silk with a smooth, lustrous drape. Work: Thread embroidery. Includes: Lehenga, choli and dupatta. Perfect For: Wedding receptions, sangeet nights and festive pujas. Styling Tip: Antique gold jewellery suits the maroon depth perfectly. Note: Refer to the size chart for fit. Custom measurement tailoring is available on request. Slight colour variation may occur due to screen settings.",in stock,new,315.50 USD,https://luxemia.shop/product/silk-maroon-occasional-wear-thread-work-lehenga-choli-400930,https://cdn.shopify.com/s/files/1/0746/4707/7035/files/Maroon-Silk-Occasional-Wear-Thread-Work-Lehenga-Choli-3048-A_1_42aea82b-b472-433b-8f49-16c9d409e3df.jpg?v=1789787941,LuxeMia
velvet-black-occasional-wear-embroidery-work-bridal-lehenga-with-top-and-dupatta-400623,Black Embroidered Velvet Lehenga Choli with Dupatta,"Celebrate the season in this Black Velvet lehenga choli, richly detailed with embroidery for a graceful, festive look. The graceful silhouette drapes beautifully and keeps you comfortable through long celebrations. Ideal for wedding receptions, sangeet nights, and festive pujas. Product Details: Fabric: Velvet with a rich, plush feel. Work: Embroidery. Includes: Lehenga and choli with dupatta. Perfect For: Wedding receptions, sangeet nights, and festive pujas. Styling Tip: Style with statement jhumkas, bangles, and heels to complete the festive look. Note: Refer to the size chart for fit. Custom measurement tailoring is available on request. Slight colour variation may occur due to screen settings.",in stock,new,111.99 USD,https://luxemia.shop/product/velvet-black-occasional-wear-embroidery-work-bridal-lehenga-with-top-and-dupatta-400623,https://cdn.shopify.com/s/files/1/0746/4707/7035/files/Black-Velvet-Occasional-Wear-Embroidery-Work-Bridal-Lehenga-With-Top-And-Dupatta-KB-8103-B_1_85a24f21-c280-44e6-8c62-8d78c3731e1e.jpg?v=1789787062,LuxeMia
velvet-maroon-occasional-wear-embroidery-work-bridal-lehenga-with-top-and-dupatta-400622,Maroon Embroidered Velvet Lehenga Choli with Dupatta,"Celebrate the season in this Maroon Velvet lehenga choli, richly detailed with embroidery for a graceful, festive look. The graceful silhouette drapes beautifully and keeps you comfortable through long celebrations. Ideal for wedding receptions, sangeet nights, and festive pujas. Product Details: Fabric: Velvet with a rich, plush feel. Work: Embroidery. Includes: Lehenga and choli with dupatta. Perfect For: Wedding receptions, sangeet nights, and festive pujas. Styling Tip: Style with statement jhumkas, bangles, and heels to complete the festive look. Note: Refer to the size chart for fit. Custom measurement tailoring is available on request. Slight colour variation may occur due to screen settings.",in stock,new,111.99 USD,https://luxemia.shop/product/velvet-maroon-occasional-wear-embroidery-work-bridal-lehenga-with-top-and-dupatta-400622,https://cdn.shopify.com/s/files/1/0746/4707/7035/files/Maroon-Velvet-Occasional-Wear-Embroidery-Work-Bridal-Lehenga-With-Top-And-Dupatta-KB-8103-A_1_671e41b2-455f-4d4f-8aae-97652ac10ec4.jpg?v=1789787063,LuxeMia
net-powder-blue-festival-wear-beads-work-readymade-lehenga-choli-400565,Blue Lehenga Choli with Dupatta,"Celebrate the season in this Blue Net lehenga choli, richly detailed with bead work for a graceful, festive look. The graceful silhouette drapes beautifully and keeps you comfortable through long celebrations. Ideal for wedding receptions, sangeet nights, and festive pujas. Product Details: Fabric: Net with a light, sheer layered feel. Work: Bead work. Includes: Lehenga and choli with dupatta. Perfect For: Wedding receptions, sangeet nights, and festive pujas. Styling Tip: Style with statement jhumkas, bangles, and heels to complete the festive look. Note: Refer to the size chart for fit. Custom measurement tailoring is available on request. Slight colour variation may occur due to screen settings.",in stock,new,191.99 USD,https://luxemia.shop/product/net-powder-blue-festival-wear-beads-work-readymade-lehenga-choli-400565,https://cdn.shopify.com/s/files/1/0746/4707/7035/files/Powder-Blue--Net-Festival-Wear-Beads-Work-Readymade-Lehenga-Choli-Elora-1137_1_c62b7ccd-fada-41a1-be1c-9fbe66de5b40.jpg?v=1789787064,LuxeMia
net-beige-festival-wear-beads-work-readymade-lehenga-choli-400564,Net Lehenga Choli with Dupatta,"Celebrate the season in this Beige Net lehenga choli, richly detailed with bead work for a graceful, festive look. The graceful silhouette drapes beautifully and keeps you comfortable through long celebrations. Ideal for wedding receptions, sangeet nights, and festive pujas. Product Details: Fabric: Net with a light, sheer layered feel. Work: Bead work. Includes: Lehenga and choli with dupatta. Perfect For: Wedding receptions, sangeet nights, and festive pujas. Styling Tip: Style with statement jhumkas, bangles, and heels to complete the festive look. Note: Refer to the size chart for fit. Custom measurement tailoring is available on request. Slight colour variation may occur due to screen settings.",in stock,new,191.99 USD,https://luxemia.shop/product/net-beige-festival-wear-beads-work-readymade-lehenga-choli-400564,https://cdn.shopify.com/s/files/1/0746/4707/7035/files/Beige-Net-Festival-Wear-Beads-Work-Readymade-Lehenga-Choli-Elora-1136_1_56d4e56a-5ee8-4238-9b13-c6e8ae59db22.jpg?v=1789787980,LuxeMia
net-pink-occasional-wear-beads-work-readymade-lehenga-choli-400563,Pink Net Lehenga Choli with Dupatta,"Celebrate the season in this Pink Net lehenga choli, richly detailed with bead work for a graceful, festive look. The graceful silhouette drapes beautifully and keeps you comfortable through long celebrations. Ideal for wedding receptions, sangeet nights, and festive pujas. Product Details: Fabric: Net with a light, sheer layered feel. Work: Bead work. Includes: Lehenga and choli with dupatta. Perfect For: Wedding receptions, sangeet nights, and festive pujas. Styling Tip: Style with statement jhumkas, bangles, and heels to complete the festive look. Note: Refer to the size chart for fit. Custom measurement tailoring is available on request. Slight colour variation may occur due to screen settings.",in stock,new,171.99 USD,https://luxemia.shop/product/net-pink-occasional-wear-beads-work-readymade-lehenga-choli-400563,https://cdn.shopify.com/s/files/1/0746/4707/7035/files/Pink-Net-Occasional-Wear-Beads-Work-Readymade-Lehenga-Choli-PUSHTIE-1144_1_ac92d63b-cbd9-4ebb-9b52-03dfdc721103.jpg?v=1789787065,LuxeMia
net-sky-blue-occasional-wear-beads-work-readymade-lehenga-choli-400562,Sky Blue Lehenga Choli with Dupatta,"Celebrate the season in this Sky Blue Net lehenga choli, richly detailed with bead work for a graceful, festive look. The graceful silhouette drapes beautifully and keeps you comfortable through long celebrations. Ideal for wedding receptions, sangeet nights, and festive pujas. Product Details: Fabric: Net with a light, sheer layered feel. Work: Bead work. Includes: Lehenga and choli with dupatta. Perfect For: Wedding receptions, sangeet nights, and festive pujas. Styling Tip: Style with statement jhumkas, bangles, and heels to complete the festive look. Note: Refer to the size chart for fit. Custom measurement tailoring is available on request. Slight colour variation may occur due to screen settings.",in stock,new,171.99 USD,https://luxemia.shop/product/net-sky-blue-occasional-wear-beads-work-readymade-lehenga-choli-400562,https://cdn.shopify.com/s/files/1/0746/4707/7035/files/Sky-Blue-Net-Occasional-Wear-Beads-Work-Readymade-Lehenga-Choli-PUSHTIE-1143_1.jpg?v=1789787066,LuxeMia
tissue-silk-multicolor-occasional-wear-embroidery-work-readymade-lehenga-choli-404222,Multi-color Embroidered Lehenga Choli with Dupatta - Tissue Silk,"Celebrate the season in this Multi Tissue Silk lehenga choli, richly detailed with embroidery for a graceful, festive look. The graceful silhouette drapes beautifully and keeps you comfortable through long celebrations. Ideal for wedding receptions, sangeet nights, and festive pujas. Product Details: Fabric: Tissue Silk with a smooth, lustrous drape. Work: Embroidery. Includes: Lehenga and choli with dupatta. Perfect For: Wedding receptions, sangeet nights, and festive pujas. Styling Tip: Style with statement jhumkas, bangles, and heels to complete the festive look. Note: Refer to the size chart for fit. Custom measurement tailoring is available on request. Slight colour variation may occur due to screen settings.",in stock,new,177.99 USD,https://luxemia.shop/product/tissue-silk-multicolor-occasional-wear-embroidery-work-readymade-lehenga-choli-404222,https://cdn.shopify.com/s/files/1/0746/4707/7035/files/Multicolor-Tissue-Silk---Occasional-Wear-Embroidery-Work-Readymade-Lehenga-Choli-TAKSHVI-1214_1.jpg?v=1789787944,LuxeMia
tissue-silk-multicolor-occasional-wear-embroidery-work-readymade-lehenga-choli-404221,Multi-color Embroidered Tissue Silk Lehenga Choli with Dupatta,"Celebrate the season in this Multi Tissue Silk lehenga choli, richly detailed with embroidery for a graceful, festive look. The graceful silhouette drapes beautifully and keeps you comfortable through long celebrations. Ideal for wedding receptions, sangeet nights, and festive pujas. Product Details: Fabric: Tissue Silk with a smooth, lustrous drape. Work: Embroidery. Includes: Lehenga and choli with dupatta. Perfect For: Wedding receptions, sangeet nights, and festive pujas. Styling Tip: Style with statement jhumkas, bangles, and heels to complete the festive look. Note: Refer to the size chart for fit. Custom measurement tailoring is available on request. Slight colour variation may occur due to screen settings.",in stock,new,177.99 USD,https://luxemia.shop/product/tissue-silk-multicolor-occasional-wear-embroidery-work-readymade-lehenga-choli-404221,https://cdn.shopify.com/s/files/1/0746/4707/7035/files/Multicolor-Tissue-Silk---Occasional-Wear-Embroidery-Work-Readymade-Lehenga-Choli-TAKSHVI-1213_1_2fd6ecbc-54df-49b5-849e-fdd7fed9849a.jpg?v=1789787945,LuxeMia
silk-maroon-occasional-wear-thread-work-lehenga-choli-404136,Maroon Thread Work Silk Lehenga Choli with Dupatta,"Maroon, the color of wedding season itself. Thread embroidery adds traditional texture to this silk lehenga choli — rich, warm and made for receptions that run late. Product Details: Fabric: Silk with a smooth, lustrous drape. Work: Thread embroidery. Includes: Lehenga, choli and dupatta. Perfect For: Wedding receptions, sangeet nights and festive pujas. Styling Tip: Deep gold jewellery and a maroon bindi finish the look. Note: Refer to the size chart for fit. Custom measurement tailoring is available on request. Slight colour variation may occur due to screen settings.",in stock,new,326.99 USD,https://luxemia.shop/product/silk-maroon-occasional-wear-thread-work-lehenga-choli-404136,https://cdn.shopify.com/s/files/1/0746/4707/7035/files/Maroon-Silk-Occasional-Wear-Thread-Work-Lehenga-Choli-3078-C_1.jpg?v=1789787078,LuxeMia
silk-rani-pink-occasional-wear-thread-work-lehenga-choli-404135,Rani Pink Thread Work Silk Lehenga Choli with Dupatta (Style 404135),"Rani pink with the delicacy of fine thread work. This silk lehenga choli layers traditional thread embroidery over a lustrous drape — festive, feminine and made for long celebrations. Product Details: Fabric: Silk with a smooth, lustrous drape. Work: Thread embroidery. Includes: Lehenga, choli and dupatta. Perfect For: Wedding receptions, sangeet nights and festive pujas. Styling Tip: Kundan earrings and soft waves — let the pink lead. Note: Refer to the size chart for fit. Custom measurement tailoring is available on request. Slight colour variation may occur due to screen settings.",in stock,new,326.99 USD,https://luxemia.shop/product/silk-rani-pink-occasional-wear-thread-work-lehenga-choli-404135,https://cdn.shopify.com/s/files/1/0746/4707/7035/files/Rani-Pink-Silk-Occasional-Wear-Thread-Work-Lehenga-Choli-3078-B_1.jpg?v=1789787080,LuxeMia
silk-red-occasional-wear-thread-work-lehenga-choli-404134,Red Thread Work Silk Lehenga Choli with Dupatta,"Thread embroidery, done the traditional way. This red silk lehenga choli weaves fine thread work through a smooth, lustrous drape — festive depth without heaviness, in a color that owns every celebration. Product Details: Fabric: Silk with a smooth, lustrous drape. Work: Thread embroidery. Includes: Lehenga, choli and dupatta. Perfect For: Wedding receptions, sangeet nights and festive pujas. Styling Tip: Gold temple jewellery completes the classic red look. Note: Refer to the size chart for fit. Custom measurement tailoring is available on request. Slight colour variation may occur due to screen settings.",in stock,new,326.99 USD,https://luxemia.shop/product/silk-red-occasional-wear-thread-work-lehenga-choli-404134,https://cdn.shopify.com/s/files/1/0746/4707/7035/files/Red-Silk-Occasional-Wear-Thread-Work-Lehenga-Choli-3078-A_1.jpg?v=1789787081,LuxeMia
silk-rani-pink-festival-wear-embroidery-work-lehenga-choli-404133,Rani Pink Embroidered Silk Lehenga Choli with Dupatta (Style 404133),"Rani pink embroidered silk — the shade festival photographs were made for. All-over embroidery on a lustrous drape, festive energy in every inch. Product Details: Fabric: Silk with a smooth, lustrous drape. Work: Embroidery. Includes: Lehenga, choli and dupatta. Perfect For: Wedding receptions, sangeet nights and festive pujas. Styling Tip: Gold jhumkas and glossy waves for the full festive picture. Note: Refer to the size chart for fit. Custom measurement tailoring is available on request. Slight colour variation may occur due to screen settings.",in stock,new,314.99 USD,https://luxemia.shop/product/silk-rani-pink-festival-wear-embroidery-work-lehenga-choli-404133,https://cdn.shopify.com/s/files/1/0746/4707/7035/files/Rani-Pink-Silk-Festival-Wear-Embroidery-Work-Lehenga-Choli-3073-B_1_0e009c94-effc-40b7-91c7-69d522492cb1.jpg?v=1789787946,LuxeMia
silk-red-festival-wear-embroidery-work-lehenga-choli-404132,Red Embroidered Silk Lehenga Choli with Dupatta,"The red lehenga choli every wedding wardrobe needs. Smooth silk, all-over embroidery and a festive drape that photographs exactly the way you hoped. Product Details: Fabric: Silk with a smooth, lustrous drape. Work: Embroidery. Includes: Lehenga, choli and dupatta. Perfect For: Wedding receptions, sangeet nights and festive pujas. Styling Tip: Gold kada bangles and a sleek bun — timeless. Note: Refer to the size chart for fit. Custom measurement tailoring is available on request. Slight colour variation may occur due to screen settings.",in stock,new,314.99 USD,https://luxemia.shop/product/silk-red-festival-wear-embroidery-work-lehenga-choli-404132,https://cdn.shopify.com/s/files/1/0746/4707/7035/files/Red-Silk-Festival-Wear-Embroidery-Work-Lehenga-Choli-3073-A_1_e5e5394f-5f0b-4a63-aa4c-0fe254898240.jpg?v=1789787948,LuxeMia
imported-fabric-grey-festival-wear-embroidery-work-readymade-indo-western-suit-404073,Grey Embroidered Lehenga Choli with Dupatta (Style 404073),"Celebrate the season in this Grey lehenga choli, richly detailed with embroidery for a graceful, festive look. The graceful silhouette drapes beautifully and keeps you comfortable through long celebrations. Ideal for wedding receptions, sangeet nights, and festive pujas. Product Details: Fabric: Premium quality material with a refined finish. Work: Embroidery. Includes: Lehenga and choli with dupatta. Perfect For: Wedding receptions, sangeet nights, and festive pujas. Styling Tip: Style with statement jhumkas, bangles, and heels to complete the festive look. Note: Refer to the size chart for fit. Custom measurement tailoring is available on request. Slight colour variation may occur due to screen settings.",in stock,new,86.99 USD,https://luxemia.shop/product/imported-fabric-grey-festival-wear-embroidery-work-readymade-indo-western-suit-404073,https://cdn.shopify.com/s/files/1/0746/4707/7035/files/Grey-Imported-Fabric-Festival-Wear-Embroidery-Work-Readymade-Indo-Western-Suit-SA-138-A_1_fd321fcd-49c7-4e43-ae26-0f3138e6ab42.jpg?v=1789787084,LuxeMia
imported-fabric-pink-festival-wear-embroidery-work-readymade-indo-western-suit-404072,Pink Embroidered Lehenga Choli with Dupatta,"Celebrate the season in this Pink lehenga choli, richly detailed with embroidery for a graceful, festive look. The graceful silhouette drapes beautifully and keeps you comfortable through long celebrations. Ideal for wedding receptions, sangeet nights, and festive pujas. Product Details: Fabric: Premium quality material with a refined finish. Work: Embroidery. Includes: Lehenga and choli with dupatta. Perfect For: Wedding receptions, sangeet nights, and festive pujas. Styling Tip: Style with statement jhumkas, bangles, and heels to complete the festive look. Note: Refer to the size chart for fit. Custom measurement tailoring is available on request. Slight colour variation may occur due to screen settings.",in stock,new,96.99 USD,https://luxemia.shop/product/imported-fabric-pink-festival-wear-embroidery-work-readymade-indo-western-suit-404072,https://cdn.shopify.com/s/files/1/0746/4707/7035/files/Pink-Imported-Fabric-Festival-Wear-Embroidery-Work-Readymade-Indo-Western-Suit-SA-153-B_1_35a37d93-3c78-4e66-9db3-5432ad175de2.jpg?v=1789787085,LuxeMia
imported-fabric-dark-grey-festival-wear-embroidery-work-readymade-indo-western-suit-404071,Grey Embroidered Lehenga Choli with Dupatta,"Celebrate the season in this Grey lehenga choli, richly detailed with embroidery for a graceful, festive look. The graceful silhouette drapes beautifully and keeps you comfortable through long celebrations. Ideal for wedding receptions, sangeet nights, and festive pujas. Product Details: Fabric: Premium quality material with a refined finish. Work: Embroidery. Includes: Lehenga and choli with dupatta. Perfect For: Wedding receptions, sangeet nights, and festive pujas. Styling Tip: Style with statement jhumkas, bangles, and heels to complete the festive look. Note: Refer to the size chart for fit. Custom measurement tailoring is available on request. Slight colour variation may occur due to screen settings.",in stock,new,96.99 USD,https://luxemia.shop/product/imported-fabric-dark-grey-festival-wear-embroidery-work-readymade-indo-western-suit-404071,https://cdn.shopify.com/s/files/1/0746/4707/7035/files/Dark-Grey-Imported-Fabric-Festival-Wear-Embroidery-Work-Readymade-Indo-Western-Suit-SA-153-A_1_4a5c6df1-8cc3-4f45-9a39-67b293056b84.jpg?v=1789787086,LuxeMia
imported-fabric-blue-festival-wear-embroidery-work-readymade-indo-western-suit-404070,Blue Embroidered Lehenga Choli with Dupatta,"Celebrate the season in this Blue lehenga choli, richly detailed with embroidery for a graceful, festive look. The graceful silhouette drapes beautifully and keeps you comfortable through long celebrations. Ideal for wedding receptions, sangeet nights, and festive pujas. Product Details: Fabric: Premium quality material with a refined finish. Work: Embroidery. Includes: Lehenga and choli with dupatta. Perfect For: Wedding receptions, sangeet nights, and festive pujas. Styling Tip: Style with statement jhumkas, bangles, and heels to complete the festive look. Note: Refer to the size chart for fit. Custom measurement tailoring is available on request. Slight colour variation may occur due to screen settings.",in stock,new,84.99 USD,https://luxemia.shop/product/imported-fabric-blue-festival-wear-embroidery-work-readymade-indo-western-suit-404070,https://cdn.shopify.com/s/files/1/0746/4707/7035/files/Blue-Imported-Fabric-Festival-Wear-Embroidery-Work-Readymade-Indo-Western-Suit-SA-152-B_1_66d47857-2d02-4241-a225-2aa18675d558.jpg?v=1789787087,LuxeMia
imported-fabric-wine-festival-wear-embroidery-work-readymade-indo-western-suit-404069,Wine Embroidered Lehenga Choli with Dupatta,"Celebrate the season in this Wine lehenga choli, richly detailed with embroidery for a graceful, festive look. The graceful silhouette drapes beautifully and keeps you comfortable through long celebrations. Ideal for wedding receptions, sangeet nights, and festive pujas. Product Details: Fabric: Premium quality material with a refined finish. Work: Embroidery. Includes: Lehenga and choli with dupatta. Perfect For: Wedding receptions, sangeet nights, and festive pujas. Styling Tip: Style with statement jhumkas, bangles, and heels to complete the festive look. Note: Refer to the size chart for fit. Custom measurement tailoring is available on request. Slight colour variation may occur due to screen settings.",in stock,new,84.99 USD,https://luxemia.shop/product/imported-fabric-wine-festival-wear-embroidery-work-readymade-indo-western-suit-404069,https://cdn.shopify.com/s/files/1/0746/4707/7035/files/Wine-Imported-Fabric-Festival-Wear-Embroidery-Work-Readymade-Indo-Western-Suit-SA-152-A_1_e5774b5b-7553-4d09-ae3e-8df8b983e49d.jpg?v=1789787087,LuxeMia
imported-fabric-beige-festival-wear-embroidery-work-readymade-indo-western-suit-404068,Beige Embroidered Lehenga Choli with Dupatta,"Celebrate the season in this Beige lehenga choli, richly detailed with embroidery for a graceful, festive look. The graceful silhouette drapes beautifully and keeps you comfortable through long celebrations. Ideal for wedding receptions, sangeet nights, and festive pujas. Product Details: Fabric: Premium quality material with a refined finish. Work: Embroidery. Includes: Lehenga and choli with dupatta. Perfect For: Wedding receptions, sangeet nights, and festive pujas. Styling Tip: Style with statement jhumkas, bangles, and heels to complete the festive look. Note: Refer to the size chart for fit. Custom measurement tailoring is available on request. Slight colour variation may occur due to screen settings.",in stock,new,92.99 USD,https://luxemia.shop/product/imported-fabric-beige-festival-wear-embroidery-work-readymade-indo-western-suit-404068,https://cdn.shopify.com/s/files/1/0746/4707/7035/files/Beige-Imported-Fabric-Festival-Wear-Embroidery-Work-Readymade-Indo-Western-Suit-SA-134-B_1.jpg?v=1789787088,LuxeMia
imported-fabric-cream-festival-wear-embroidery-work-readymade-indo-western-suit-404067,Cream Embroidered Lehenga Choli with Dupatta,"Celebrate the season in this Cream lehenga choli, richly detailed with embroidery for a graceful, festive look. The graceful silhouette drapes beautifully and keeps you comfortable through long celebrations. Ideal for wedding receptions, sangeet nights, and festive pujas. Product Details: Fabric: Premium quality material with a refined finish. Work: Embroidery. Includes: Lehenga and choli with dupatta. Perfect For: Wedding receptions, sangeet nights, and festive pujas. Styling Tip: Style with statement jhumkas, bangles, and heels to complete the festive look. Note: Refer to the size chart for fit. Custom measurement tailoring is available on request. Slight colour variation may occur due to screen settings.",in stock,new,92.99 USD,https://luxemia.shop/product/imported-fabric-cream-festival-wear-embroidery-work-readymade-indo-western-suit-404067,https://cdn.shopify.com/s/files/1/0746/4707/7035/files/Cream--Imported-Fabric-Festival-Wear-Embroidery-Work-Readymade-Indo-Western-Suit-SA-134-A_1_7a237314-4315-4b91-b95e-7926f77e370d.jpg?v=1789787089,LuxeMia
silk-rani-pink-festival-wear-beads-work-lehenga-choli-403873,Rani Pink Silk Lehenga Choli with Dupatta,"Rani pink silk with fine bead work and a drape that flows all evening. Festive shimmer, traditional color and a silhouette that keeps you comfortable from pheras to farewell. Product Details: Fabric: Silk with a smooth, lustrous drape. Work: Bead work. Includes: Lehenga, choli and dupatta. Perfect For: Wedding receptions, sangeet nights and festive pujas. Styling Tip: Pearl-accented jewellery softens the pink beautifully. Note: Refer to the size chart for fit. Custom measurement tailoring is available on request. Slight colour variation may occur due to screen settings.",in stock,new,314.99 USD,https://luxemia.shop/product/silk-rani-pink-festival-wear-beads-work-lehenga-choli-403873,https://cdn.shopify.com/s/files/1/0746/4707/7035/files/Rani-Pink-Silk-Festival-Wear-Beads-Work-Lehenga-Choli-Anj-3077-B_1.jpg?v=1789787091,LuxeMia
silk-rani-pink-festival-wear-beads-work-lehenga-choli-403871,Rani Pink Lehenga Choli with Dupatta,"Rani pink in full celebration mode. Bead work shimmers across this silk lehenga choli — a festive favorite for sangeet nights, delivered with options for unstitched, custom measurements or standard sizing. Product Details: Fabric: Silk with a smooth, lustrous drape. Work: Bead work. Includes: Lehenga, choli and dupatta. Perfect For: Wedding receptions, sangeet nights and festive pujas. Styling Tip: Silver-toned jewellery cools the pink beautifully. Note: Refer to the size chart for fit. Custom measurement tailoring is available on request. Slight colour variation may occur due to screen settings.",in stock,new,354.99 USD,https://luxemia.shop/product/silk-rani-pink-festival-wear-beads-work-lehenga-choli-403871,https://cdn.shopify.com/s/files/1/0746/4707/7035/files/Rani-Pink-Silk-Festival-Wear-Beads-Work-Lehenga-Choli-Anj-3075-B_1.jpg?v=1789787092,LuxeMia
net-green-festival-wear-embroidery-work-readymade-lehenga-choli-403817,Green Embroidered Net Lehenga Choli with Dupatta,"Celebrate the season in this Green Net lehenga choli, richly detailed with embroidery for a graceful, festive look. The graceful silhouette drapes beautifully and keeps you comfortable through long celebrations. Ideal for wedding receptions, sangeet nights, and festive pujas. Product Details: Fabric: Net with a light, sheer layered feel. Work: Embroidery. Includes: Lehenga and choli with dupatta. Perfect For: Wedding receptions, sangeet nights, and festive pujas. Styling Tip: Style with statement jhumkas, bangles, and heels to complete the festive look. Note: Refer to the size chart for fit. Custom measurement tailoring is available on request. Slight colour variation may occur due to screen settings.",in stock,new,198.99 USD,https://luxemia.shop/product/net-green-festival-wear-embroidery-work-readymade-lehenga-choli-403817,https://cdn.shopify.com/s/files/1/0746/4707/7035/files/Green-Net-Festival-Wear-Embroidery-Work-Readymade-Lehenga-Choli-GURPREET-1212_1.jpg?v=1789787949,LuxeMia
net-beige-festival-wear-embroidery-work-readymade-lehenga-choli-403816,Beige Embroidered Net Lehenga Choli with Dupatta (Style 403816),"Celebrate the season in this Beige Net lehenga choli, richly detailed with embroidery for a graceful, festive look. The graceful silhouette drapes beautifully and keeps you comfortable through long celebrations. Ideal for wedding receptions, sangeet nights, and festive pujas. Product Details: Fabric: Net with a light, sheer layered feel. Work: Embroidery. Includes: Lehenga and choli with dupatta. Perfect For: Wedding receptions, sangeet nights, and festive pujas. Styling Tip: Style with statement jhumkas, bangles, and heels to complete the festive look. Note: Refer to the size chart for fit. Custom measurement tailoring is available on request. Slight colour variation may occur due to screen settings.",in stock,new,198.99 USD,https://luxemia.shop/product/net-beige-festival-wear-embroidery-work-readymade-lehenga-choli-403816,https://cdn.shopify.com/s/files/1/0746/4707/7035/files/Beige-Net-Festival-Wear-Embroidery-Work-Readymade-Lehenga-Choli-GURPREET-1211_1.jpg?v=1789787949,LuxeMia
net-rani-pink-festival-wear-embroidery-work-readymade-lehenga-choli-403815,Rani Pink Embroidered Net Lehenga Choli with Dupatta,"Celebrate the season in this Rani Pink Net lehenga choli, richly detailed with embroidery for a graceful, festive look. The graceful silhouette drapes beautifully and keeps you comfortable through long celebrations. Ideal for wedding receptions, sangeet nights, and festive pujas. Product Details: Fabric: Net with a light, sheer layered feel. Work: Embroidery. Includes: Lehenga and choli with dupatta. Perfect For: Wedding receptions, sangeet nights, and festive pujas. Styling Tip: Style with statement jhumkas, bangles, and heels to complete the festive look. Note: Refer to the size chart for fit. Custom measurement tailoring is available on request. Slight colour variation may occur due to screen settings.",in stock,new,198.99 USD,https://luxemia.shop/product/net-rani-pink-festival-wear-embroidery-work-readymade-lehenga-choli-403815,https://cdn.shopify.com/s/files/1/0746/4707/7035/files/Rani-Pink-Net-Festival-Wear-Embroidery-Work-Readymade-Lehenga-Choli-GURPREET-1210_1_df93f00b-5805-4d70-9573-f25e76af7869.jpg?v=1789787950,LuxeMia
net-peach-occasional-wear-beads-work-readymade-lehenga-choli-403809,Peach Lehenga Choli with Dupatta,"Celebrate the season in this Peach Net lehenga choli, richly detailed with bead work for a graceful, festive look. The graceful silhouette drapes beautifully and keeps you comfortable through long celebrations. Ideal for wedding receptions, sangeet nights, and festive pujas. Product Details: Fabric: Net with a light, sheer layered feel. Work: Bead work. Includes: Lehenga and choli with dupatta. Perfect For: Wedding receptions, sangeet nights, and festive pujas. Styling Tip: Style with statement jhumkas, bangles, and heels to complete the festive look. Note: Refer to the size chart for fit. Custom measurement tailoring is available on request. Slight colour variation may occur due to screen settings.",in stock,new,168.99 USD,https://luxemia.shop/product/net-peach-occasional-wear-beads-work-readymade-lehenga-choli-403809,https://cdn.shopify.com/s/files/1/0746/4707/7035/files/Peach-Net-Occasional-Wear-Beads-Work-Readymade-Lehenga-Choli-SADIKA-1209_1_db585395-93d4-40a1-9202-b06cfc9bc8b7.jpg?v=1789787095,LuxeMia
net-off-white-occasional-wear-beads-work-readymade-lehenga-choli-403808,Off-White Lehenga Choli with Dupatta,"Celebrate the season in this White Net lehenga choli, richly detailed with bead work for a graceful, festive look. The graceful silhouette drapes beautifully and keeps you comfortable through long celebrations. Ideal for wedding receptions, sangeet nights, and festive pujas. Product Details: Fabric: Net with a light, sheer layered feel. Work: Bead work. Includes: Lehenga and choli with dupatta. Perfect For: Wedding receptions, sangeet nights, and festive pujas. Styling Tip: Style with statement jhumkas, bangles, and heels to complete the festive look. Note: Refer to the size chart for fit. Custom measurement tailoring is available on request. Slight colour variation may occur due to screen settings.",in stock,new,168.99 USD,https://luxemia.shop/product/net-off-white-occasional-wear-beads-work-readymade-lehenga-choli-403808,https://cdn.shopify.com/s/files/1/0746/4707/7035/files/OFF-White--Net-Occasional-Wear-Beads-Work-Readymade-Lehenga-Choli-SADIKA-1208_1_fdaa8f64-f4d3-46d0-b355-d4f447c1e679.jpg?v=1789787096,LuxeMia
net-pink-occasional-wear-beads-work-readymade-lehenga-choli-403807,Pink Lehenga Choli with Dupatta,"Celebrate the season in this Pink Net lehenga choli, richly detailed with bead work for a graceful, festive look. The graceful silhouette drapes beautifully and keeps you comfortable through long celebrations. Ideal for wedding receptions, sangeet nights, and festive pujas. Product Details: Fabric: Net with a light, sheer layered feel. Work: Bead work. Includes: Lehenga and choli with dupatta. Perfect For: Wedding receptions, sangeet nights, and festive pujas. Styling Tip: Style with statement jhumkas, bangles, and heels to complete the festive look. Note: Refer to the size chart for fit. Custom measurement tailoring is available on request. Slight colour variation may occur due to screen settings.",in stock,new,168.99 USD,https://luxemia.shop/product/net-pink-occasional-wear-beads-work-readymade-lehenga-choli-403807,https://cdn.shopify.com/s/files/1/0746/4707/7035/files/Pink-Net-Occasional-Wear-Beads-Work-Readymade-Lehenga-Choli-SADIKA-1207_1.jpg?v=1789787096,LuxeMia
chinon-silk-maroon-casual-wear-embroidery-work-readymade-sharara-suit-404614,Embroidered Silk Sharara Suit with Dupatta,"Celebrate the season in this Pink Silk sharara suit, richly detailed with embroidery for a graceful, festive look. The graceful silhouette drapes beautifully and keeps you comfortable through long celebrations. Ideal for festive pujas, family functions, and social celebrations. Product Details: Fabric: Silk with a smooth, lustrous drape. Work: Embroidery. Includes: Kurta, Sharara and Dupatta. Perfect For: Festive pujas, family functions, and social celebrations. Styling Tip: Drape it over a contrasting kurta or gown to elevate the festive look. Note: Refer to the size chart for fit. Custom measurement tailoring is available on request. Slight colour variation may occur due to screen settings.",in stock,new,45.99 USD,https://luxemia.shop/product/chinon-silk-maroon-casual-wear-embroidery-work-readymade-sharara-suit-404614,https://cdn.shopify.com/s/files/1/0746/4707/7035/files/Maroon-Chinon-Silk-Casual-Wear-Embroidery-Work-Readymade-Sharara-Suit-5904_1_58d930c8-2f74-46a1-8d43-edd2ffc46826.jpg?v=1789787983,LuxeMia
chinon-silk-olive-green-festival-wear-embroidery-work-readymade-3-piece-kurti-palazzo-with-dupatta-404563,Olive Green Embroidered Palazzo Suit with Dupatta - Chinon Silk,"Celebrate the season in this Olive Green Chinon Silk palazzo suit, richly detailed with embroidery for a graceful, festive look. The graceful silhouette drapes beautifully and keeps you comfortable through long celebrations. Ideal for festive pujas, family functions, and social celebrations. Product Details: Fabric: Chinon Silk with a soft, flowy drape. Work: Embroidery. Includes: Kurta, Palazzo and Dupatta. Perfect For: Festive pujas, family functions, and social celebrations. Styling Tip: Drape it over a contrasting kurta or gown to elevate the festive look. Note: Refer to the size chart for fit. Custom measurement tailoring is available on request. Slight colour variation may occur due to screen settings.",in stock,new,56.99 USD,https://luxemia.shop/product/chinon-silk-olive-green-festival-wear-embroidery-work-readymade-3-piece-kurti-palazzo-with-dupatta-404563,https://cdn.shopify.com/s/files/1/0746/4707/7035/files/Olive-Green-Chinon-Silk-Festival-Wear-Embroidery-Work-Readymade-3-Piece-Kurti-Palazzo-With-Dupatta-Rangoon-401B_1_9797899a-41fe-41ea-a084-a652fd452d12.jpg?v=1789787959,LuxeMia
chinon-silk-orange-festival-wear-embroidery-work-readymade-3-piece-kurti-palazzo-with-dupatta-404562,Orange Embroidered Palazzo Suit with Dupatta - Chinon Silk,"Celebrate the season in this Orange Chinon Silk palazzo suit, richly detailed with embroidery for a graceful, festive look. The graceful silhouette drapes beautifully and keeps you comfortable through long celebrations. Ideal for festive pujas, family functions, and social celebrations. Product Details: Fabric: Chinon Silk with a soft, flowy drape. Work: Embroidery. Includes: Kurta, Palazzo and Dupatta. Perfect For: Festive pujas, family functions, and social celebrations. Styling Tip: Drape it over a contrasting kurta or gown to elevate the festive look. Note: Refer to the size chart for fit. Custom measurement tailoring is available on request. Slight colour variation may occur due to screen settings.",in stock,new,56.99 USD,https://luxemia.shop/product/chinon-silk-orange-festival-wear-embroidery-work-readymade-3-piece-kurti-palazzo-with-dupatta-404562,https://cdn.shopify.com/s/files/1/0746/4707/7035/files/Orange-Chinon-Silk-Festival-Wear-Embroidery-Work-Readymade-3-Piece-Kurti-Palazzo-With-Dupatta-Rangoon-401A_1_bee20900-474b-4d38-bb80-79a95d3858a1.jpg?v=1789787960,LuxeMia
chinon-silk-black-festival-wear-embroidery-work-readymade-3-piece-kurti-palazzo-with-dupatta-404560,Black Embroidered Palazzo Suit with Dupatta - Chinon Silk,"Celebrate the season in this Black Chinon Silk palazzo suit, richly detailed with embroidery for a graceful, festive look. The graceful silhouette drapes beautifully and keeps you comfortable through long celebrations. Ideal for festive pujas, family functions, and social celebrations. Product Details: Fabric: Chinon Silk with a soft, flowy drape. Work: Embroidery. Includes: Kurta, Palazzo and Dupatta. Perfect For: Festive pujas, family functions, and social celebrations. Styling Tip: Drape it over a contrasting kurta or gown to elevate the festive look. Note: Refer to the size chart for fit. Custom measurement tailoring is available on request. Slight colour variation may occur due to screen settings.",in stock,new,106.99 USD,https://luxemia.shop/product/chinon-silk-black-festival-wear-embroidery-work-readymade-3-piece-kurti-palazzo-with-dupatta-404560,https://cdn.shopify.com/s/files/1/0746/4707/7035/files/Black-Chinon-Silk-Festival-Wear-Embroidery-Work-Readymade-3-Piece-Kurti-Palazzo-With-Dupatta-SHAGUN-2192_1.jpg?v=1789787961,LuxeMia
chinon-silk-rani-pink-festival-wear-embroidery-work-readymade-3-piece-kurti-palazzo-with-dupatta-404559,Rani Pink Embroidered Silk Palazzo Suit with Dupatta,"Celebrate the season in this Rani Pink Silk palazzo suit, richly detailed with embroidery for a graceful, festive look. The graceful silhouette drapes beautifully and keeps you comfortable through long celebrations. Ideal for festive pujas, family functions, and social celebrations. Product Details: Fabric: Silk with a smooth, lustrous drape. Work: Embroidery. Includes: Kurta, Palazzo and Dupatta. Perfect For: Festive pujas, family functions, and social celebrations. Styling Tip: Drape it over a contrasting kurta or gown to elevate the festive look. Note: Refer to the size chart for fit. Custom measurement tailoring is available on request. Slight colour variation may occur due to screen settings.",in stock,new,106.99 USD,https://luxemia.shop/product/chinon-silk-rani-pink-festival-wear-embroidery-work-readymade-3-piece-kurti-palazzo-with-dupatta-404559,https://cdn.shopify.com/s/files/1/0746/4707/7035/files/Rani-Pink-Chinon-Silk-Festival-Wear-Embroidery-Work-Readymade-3-Piece-Kurti-Palazzo-With-Dupatta-SHAGUN-2191_1_0fb247e9-d4ff-404c-a007-bd7870af5c11.jpg?v=1789787962,LuxeMia
chinon-purple-casual-wear-embroidery-work-readymade-sharara-suit-404550,Purple Embroidered Sharara Suit with Dupatta - Casual,"Celebrate the season in this Purple Chinon Silk sharara suit, richly detailed with embroidery for a graceful, festive look. The graceful silhouette drapes beautifully and keeps you comfortable through long celebrations. Ideal for festive pujas, family functions, and social celebrations. Product Details: Fabric: Chinon Silk with a soft, flowy drape. Work: Embroidery. Includes: Kurta, Sharara and Dupatta. Perfect For: Festive pujas, family functions, and social celebrations. Styling Tip: Drape it over a contrasting kurta or gown to elevate the festive look. Note: Refer to the size chart for fit. Custom measurement tailoring is available on request. Slight colour variation may occur due to screen settings.",in stock,new,47.99 USD,https://luxemia.shop/product/chinon-purple-casual-wear-embroidery-work-readymade-sharara-suit-404550,https://cdn.shopify.com/s/files/1/0746/4707/7035/files/Purple-Chinon-Casual-Wear-Embroidery-Work-Readymade-Sharara-Suit-FE-148_1.jpg?v=1789787963,LuxeMia
roman-silk-black-casual-wear-embroidery-work-readymade-sharara-suit-404547,Black Embroidered Sharara Suit with Dupatta - Roman Silk,"Celebrate the season in this Black Silk sharara suit, richly detailed with embroidery for a graceful, festive look. The graceful silhouette drapes beautifully and keeps you comfortable through long celebrations. Ideal for festive pujas, family functions, and social celebrations. Product Details: Fabric: Silk with a smooth, lustrous drape. Work: Embroidery. Includes: Kurta, Sharara and Dupatta. Perfect For: Festive pujas, family functions, and social celebrations. Styling Tip: Drape it over a contrasting kurta or gown to elevate the festive look. Note: Refer to the size chart for fit. Custom measurement tailoring is available on request. Slight colour variation may occur due to screen settings.",in stock,new,47.99 USD,https://luxemia.shop/product/roman-silk-black-casual-wear-embroidery-work-readymade-sharara-suit-404547,https://cdn.shopify.com/s/files/1/0746/4707/7035/files/Black-Roman-Silk-Casual-Wear-Embroidery-Work-Readymade-Sharara-Suit-LC-1492-B_1_1938b88b-9a63-4e48-b7e0-bbe3c57077d9.jpg?v=1789787964,LuxeMia
chinon-silk-pink-occasional-wear-embroidery-work-readymade-sharara-suit-404546,Pink Embroidered Sharara Suit with Dupatta - Chinon Silk,"Celebrate the season in this Pink Chinon Silk sharara suit, richly detailed with embroidery for a graceful, festive look. The graceful silhouette drapes beautifully and keeps you comfortable through long celebrations. Ideal for festive pujas, family functions, and social celebrations. Product Details: Fabric: Chinon Silk with a soft, flowy drape. Work: Embroidery. Includes: Kurta, Sharara and Dupatta. Perfect For: Festive pujas, family functions, and social celebrations. Styling Tip: Drape it over a contrasting kurta or gown to elevate the festive look. Note: Refer to the size chart for fit. Custom measurement tailoring is available on request. Slight colour variation may occur due to screen settings.",in stock,new,51.00 USD,https://luxemia.shop/product/chinon-silk-pink-occasional-wear-embroidery-work-readymade-sharara-suit-404546,https://cdn.shopify.com/s/files/1/0746/4707/7035/files/Pink-Chinon-Silk-Occasional-Wear-Embroidery-Work-Readymade-Sharara-Suit-LC-1363_1.jpg?v=1789787112,LuxeMia
tissue-silk-olive-green-festival-wear-embroidery-work-readymade-palazzo-suit-404542,Olive Green Embroidered Palazzo Suit with Dupatta - Tissue Silk,"Celebrate the season in this Olive Green Tissue Silk palazzo suit, richly detailed with embroidery for a graceful, festive look. The graceful silhouette drapes beautifully and keeps you comfortable through long celebrations. Ideal for festive pujas, family functions, and social celebrations. Product Details: Fabric: Tissue Silk with a smooth, lustrous drape. Work: Embroidery. Includes: Kurta, Palazzo and Dupatta. Perfect For: Festive pujas, family functions, and social celebrations. Styling Tip: Drape it over a contrasting kurta or gown to elevate the festive look. Note: Refer to the size chart for fit. Custom measurement tailoring is available on request. Slight colour variation may occur due to screen settings.",in stock,new,114.99 USD,https://luxemia.shop/product/tissue-silk-olive-green-festival-wear-embroidery-work-readymade-palazzo-suit-404542,https://cdn.shopify.com/s/files/1/0746/4707/7035/files/Olive-Green-Tissue-Silk---Festival-Wear-Embroidery-Work-Readymade-Palazzo-Suit-AAVYA-2189_1_7308af50-dbcf-4cd4-9339-0694c73241a8.jpg?v=1789787113,LuxeMia
tissue-silk-rust-orange-festival-wear-embroidery-work-readymade-palazzo-suit-404541,Rust Orange Embroidered Palazzo Suit with Dupatta - Tissue Silk,"Celebrate the season in this Rust Orange Tissue Silk palazzo suit, richly detailed with embroidery for a graceful, festive look. The graceful silhouette drapes beautifully and keeps you comfortable through long celebrations. Ideal for festive pujas, family functions, and social celebrations. Product Details: Fabric: Tissue Silk with a smooth, lustrous drape. Work: Embroidery. Includes: Kurta, Palazzo and Dupatta. Perfect For: Festive pujas, family functions, and social celebrations. Styling Tip: Drape it over a contrasting kurta or gown to elevate the festive look. Note: Refer to the size chart for fit. Custom measurement tailoring is available on request. Slight colour variation may occur due to screen settings.",in stock,new,114.99 USD,https://luxemia.shop/product/tissue-silk-rust-orange-festival-wear-embroidery-work-readymade-palazzo-suit-404541,https://cdn.shopify.com/s/files/1/0746/4707/7035/files/Rust-Orange-Tissue-Silk---Festival-Wear-Embroidery-Work-Readymade-Palazzo-Suit-AAVYA-2188_1.jpg?v=1789787114,LuxeMia
chinon-silk-dusty-pink-festival-wear-embroidery-work-readymade-palazzo-suit-404533,Pink Embroidered Silk Palazzo Suit with Dupatta,"Celebrate the season in this Pink Silk palazzo suit, richly detailed with embroidery for a graceful, festive look. The graceful silhouette drapes beautifully and keeps you comfortable through long celebrations. Ideal for festive pujas, family functions, and social celebrations. Product Details: Fabric: Silk with a smooth, lustrous drape. Work: Embroidery. Includes: Kurta, Palazzo and Dupatta. Perfect For: Festive pujas, family functions, and social celebrations. Styling Tip: Drape it over a contrasting kurta or gown to elevate the festive look. Note: Refer to the size chart for fit. Custom measurement tailoring is available on request. Slight colour variation may occur due to screen settings.",in stock,new,98.99 USD,https://luxemia.shop/product/chinon-silk-dusty-pink-festival-wear-embroidery-work-readymade-palazzo-suit-404533,https://cdn.shopify.com/s/files/1/0746/4707/7035/files/Dusty-Pink-Chinon-Silk-Festival-Wear-Embroidery-Work-Readymade-Palazzo-Suit-NOOTIKA-001_1_209aa7a8-c242-410e-b642-fd56ee9e1160.jpg?v=1789787965,LuxeMia
cotton-silk-pista-green-casual-wear-embroidery-work-salwar-suit-404532,Embroidered Cotton Salwar Kameez with Dupatta,"Celebrate the season in this Green Cotton salwar suit, richly detailed with embroidery for a graceful, festive look. The graceful silhouette drapes beautifully and keeps you comfortable through long celebrations. Ideal for festive pujas, family functions, and social celebrations. Product Details: Fabric: Cotton with soft, breathable comfort. Work: Embroidery. Includes: Kurta, Salwar and Dupatta. Perfect For: Festive pujas, family functions, and social celebrations. Styling Tip: Drape it over a contrasting kurta or gown to elevate the festive look. Note: Refer to the size chart for fit. Custom measurement tailoring is available on request. Slight colour variation may occur due to screen settings.",in stock,new,44.99 USD,https://luxemia.shop/product/cotton-silk-pista-green-casual-wear-embroidery-work-salwar-suit-404532,https://cdn.shopify.com/s/files/1/0746/4707/7035/files/Pista-Green-Cotton-Silk-Casual-Wear-Embroidery-Work-Salwar-Suit-JIVIKA-1101D_1_f6c54116-2c4a-42aa-ba3c-c92d7b81bb2b.jpg?v=1789787986,LuxeMia
cotton-silk-grey-casual-wear-embroidery-work-salwar-suit-404531,Grey Embroidered Cotton Salwar Kameez with Dupatta,"Celebrate the season in this Grey Cotton salwar suit, richly detailed with embroidery for a graceful, festive look. The graceful silhouette drapes beautifully and keeps you comfortable through long celebrations. Ideal for festive pujas, family functions, and social celebrations. Product Details: Fabric: Cotton with soft, breathable comfort. Work: Embroidery. Includes: Kurta, Salwar and Dupatta. Perfect For: Festive pujas, family functions, and social celebrations. Styling Tip: Drape it over a contrasting kurta or gown to elevate the festive look. Note: Refer to the size chart for fit. Custom measurement tailoring is available on request. Slight colour variation may occur due to screen settings.",in stock,new,44.99 USD,https://luxemia.shop/product/cotton-silk-grey-casual-wear-embroidery-work-salwar-suit-404531,https://cdn.shopify.com/s/files/1/0746/4707/7035/files/Grey-Cotton-Silk-Casual-Wear-Embroidery-Work-Salwar-Suit-JIVIKA-1101C_1_9a67eae5-83f7-4d18-8d62-65ab53ade7d1.jpg?v=1789787117,LuxeMia
cotton-silk-pink-casual-wear-embroidery-work-salwar-suit-404530,Pink Embroidered Cotton Salwar Kameez with Dupatta,"Celebrate the season in this Pink Cotton salwar suit, richly detailed with embroidery for a graceful, festive look. The graceful silhouette drapes beautifully and keeps you comfortable through long celebrations. Ideal for festive pujas, family functions, and social celebrations. Product Details: Fabric: Cotton with soft, breathable comfort. Work: Embroidery. Includes: Kurta, Salwar and Dupatta. Perfect For: Festive pujas, family functions, and social celebrations. Styling Tip: Drape it over a contrasting kurta or gown to elevate the festive look. Note: Refer to the size chart for fit. Custom measurement tailoring is available on request. Slight colour variation may occur due to screen settings.",in stock,new,44.99 USD,https://luxemia.shop/product/cotton-silk-pink-casual-wear-embroidery-work-salwar-suit-404530,https://cdn.shopify.com/s/files/1/0746/4707/7035/files/Pink-Cotton-Silk-Casual-Wear-Embroidery-Work-Salwar-Suit-JIVIKA-1101B_1_2db4c8b1-7bfa-47b2-a7cb-3b878f7f1ed2.jpg?v=1789787118,LuxeMia
cotton-silk-yellow-casual-wear-embroidery-work-salwar-suit-404529,Yellow Embroidered Cotton Salwar Kameez with Dupatta,"Celebrate the season in this Yellow Cotton salwar suit, richly detailed with embroidery for a graceful, festive look. The graceful silhouette drapes beautifully and keeps you comfortable through long celebrations. Ideal for festive pujas, family functions, and social celebrations. Product Details: Fabric: Cotton with soft, breathable comfort. Work: Embroidery. Includes: Kurta, Salwar and Dupatta. Perfect For: Festive pujas, family functions, and social celebrations. Styling Tip: Drape it over a contrasting kurta or gown to elevate the festive look. Note: Refer to the size chart for fit. Custom measurement tailoring is available on request. Slight colour variation may occur due to screen settings.",in stock,new,44.99 USD,https://luxemia.shop/product/cotton-silk-yellow-casual-wear-embroidery-work-salwar-suit-404529,https://cdn.shopify.com/s/files/1/0746/4707/7035/files/Yellow-Cotton-Silk-Casual-Wear-Embroidery-Work-Salwar-Suit-JIVIKA-1101A_1_01c1e02d-84cb-4454-9faa-f010981de071.jpg?v=1789787119,LuxeMia
crepe-silk-navy-blue-casual-wear-embroidery-work-readymade-palazzo-suit-404492,Navy Blue Embroidered Crepe Palazzo Suit with Dupatta,"Celebrate the season in this Navy Blue Crepe palazzo suit, richly detailed with embroidery for a graceful, festive look. The graceful silhouette drapes beautifully and keeps you comfortable through long celebrations. Ideal for festive pujas, family functions, and social celebrations. Product Details: Fabric: Crepe with a soft, flowy drape. Work: Embroidery. Includes: Kurta, Palazzo and Dupatta. Perfect For: Festive pujas, family functions, and social celebrations. Styling Tip: Drape it over a contrasting kurta or gown to elevate the festive look. Note: Refer to the size chart for fit. Custom measurement tailoring is available on request. Slight colour variation may occur due to screen settings.",in stock,new,44.99 USD,https://luxemia.shop/product/crepe-silk-navy-blue-casual-wear-embroidery-work-readymade-palazzo-suit-404492,https://cdn.shopify.com/s/files/1/0746/4707/7035/files/Navy-Blue-Crepe-Silk-Casual-Wear-Embroidery-Work-Readymade-Palazzo-Suit-HK-1745_1_c06209ae-1d80-4253-b300-5c5f8f7b1386.jpg?v=1789787966,LuxeMia
crunchy-silk-beige-festival-wear-embroidery-work-readymade-palazzo-suit-404469,Beige Embroidered Silk Palazzo Suit with Dupatta,"Celebrate the season in this Beige Silk palazzo suit, richly detailed with embroidery for a graceful, festive look. The graceful silhouette drapes beautifully and keeps you comfortable through long celebrations. Ideal for festive pujas, family functions, and social celebrations. Product Details: Fabric: Silk with a smooth, lustrous drape. Work: Embroidery. Includes: Kurta, Palazzo and Dupatta. Perfect For: Festive pujas, family functions, and social celebrations. Styling Tip: Drape it over a contrasting kurta or gown to elevate the festive look. Note: Refer to the size chart for fit. Custom measurement tailoring is available on request. Slight colour variation may occur due to screen settings.",in stock,new,42.99 USD,https://luxemia.shop/product/crunchy-silk-beige-festival-wear-embroidery-work-readymade-palazzo-suit-404469,https://cdn.shopify.com/s/files/1/0746/4707/7035/files/Beige-Crunchy-Silk-Festival-Wear-Embroidery-Work-Readymade-Palazzo-Suit-ANAYKA-002_1_c447b04e-f453-4666-baca-b8e3b033206d.jpg?v=1789787967,LuxeMia
crunchy-silk-pink-festival-wear-embroidery-work-readymade-palazzo-suit-404468,Pink Embroidered Silk Palazzo Suit with Dupatta (Style 404468),"Celebrate the season in this Pink Silk palazzo suit, richly detailed with embroidery for a graceful, festive look. The graceful silhouette drapes beautifully and keeps you comfortable through long celebrations. Ideal for festive pujas, family functions, and social celebrations. Product Details: Fabric: Silk with a smooth, lustrous drape. Work: Embroidery. Includes: Kurta, Palazzo and Dupatta. Perfect For: Festive pujas, family functions, and social celebrations. Styling Tip: Drape it over a contrasting kurta or gown to elevate the festive look. Note: Refer to the size chart for fit. Custom measurement tailoring is available on request. Slight colour variation may occur due to screen settings.",in stock,new,42.99 USD,https://luxemia.shop/product/crunchy-silk-pink-festival-wear-embroidery-work-readymade-palazzo-suit-404468,https://cdn.shopify.com/s/files/1/0746/4707/7035/files/Pink-Crunchy-Silk-Festival-Wear-Embroidery-Work-Readymade-Palazzo-Suit-ANAYKA-001_1_10c8f782-49b9-439c-8825-cd74c1c12636.jpg?v=1789787968,LuxeMia
tissue-silk-multicolor-occasional-wear-embroidery-work-readymade-palazzo-suit-404456,Multi-color Embroidered Palazzo Suit with Dupatta - Tissue Silk,"Celebrate the season in this Multi Tissue Silk palazzo suit, richly detailed with embroidery for a graceful, festive look. The graceful silhouette drapes beautifully and keeps you comfortable through long celebrations. Ideal for festive pujas, family functions, and social celebrations. Product Details: Fabric: Tissue Silk with a smooth, lustrous drape. Work: Embroidery. Includes: Kurta, Palazzo and Dupatta. Perfect For: Festive pujas, family functions, and social celebrations. Styling Tip: Drape it over a contrasting kurta or gown to elevate the festive look. Note: Refer to the size chart for fit. Custom measurement tailoring is available on request. Slight colour variation may occur due to screen settings.",in stock,new,94.99 USD,https://luxemia.shop/product/tissue-silk-multicolor-occasional-wear-embroidery-work-readymade-palazzo-suit-404456,https://cdn.shopify.com/s/files/1/0746/4707/7035/files/Multicolor-Tissue-Silk---Occasional-Wear-Embroidery-Work-Readymade-Palazzo-Suit-CHANDRIKA-2187_1_df1bcce9-db65-49c9-8222-41d7038a5d40.jpg?v=1789787123,LuxeMia
tissue-silk-multicolor-occasional-wear-embroidery-work-readymade-palazzo-suit-404455,Multi-color Embroidered Tissue Silk Palazzo Suit with Dupatta,"Celebrate the season in this Multi Tissue Silk palazzo suit, richly detailed with embroidery for a graceful, festive look. The graceful silhouette drapes beautifully and keeps you comfortable through long celebrations. Ideal for festive pujas, family functions, and social celebrations. Product Details: Fabric: Tissue Silk with a smooth, lustrous drape. Work: Embroidery. Includes: Kurta, Palazzo and Dupatta. Perfect For: Festive pujas, family functions, and social celebrations. Styling Tip: Drape it over a contrasting kurta or gown to elevate the festive look. Note: Refer to the size chart for fit. Custom measurement tailoring is available on request. Slight colour variation may occur due to screen settings.",in stock,new,94.99 USD,https://luxemia.shop/product/tissue-silk-multicolor-occasional-wear-embroidery-work-readymade-palazzo-suit-404455,https://cdn.shopify.com/s/files/1/0746/4707/7035/files/Multicolor-Tissue-Silk---Occasional-Wear-Embroidery-Work-Readymade-Palazzo-Suit-CHANDRIKA-2186_1.jpg?v=1789787124,LuxeMia
nc-moss-rust-orange-festival-wear-embroidery-work-readymade-palazzo-suit-404454,Rust Orange Embroidered Palazzo Suit with Dupatta,"Celebrate the season in this Rust Orange palazzo suit, richly detailed with embroidery for a graceful, festive look. The graceful silhouette drapes beautifully and keeps you comfortable through long celebrations. Ideal for festive pujas, family functions, and social celebrations. Product Details: Fabric: Premium quality material with a refined finish. Work: Embroidery. Includes: Kurta, Palazzo and Dupatta. Perfect For: Festive pujas, family functions, and social celebrations. Styling Tip: Drape it over a contrasting kurta or gown to elevate the festive look. Note: Refer to the size chart for fit. Custom measurement tailoring is available on request. Slight colour variation may occur due to screen settings.",in stock,new,95.99 USD,https://luxemia.shop/product/nc-moss-rust-orange-festival-wear-embroidery-work-readymade-palazzo-suit-404454,https://cdn.shopify.com/s/files/1/0746/4707/7035/files/Rust-Orange-NC-Moss-Festival-Wear-Embroidery-Work-Readymade-Palazzo-Suit-POORVI-12441B_1_c1c97835-5ccb-469a-a3cc-fb2597f42815.jpg?v=1789787125,LuxeMia
nc-moss-purple-festival-wear-embroidery-work-readymade-palazzo-suit-404453,Embroidered Palazzo Suit with Dupatta - Festival,"Celebrate the season in this Rust Orange palazzo suit, richly detailed with embroidery for a graceful, festive look. The graceful silhouette drapes beautifully and keeps you comfortable through long celebrations. Ideal for festive pujas, family functions, and social celebrations. Product Details: Fabric: Premium quality material with a refined finish. Work: Embroidery. Includes: Kurta, Palazzo and Dupatta. Perfect For: Festive pujas, family functions, and social celebrations. Styling Tip: Drape it over a contrasting kurta or gown to elevate the festive look. Note: Refer to the size chart for fit. Custom measurement tailoring is available on request. Slight colour variation may occur due to screen settings.",in stock,new,95.99 USD,https://luxemia.shop/product/nc-moss-purple-festival-wear-embroidery-work-readymade-palazzo-suit-404453,https://cdn.shopify.com/s/files/1/0746/4707/7035/files/Purple-NC-Moss-Festival-Wear-Embroidery-Work-Readymade-Palazzo-Suit-POORVI-12440A_1_8b7fee02-fb53-47a7-b1e8-4ff471e7dfef.jpg?v=1789787988,LuxeMia
jacquard-silk-beige-festival-wear-pintux-readymade-dhoti-suit-with-stole-403980,Beige Jacquard Sherwani with Pajama (Style 403980),"Make a distinguished statement in this Beige Jacquard Silk sherwani, crafted with machine-crafted jacquard pattern for a polished festive look. The graceful silhouette drapes beautifully and keeps you comfortable through long celebrations. Ideal for wedding ceremonies, sangeet nights, and festive receptions. Product Details: Fabric: Jacquard Silk with a structured, textured finish. Work: Machine-crafted jacquard pattern. Includes: Sherwani with pajama. Perfect For: Wedding ceremonies, sangeet nights, and festive receptions. Styling Tip: Complete the look with classic mojaris and a statement watch for a refined finish. Note: Refer to the size chart for fit. Custom measurement tailoring is available on request. Slight colour variation may occur due to screen settings.",in stock,new,116.99 USD,https://luxemia.shop/product/jacquard-silk-beige-festival-wear-pintux-readymade-dhoti-suit-with-stole-403980,https://cdn.shopify.com/s/files/1/0746/4707/7035/files/Beige-Jacquard-Silk-Festival-Wear-Pintux-Readymade-Dhoti-Suit-With-Stole-4766_1.jpg?v=1789787127,LuxeMia
jacquard-silk-beige-festival-wear-pintux-readymade-dhoti-suit-with-stole-403979,Beige Sherwani with Pajama - Jacquard Festival,"Make a distinguished statement in this Beige Jacquard Silk sherwani, crafted with machine-crafted jacquard pattern for a polished festive look. The graceful silhouette drapes beautifully and keeps you comfortable through long celebrations. Ideal for wedding ceremonies, sangeet nights, and festive receptions. Product Details: Fabric: Jacquard Silk with a structured, textured finish. Work: Machine-crafted jacquard pattern. Includes: Sherwani with pajama. Perfect For: Wedding ceremonies, sangeet nights, and festive receptions. Styling Tip: Complete the look with classic mojaris and a statement watch for a refined finish. Note: Refer to the size chart for fit. Custom measurement tailoring is available on request. Slight colour variation may occur due to screen settings.",in stock,new,116.99 USD,https://luxemia.shop/product/jacquard-silk-beige-festival-wear-pintux-readymade-dhoti-suit-with-stole-403979,https://cdn.shopify.com/s/files/1/0746/4707/7035/files/Beige-Jacquard-Silk-Festival-Wear-Pintux-Readymade-Dhoti-Suit-With-Stole-4765_1_8f200de7-0486-4b32-9ff7-f4b8bc46b2c2.jpg?v=1789787969,LuxeMia
jacquard-silk-beige-festival-wear-pintux-readymade-dhoti-suit-with-stole-403978,Beige Sherwani with Pajama (Style 403978),"Make a distinguished statement in this Beige Jacquard Silk sherwani, crafted with machine-crafted jacquard pattern for a polished festive look. The graceful silhouette drapes beautifully and keeps you comfortable through long celebrations. Ideal for wedding ceremonies, sangeet nights, and festive receptions. Product Details: Fabric: Jacquard Silk with a structured, textured finish. Work: Machine-crafted jacquard pattern. Includes: Sherwani with pajama. Perfect For: Wedding ceremonies, sangeet nights, and festive receptions. Styling Tip: Complete the look with classic mojaris and a statement watch for a refined finish. Note: Refer to the size chart for fit. Custom measurement tailoring is available on request. Slight colour variation may occur due to screen settings.",in stock,new,116.99 USD,https://luxemia.shop/product/jacquard-silk-beige-festival-wear-pintux-readymade-dhoti-suit-with-stole-403978,https://cdn.shopify.com/s/files/1/0746/4707/7035/files/Beige-Jacquard-Silk-Festival-Wear-Pintux-Readymade-Dhoti-Suit-With-Stole-4764_1.jpg?v=1789787130,LuxeMia
jacquard-silk-beige-festival-wear-pintux-readymade-dhoti-suit-with-stole-403977,Beige Jacquard Sherwani with Pajama,"Make a distinguished statement in this Beige Jacquard Silk sherwani, crafted with machine-crafted jacquard pattern for a polished festive look. The graceful silhouette drapes beautifully and keeps you comfortable through long celebrations. Ideal for wedding ceremonies, sangeet nights, and festive receptions. Product Details: Fabric: Jacquard Silk with a structured, textured finish. Work: Machine-crafted jacquard pattern. Includes: Sherwani with pajama. Perfect For: Wedding ceremonies, sangeet nights, and festive receptions. Styling Tip: Complete the look with classic mojaris and a statement watch for a refined finish. Note: Refer to the size chart for fit. Custom measurement tailoring is available on request. Slight colour variation may occur due to screen settings.",in stock,new,116.99 USD,https://luxemia.shop/product/jacquard-silk-beige-festival-wear-pintux-readymade-dhoti-suit-with-stole-403977,https://cdn.shopify.com/s/files/1/0746/4707/7035/files/Beige-Jacquard-Silk-Festival-Wear-Pintux-Readymade-Dhoti-Suit-With-Stole-4763_1.jpg?v=1789787131,LuxeMia
jacquard-silk-beige-festival-wear-pintux-readymade-dhoti-suit-with-stole-403976,Beige Sherwani with Pajama,"Make a distinguished statement in this Beige Jacquard Silk sherwani, crafted with machine-crafted jacquard pattern for a polished festive look. The graceful silhouette drapes beautifully and keeps you comfortable through long celebrations. Ideal for wedding ceremonies, sangeet nights, and festive receptions. Product Details: Fabric: Jacquard Silk with a structured, textured finish. Work: Machine-crafted jacquard pattern. Includes: Sherwani with pajama. Perfect For: Wedding ceremonies, sangeet nights, and festive receptions. Styling Tip: Complete the look with classic mojaris and a statement watch for a refined finish. Note: Refer to the size chart for fit. Custom measurement tailoring is available on request. Slight colour variation may occur due to screen settings.",in stock,new,116.99 USD,https://luxemia.shop/product/jacquard-silk-beige-festival-wear-pintux-readymade-dhoti-suit-with-stole-403976,https://cdn.shopify.com/s/files/1/0746/4707/7035/files/Beige-Jacquard-Silk-Festival-Wear-Pintux-Readymade-Dhoti-Suit-With-Stole-4762_1.jpg?v=1789787132,LuxeMia
jacquard-silk-gold-festival-wear-pintux-readymade-dhoti-suit-with-stole-403975,Gold Sherwani with Pajama,"Make a distinguished statement in this Gold Jacquard Silk sherwani, crafted with machine-crafted jacquard pattern for a polished festive look. The graceful silhouette drapes beautifully and keeps you comfortable through long celebrations. Ideal for wedding ceremonies, sangeet nights, and festive receptions. Product Details: Fabric: Jacquard Silk with a structured, textured finish. Work: Machine-crafted jacquard pattern. Includes: Sherwani with pajama. Perfect For: Wedding ceremonies, sangeet nights, and festive receptions. Styling Tip: Complete the look with classic mojaris and a statement watch for a refined finish. Note: Refer to the size chart for fit. Custom measurement tailoring is available on request. Slight colour variation may occur due to screen settings.",in stock,new,127.99 USD,https://luxemia.shop/product/jacquard-silk-gold-festival-wear-pintux-readymade-dhoti-suit-with-stole-403975,https://cdn.shopify.com/s/files/1/0746/4707/7035/files/Gold-Jacquard-Silk-Festival-Wear-Pintux-Readymade-Dhoti-Suit-With-Stole-4761_1.jpg?v=1789787134,LuxeMia
art-silk-onion-party-wear-computer-thread-work-readymade-sherwani-389323,Thread Work Sherwani with Pajama - Art Silk,"Make a distinguished statement in this Art Silk sherwani, crafted with thread embroidery for a polished festive look. The graceful silhouette drapes beautifully and keeps you comfortable through long celebrations. Ideal for wedding ceremonies, sangeet nights, and festive receptions. Product Details: Fabric: Art Silk with a smooth, lustrous drape. Work: Thread embroidery. Includes: Sherwani with pajama. Perfect For: Wedding ceremonies, sangeet nights, and festive receptions. Styling Tip: Complete the look with classic mojaris and a statement watch for a refined finish. Note: Refer to the size chart for fit. Custom measurement tailoring is available on request. Slight colour variation may occur due to screen settings.",in stock,new,115.50 USD,https://luxemia.shop/product/art-silk-onion-party-wear-computer-thread-work-readymade-sherwani-389323,https://cdn.shopify.com/s/files/1/0746/4707/7035/files/Onion-Art-Silk-Party-Wear-Computer-Thread-Work-Readymade-Sherwani-4209_1_49009861-06b2-41bb-b138-60e80afbd357.jpg?v=1789787135,LuxeMia
art-silk-cream-party-wear-computer-thread-work-readymade-sherwani-389322,Cream Thread Work Sherwani with Pajama - Art Silk,"Make a distinguished statement in this Cream Art Silk sherwani, crafted with thread embroidery for a polished festive look. The graceful silhouette drapes beautifully and keeps you comfortable through long celebrations. Ideal for wedding ceremonies, sangeet nights, and festive receptions. Product Details: Fabric: Art Silk with a smooth, lustrous drape. Work: Thread embroidery. Includes: Sherwani with pajama. Perfect For: Wedding ceremonies, sangeet nights, and festive receptions. Styling Tip: Complete the look with classic mojaris and a statement watch for a refined finish. Note: Refer to the size chart for fit. Custom measurement tailoring is available on request. Slight colour variation may occur due to screen settings.",in stock,new,115.50 USD,https://luxemia.shop/product/art-silk-cream-party-wear-computer-thread-work-readymade-sherwani-389322,https://cdn.shopify.com/s/files/1/0746/4707/7035/files/Cream-Art-Silk-Party-Wear-Computer-Thread-Work-Readymade-Sherwani-4208_1_721c1213-f10f-40e4-901b-282b6e3a83a4.jpg?v=1789787136,LuxeMia
art-silk-cream-party-wear-computer-thread-work-readymade-sherwani-389321,Cream Thread Work Sherwani with Pajama - Art Silk Party,"Make a distinguished statement in this Cream Art Silk sherwani, crafted with thread embroidery for a polished festive look. The graceful silhouette drapes beautifully and keeps you comfortable through long celebrations. Ideal for wedding ceremonies, sangeet nights, and festive receptions. Product Details: Fabric: Art Silk with a smooth, lustrous drape. Work: Thread embroidery. Includes: Sherwani with pajama. Perfect For: Wedding ceremonies, sangeet nights, and festive receptions. Styling Tip: Complete the look with classic mojaris and a statement watch for a refined finish. Note: Refer to the size chart for fit. Custom measurement tailoring is available on request. Slight colour variation may occur due to screen settings.",in stock,new,134.99 USD,https://luxemia.shop/product/art-silk-cream-party-wear-computer-thread-work-readymade-sherwani-389321,https://cdn.shopify.com/s/files/1/0746/4707/7035/files/Cream-Art-Silk-Party-Wear-Computer-Thread-Work-Readymade-Sherwani-4207_1.jpg?v=1789787971,LuxeMia
art-silk-powder-blue-party-wear-computer-thread-work-readymade-sherwani-389320,Blue Thread Work Art Silk Sherwani with Pajama,"Make a distinguished statement in this Blue Art Silk sherwani, crafted with thread embroidery for a polished festive look. The graceful silhouette drapes beautifully and keeps you comfortable through long celebrations. Ideal for wedding ceremonies, sangeet nights, and festive receptions. Product Details: Fabric: Art Silk with a smooth, lustrous drape. Work: Thread embroidery. Includes: Sherwani with pajama. Perfect For: Wedding ceremonies, sangeet nights, and festive receptions. Styling Tip: Complete the look with classic mojaris and a statement watch for a refined finish. Note: Refer to the size chart for fit. Custom measurement tailoring is available on request. Slight colour variation may occur due to screen settings.",in stock,new,134.99 USD,https://luxemia.shop/product/art-silk-powder-blue-party-wear-computer-thread-work-readymade-sherwani-389320,https://cdn.shopify.com/s/files/1/0746/4707/7035/files/Powder-Blue-Art-Silk-Party-Wear-Computer-Thread-Work-Readymade-Sherwani-4206_1_fa7e3170-e34c-4a94-88cb-6179b8017ead.jpg?v=1789787139,LuxeMia
art-silk-cream-party-wear-computer-thread-work-readymade-sherwani-389319,Cream Thread Work Art Silk Sherwani with Pajama,"Make a distinguished statement in this Cream Art Silk sherwani, crafted with thread embroidery for a polished festive look. The graceful silhouette drapes beautifully and keeps you comfortable through long celebrations. Ideal for wedding ceremonies, sangeet nights, and festive receptions. Product Details: Fabric: Art Silk with a smooth, lustrous drape. Work: Thread embroidery. Includes: Sherwani with pajama. Perfect For: Wedding ceremonies, sangeet nights, and festive receptions. Styling Tip: Complete the look with classic mojaris and a statement watch for a refined finish. Note: Refer to the size chart for fit. Custom measurement tailoring is available on request. Slight colour variation may occur due to screen settings.",in stock,new,143.99 USD,https://luxemia.shop/product/art-silk-cream-party-wear-computer-thread-work-readymade-sherwani-389319,https://cdn.shopify.com/s/files/1/0746/4707/7035/files/Cream-Art-Silk-Party-Wear-Computer-Thread-Work-Readymade-Sherwani-4205_1_e4fab0d2-88f7-48f7-ab1a-13649e266603.jpg?v=1789787140,LuxeMia
art-silk-onion-party-wear-computer-thread-work-readymade-sherwani-389318,Thread Work Sherwani with Pajama - Art Silk Party,"Make a distinguished statement in this Art Silk sherwani, crafted with thread embroidery for a polished festive look. The graceful silhouette drapes beautifully and keeps you comfortable through long celebrations. Ideal for wedding ceremonies, sangeet nights, and festive receptions. Product Details: Fabric: Art Silk with a smooth, lustrous drape. Work: Thread embroidery. Includes: Sherwani with pajama. Perfect For: Wedding ceremonies, sangeet nights, and festive receptions. Styling Tip: Complete the look with classic mojaris and a statement watch for a refined finish. Note: Refer to the size chart for fit. Custom measurement tailoring is available on request. Slight colour variation may occur due to screen settings.",in stock,new,201.99 USD,https://luxemia.shop/product/art-silk-onion-party-wear-computer-thread-work-readymade-sherwani-389318,https://cdn.shopify.com/s/files/1/0746/4707/7035/files/Onion-Art-Silk-Party-Wear-Computer-Thread-Work-Readymade-Sherwani-4204_1.jpg?v=1789787972,LuxeMia
art-silk-light-pista-party-wear-computer-thread-work-readymade-sherwani-389317,Pista Thread Work Art Silk Sherwani with Pajama,"Make a distinguished statement in this Art Silk sherwani, crafted with thread embroidery for a polished festive look. The graceful silhouette drapes beautifully and keeps you comfortable through long celebrations. Ideal for wedding ceremonies, sangeet nights, and festive receptions. Product Details: Fabric: Art Silk with a smooth, lustrous drape. Work: Thread embroidery. Includes: Sherwani with pajama. Perfect For: Wedding ceremonies, sangeet nights, and festive receptions. Styling Tip: Complete the look with classic mojaris and a statement watch for a refined finish. Note: Refer to the size chart for fit. Custom measurement tailoring is available on request. Slight colour variation may occur due to screen settings.",in stock,new,201.99 USD,https://luxemia.shop/product/art-silk-light-pista-party-wear-computer-thread-work-readymade-sherwani-389317,https://cdn.shopify.com/s/files/1/0746/4707/7035/files/Light-Pista-Art-Silk-Party-Wear-Computer-Thread-Work-Readymade-Sherwani-4203_1.jpg?v=1789787143,LuxeMia
art-silk-onion-party-wear-computer-thread-work-readymade-sherwani-389316,Thread Work Art Silk Sherwani with Pajama (Style 389316),"Make a distinguished statement in this Art Silk sherwani, crafted with thread embroidery for a polished festive look. The graceful silhouette drapes beautifully and keeps you comfortable through long celebrations. Ideal for wedding ceremonies, sangeet nights, and festive receptions. Product Details: Fabric: Art Silk with a smooth, lustrous drape. Work: Thread embroidery. Includes: Sherwani with pajama. Perfect For: Wedding ceremonies, sangeet nights, and festive receptions. Styling Tip: Complete the look with classic mojaris and a statement watch for a refined finish. Note: Refer to the size chart for fit. Custom measurement tailoring is available on request. Slight colour variation may occur due to screen settings.",in stock,new,172.99 USD,https://luxemia.shop/product/art-silk-onion-party-wear-computer-thread-work-readymade-sherwani-389316,https://cdn.shopify.com/s/files/1/0746/4707/7035/files/Onion-Art-Silk-Party-Wear-Computer-Thread-Work-Readymade-Sherwani-4202_1_45c406bb-2324-465b-ab10-70d920ffec75.jpg?v=1789787144,LuxeMia
art-silk-pink-party-wear-computer-thread-work-readymade-sherwani-389315,Pink Thread Work Art Silk Sherwani with Pajama,"Make a distinguished statement in this Pink Art Silk sherwani, crafted with thread embroidery for a polished festive look. The graceful silhouette drapes beautifully and keeps you comfortable through long celebrations. Ideal for wedding ceremonies, sangeet nights, and festive receptions. Product Details: Fabric: Art Silk with a smooth, lustrous drape. Work: Thread embroidery. Includes: Sherwani with pajama. Perfect For: Wedding ceremonies, sangeet nights, and festive receptions. Styling Tip: Complete the look with classic mojaris and a statement watch for a refined finish. Note: Refer to the size chart for fit. Custom measurement tailoring is available on request. Slight colour variation may occur due to screen settings.",in stock,new,172.99 USD,https://luxemia.shop/product/art-silk-pink-party-wear-computer-thread-work-readymade-sherwani-389315,https://cdn.shopify.com/s/files/1/0746/4707/7035/files/Pink-Art-Silk-Party-Wear-Computer-Thread-Work-Readymade-Sherwani-4201_1_fcb27ae7-ea66-4911-9884-b0b9122796ae.jpg?v=1789787145,LuxeMia
embosed-velvet-navy-blue-wedding-wear-embroidery-work-readymade-sherwani-385513,Navy Blue Embroidered Velvet Sherwani with Pajama,"Make a distinguished statement in this Navy Blue Velvet sherwani, crafted with embroidery for a polished festive look. The graceful silhouette drapes beautifully and keeps you comfortable through long celebrations. Ideal for wedding ceremonies, sangeet nights, and festive receptions. Product Details: Fabric: Velvet with a rich, plush feel. Work: Embroidery. Includes: Sherwani with pajama. Perfect For: Wedding ceremonies, sangeet nights, and festive receptions. Styling Tip: Complete the look with classic mojaris and a statement watch for a refined finish. Note: Refer to the size chart for fit. Custom measurement tailoring is available on request. Slight colour variation may occur due to screen settings.",in stock,new,146.99 USD,https://luxemia.shop/product/embosed-velvet-navy-blue-wedding-wear-embroidery-work-readymade-sherwani-385513,https://cdn.shopify.com/s/files/1/0746/4707/7035/files/Navy-Blue-Embosed-Velvet-Wedding-Wear-Embroidery-Work-Readymade-Sherwani-4151_1_2bf8d907-71b6-4e68-a8d2-6d13b0c858ae.jpg?v=1789787146,LuxeMia
embosed-velvet-magenta-wedding-wear-embroidery-work-readymade-sherwani-385512,Magenta Embroidered Velvet Sherwani with Pajama,"Make a distinguished statement in this Magenta Velvet sherwani, crafted with embroidery for a polished festive look. The graceful silhouette drapes beautifully and keeps you comfortable through long celebrations. Ideal for wedding ceremonies, sangeet nights, and festive receptions. Product Details: Fabric: Velvet with a rich, plush feel. Work: Embroidery. Includes: Sherwani with pajama. Perfect For: Wedding ceremonies, sangeet nights, and festive receptions. Styling Tip: Complete the look with classic mojaris and a statement watch for a refined finish. Note: Refer to the size chart for fit. Custom measurement tailoring is available on request. Slight colour variation may occur due to screen settings.",in stock,new,146.99 USD,https://luxemia.shop/product/embosed-velvet-magenta-wedding-wear-embroidery-work-readymade-sherwani-385512,https://cdn.shopify.com/s/files/1/0746/4707/7035/files/Magenta-Embosed-Velvet-Wedding-Wear-Embroidery-Work-Readymade-Sherwani-4150_1_6cfe0611-8665-439e-8328-4ab4a9304b15.jpg?v=1789787148,LuxeMia
art-silk-navy-blue-wedding-wear-embroidery-work-readymade-sherwani-385511,Navy Blue Embroidered Sherwani with Pajama - Art Silk,"Make a distinguished statement in this Navy Blue Art Silk sherwani, crafted with embroidery for a polished festive look. The graceful silhouette drapes beautifully and keeps you comfortable through long celebrations. Ideal for wedding ceremonies, sangeet nights, and festive receptions. Product Details: Fabric: Art Silk with a smooth, lustrous drape. Work: Embroidery. Includes: Sherwani with pajama. Perfect For: Wedding ceremonies, sangeet nights, and festive receptions. Styling Tip: Complete the look with classic mojaris and a statement watch for a refined finish. Note: Refer to the size chart for fit. Custom measurement tailoring is available on request. Slight colour variation may occur due to screen settings.",in stock,new,219.99 USD,https://luxemia.shop/product/art-silk-navy-blue-wedding-wear-embroidery-work-readymade-sherwani-385511,https://cdn.shopify.com/s/files/1/0746/4707/7035/files/Navy-Blue-Art-Silk-Wedding-Wear-Embroidery-Work-Readymade-Sherwani-4149_1_22ee2ad7-5434-48bd-a8be-052a78d45b36.jpg?v=1789787149,LuxeMia
embosed-velvet-black-wedding-wear-embroidery-work-readymade-sherwani-385510,Embroidered Velvet Sherwani with Pajama,"Make a distinguished statement in this Black Velvet sherwani, crafted with embroidery for a polished festive look. The graceful silhouette drapes beautifully and keeps you comfortable through long celebrations. Ideal for wedding ceremonies, sangeet nights, and festive receptions. Product Details: Fabric: Velvet with a rich, plush feel. Work: Embroidery. Includes: Sherwani with pajama. Perfect For: Wedding ceremonies, sangeet nights, and festive receptions. Styling Tip: Complete the look with classic mojaris and a statement watch for a refined finish. Note: Refer to the size chart for fit. Custom measurement tailoring is available on request. Slight colour variation may occur due to screen settings.",in stock,new,127.99 USD,https://luxemia.shop/product/embosed-velvet-black-wedding-wear-embroidery-work-readymade-sherwani-385510,https://cdn.shopify.com/s/files/1/0746/4707/7035/files/Black-Embosed-Velvet-Wedding-Wear-Embroidery-Work-Readymade-Sherwani-4148_1_71aba8db-fd49-46b2-9569-12ce2a548185.jpg?v=1789787993,LuxeMia
art-silk-wine-wedding-wear-embroidery-work-readymade-sherwani-385509,Wine Embroidered Art Silk Sherwani with Pajama,"Make a distinguished statement in this Wine Art Silk sherwani, crafted with embroidery for a polished festive look. The graceful silhouette drapes beautifully and keeps you comfortable through long celebrations. Ideal for wedding ceremonies, sangeet nights, and festive receptions. Product Details: Fabric: Art Silk with a smooth, lustrous drape. Work: Embroidery. Includes: Sherwani with pajama. Perfect For: Wedding ceremonies, sangeet nights, and festive receptions. Styling Tip: Complete the look with classic mojaris and a statement watch for a refined finish. Note: Refer to the size chart for fit. Custom measurement tailoring is available on request. Slight colour variation may occur due to screen settings.",in stock,new,127.99 USD,https://luxemia.shop/product/art-silk-wine-wedding-wear-embroidery-work-readymade-sherwani-385509,https://cdn.shopify.com/s/files/1/0746/4707/7035/files/Wine-Art-Silk-Wedding-Wear-Embroidery-Work-Readymade-Sherwani-4147_1_373b6389-3c9b-4cef-991d-97e03bd1c60e.jpg?v=1789787152,LuxeMia
art-silk-black-wedding-wear-embroidery-work-readymade-sherwani-385508,Black Embroidered Sherwani with Pajama - Art Silk,"Make a distinguished statement in this Black Art Silk sherwani, crafted with embroidery for a polished festive look. The graceful silhouette drapes beautifully and keeps you comfortable through long celebrations. Ideal for wedding ceremonies, sangeet nights, and festive receptions. Product Details: Fabric: Art Silk with a smooth, lustrous drape. Work: Embroidery. Includes: Sherwani with pajama. Perfect For: Wedding ceremonies, sangeet nights, and festive receptions. Styling Tip: Complete the look with classic mojaris and a statement watch for a refined finish. Note: Refer to the size chart for fit. Custom measurement tailoring is available on request. Slight colour variation may occur due to screen settings.",in stock,new,219.99 USD,https://luxemia.shop/product/art-silk-black-wedding-wear-embroidery-work-readymade-sherwani-385508,https://cdn.shopify.com/s/files/1/0746/4707/7035/files/Black-Art-Silk-Wedding-Wear-Embroidery-Work-Readymade-Sherwani-4146_1_15541c80-4f93-45d8-bb45-76b9e2f22def.jpg?v=1789787153,LuxeMia
art-silk-teal-blue-wedding-wear-embroidery-work-readymade-sherwani-385507,Blue Embroidered Art Silk Sherwani with Pajama,"Make a distinguished statement in this Blue Art Silk sherwani, crafted with embroidery for a polished festive look. The graceful silhouette drapes beautifully and keeps you comfortable through long celebrations. Ideal for wedding ceremonies, sangeet nights, and festive receptions. Product Details: Fabric: Art Silk with a smooth, lustrous drape. Work: Embroidery. Includes: Sherwani with pajama. Perfect For: Wedding ceremonies, sangeet nights, and festive receptions. Styling Tip: Complete the look with classic mojaris and a statement watch for a refined finish. Note: Refer to the size chart for fit. Custom measurement tailoring is available on request. Slight colour variation may occur due to screen settings.",in stock,new,127.99 USD,https://luxemia.shop/product/art-silk-teal-blue-wedding-wear-embroidery-work-readymade-sherwani-385507,https://cdn.shopify.com/s/files/1/0746/4707/7035/files/Teal-Blue-Art-Silk-Wedding-Wear-Embroidery-Work-Readymade-Sherwani-4145_1.jpg?v=1789787154,LuxeMia
art-silk-pista-green-wedding-wear-embroidery-work-readymade-sherwani-385506,Green Embroidered Art Silk Sherwani with Pajama,"Make a distinguished statement in this Green Art Silk sherwani, crafted with embroidery for a polished festive look. The graceful silhouette drapes beautifully and keeps you comfortable through long celebrations. Ideal for wedding ceremonies, sangeet nights, and festive receptions. Product Details: Fabric: Art Silk with a smooth, lustrous drape. Work: Embroidery. Includes: Sherwani with pajama. Perfect For: Wedding ceremonies, sangeet nights, and festive receptions. Styling Tip: Complete the look with classic mojaris and a statement watch for a refined finish. Note: Refer to the size chart for fit. Custom measurement tailoring is available on request. Slight colour variation may occur due to screen settings.",in stock,new,146.99 USD,https://luxemia.shop/product/art-silk-pista-green-wedding-wear-embroidery-work-readymade-sherwani-385506,https://cdn.shopify.com/s/files/1/0746/4707/7035/files/Pista-Green-Art-Silk-Wedding-Wear-Embroidery-Work-Readymade-Sherwani-4144_1.jpg?v=1789787155,LuxeMia
art-silk-beige-wedding-wear-embroidery-work-readymade-sherwani-385505,Embroidered Silk Sherwani with Pajama,"Make a distinguished statement in this Beige Silk sherwani, crafted with embroidery for a polished festive look. The graceful silhouette drapes beautifully and keeps you comfortable through long celebrations. Ideal for wedding ceremonies, sangeet nights, and festive receptions. Product Details: Fabric: Silk with a smooth, lustrous drape. Work: Embroidery. Includes: Sherwani with pajama. Perfect For: Wedding ceremonies, sangeet nights, and festive receptions. Styling Tip: Complete the look with classic mojaris and a statement watch for a refined finish. Note: Refer to the size chart for fit. Custom measurement tailoring is available on request. Slight colour variation may occur due to screen settings.",in stock,new,127.99 USD,https://luxemia.shop/product/art-silk-beige-wedding-wear-embroidery-work-readymade-sherwani-385505,https://cdn.shopify.com/s/files/1/0746/4707/7035/files/Beige-Art-Silk-Wedding-Wear-Embroidery-Work-Readymade-Sherwani-4143_1_a726cf9b-3fb1-4bcc-bb5c-1f057d808afe.jpg?v=1789787997,LuxeMia
art-silk-light-pink-wedding-wear-embroidery-work-readymade-sherwani-385503,Light Pink Embroidered Art Silk Sherwani with Pajama,"Make a distinguished statement in this Light Pink Art Silk sherwani, crafted with embroidery for a polished festive look. The graceful silhouette drapes beautifully and keeps you comfortable through long celebrations. Ideal for wedding ceremonies, sangeet nights, and festive receptions. Product Details: Fabric: Art Silk with a smooth, lustrous drape. Work: Embroidery. Includes: Sherwani with pajama. Perfect For: Wedding ceremonies, sangeet nights, and festive receptions. Styling Tip: Complete the look with classic mojaris and a statement watch for a refined finish. Note: Refer to the size chart for fit. Custom measurement tailoring is available on request. Slight colour variation may occur due to screen settings.",in stock,new,146.99 USD,https://luxemia.shop/product/art-silk-light-pink-wedding-wear-embroidery-work-readymade-sherwani-385503,https://cdn.shopify.com/s/files/1/0746/4707/7035/files/Light-Pink-Art-Silk-Wedding-Wear-Embroidery-Work-Readymade-Sherwani-4141_1.jpg?v=1789787158,LuxeMia
art-silk-onion-groom-wear-thread-work-readymade-sherwani-385488,Thread Work Sherwani with Pajama - Art Silk,"Make a distinguished statement in this Art Silk sherwani, crafted with thread embroidery for a polished festive look. The graceful silhouette drapes beautifully and keeps you comfortable through long celebrations. Ideal for wedding ceremonies, sangeet nights, and festive receptions. Product Details: Fabric: Art Silk with a smooth, lustrous drape. Work: Thread embroidery. Includes: Sherwani with pajama. Perfect For: Wedding ceremonies, sangeet nights, and festive receptions. Styling Tip: Complete the look with classic mojaris and a statement watch for a refined finish. Note: Refer to the size chart for fit. Custom measurement tailoring is available on request. Slight colour variation may occur due to screen settings.",in stock,new,146.99 USD,https://luxemia.shop/product/art-silk-onion-groom-wear-thread-work-readymade-sherwani-385488,https://cdn.shopify.com/s/files/1/0746/4707/7035/files/Onion-Art-Silk-Groom-Wear-Thread-Work-Readymade-Sherwani-4014_1_aeb43866-2509-426a-acca-375c89f538c0.jpg?v=1789787973,LuxeMia
art-silk-firozi-green-groom-wear-thread-work-readymade-sherwani-385487,Green Thread Work Art Silk Sherwani with Pajama,"Make a distinguished statement in this Green Art Silk sherwani, crafted with thread embroidery for a polished festive look. The graceful silhouette drapes beautifully and keeps you comfortable through long celebrations. Ideal for wedding ceremonies, sangeet nights, and festive receptions. Product Details: Fabric: Art Silk with a smooth, lustrous drape. Work: Thread embroidery. Includes: Sherwani with pajama. Perfect For: Wedding ceremonies, sangeet nights, and festive receptions. Styling Tip: Complete the look with classic mojaris and a statement watch for a refined finish. Note: Refer to the size chart for fit. Custom measurement tailoring is available on request. Slight colour variation may occur due to screen settings.",in stock,new,146.99 USD,https://luxemia.shop/product/art-silk-firozi-green-groom-wear-thread-work-readymade-sherwani-385487,https://cdn.shopify.com/s/files/1/0746/4707/7035/files/Firozi-Green-Art-Silk-Groom-Wear-Thread-Work-Readymade-Sherwani-4013_1.jpg?v=1789787160,LuxeMia
art-silk-onion-groom-wear-thread-work-readymade-sherwani-385486,Thread Work Art Silk Sherwani with Pajama,"Make a distinguished statement in this Art Silk sherwani, crafted with thread embroidery for a polished festive look. The graceful silhouette drapes beautifully and keeps you comfortable through long celebrations. Ideal for wedding ceremonies, sangeet nights, and festive receptions. Product Details: Fabric: Art Silk with a smooth, lustrous drape. Work: Thread embroidery. Includes: Sherwani with pajama. Perfect For: Wedding ceremonies, sangeet nights, and festive receptions. Styling Tip: Complete the look with classic mojaris and a statement watch for a refined finish. Note: Refer to the size chart for fit. Custom measurement tailoring is available on request. Slight colour variation may occur due to screen settings.",in stock,new,146.99 USD,https://luxemia.shop/product/art-silk-onion-groom-wear-thread-work-readymade-sherwani-385486,https://cdn.shopify.com/s/files/1/0746/4707/7035/files/Onion-Art-Silk-Groom-Wear-Thread-Work-Readymade-Sherwani-4012_1_61e85ed4-5e98-4f8d-82ae-d3e326c3b501.jpg?v=1789787162,LuxeMia
art-silk-beige-groom-wear-thread-work-readymade-sherwani-385485,Beige Thread Work Art Silk Sherwani with Pajama,"Make a distinguished statement in this Beige Art Silk sherwani, crafted with thread embroidery for a polished festive look. The graceful silhouette drapes beautifully and keeps you comfortable through long celebrations. Ideal for wedding ceremonies, sangeet nights, and festive receptions. Product Details: Fabric: Art Silk with a smooth, lustrous drape. Work: Thread embroidery. Includes: Sherwani with pajama. Perfect For: Wedding ceremonies, sangeet nights, and festive receptions. Styling Tip: Complete the look with classic mojaris and a statement watch for a refined finish. Note: Refer to the size chart for fit. Custom measurement tailoring is available on request. Slight colour variation may occur due to screen settings.",in stock,new,146.99 USD,https://luxemia.shop/product/art-silk-beige-groom-wear-thread-work-readymade-sherwani-385485,https://cdn.shopify.com/s/files/1/0746/4707/7035/files/Beige-Art-Silk-Groom-Wear-Thread-Work-Readymade-Sherwani-4011_1.jpg?v=1789787163,LuxeMia
art-silk-cream-groom-wear-thread-work-readymade-sherwani-385484,Cream Thread Work Sherwani with Pajama - Art Silk,"Make a distinguished statement in this Cream Art Silk sherwani, crafted with thread embroidery for a polished festive look. The graceful silhouette drapes beautifully and keeps you comfortable through long celebrations. Ideal for wedding ceremonies, sangeet nights, and festive receptions. Product Details: Fabric: Art Silk with a smooth, lustrous drape. Work: Thread embroidery. Includes: Sherwani with pajama. Perfect For: Wedding ceremonies, sangeet nights, and festive receptions. Styling Tip: Complete the look with classic mojaris and a statement watch for a refined finish. Note: Refer to the size chart for fit. Custom measurement tailoring is available on request. Slight colour variation may occur due to screen settings.",in stock,new,156.99 USD,https://luxemia.shop/product/art-silk-cream-groom-wear-thread-work-readymade-sherwani-385484,https://cdn.shopify.com/s/files/1/0746/4707/7035/files/Cream-Art-Silk-Groom-Wear-Thread-Work-Readymade-Sherwani-4010_1_6b408b2b-b3b8-48c3-9d9b-3ec2e77fc456.jpg?v=1789787974,LuxeMia
blush-beige-tissue-silk-saree,Crafted Border Tissue Silk Sari (Saree) in Blush Beige,"Celebrate the season in this Beige Tissue Silk sari, richly detailed with elegant crafted detailing for a graceful, festive look. The graceful silhouette drapes beautifully and keeps you comfortable through long celebrations. Ideal for weddings, festive pujas, and family celebrations. Product Details: Fabric: Tissue Silk with a smooth, lustrous drape. Work: Crafted finish with elegant detailing. Includes: Saree with unstitched blouse fabric. Perfect For: Weddings, festive pujas, and family celebrations. Styling Tip: Pair with gold jhumkas, traditional bangles, and a sleek bun for timeless elegance. Note: Refer to the size chart for fit. Custom measurement tailoring is available on request. Slight colour variation may occur due to screen settings.",out of stock,new,39.97 USD,https://luxemia.shop/product/blush-beige-tissue-silk-saree,https://cdn.shopify.com/s/files/1/0746/4707/7035/files/img-01.jpg?v=1790174673,LuxeMia
rose-pink-tissue-silk-saree,Crafted Border Tissue Silk Sari (Saree) in Rose Pink,"Celebrate the season in this Rose Pink Tissue Silk sari, richly detailed with elegant crafted detailing for a graceful, festive look. The graceful silhouette drapes beautifully and keeps you comfortable through long celebrations. Ideal for weddings, festive pujas, and family celebrations. Product Details: Fabric: Tissue Silk with a smooth, lustrous drape. Work: Crafted finish with elegant detailing. Includes: Saree with unstitched blouse fabric. Perfect For: Weddings, festive pujas, and family celebrations. Styling Tip: Pair with gold jhumkas, traditional bangles, and a sleek bun for timeless elegance. Note: Refer to the size chart for fit. Custom measurement tailoring is available on request. Slight colour variation may occur due to screen settings.",out of stock,new,39.97 USD,https://luxemia.shop/product/rose-pink-tissue-silk-saree,https://cdn.shopify.com/s/files/1/0746/4707/7035/files/img-01_7b401bbf-9a97-4f44-90f9-4e8d6b0c1674.jpg?v=1790174677,LuxeMia
cream-tissue-silk-saree,Crafted Border Tissue Silk Sari (Saree) in Cream,"Celebrate the season in this Cream Tissue Silk sari, richly detailed with elegant crafted detailing for a graceful, festive look. The graceful silhouette drapes beautifully and keeps you comfortable through long celebrations. Ideal for weddings, festive pujas, and family celebrations. Product Details: Fabric: Tissue Silk with a smooth, lustrous drape. Work: Crafted finish with elegant detailing. Includes: Saree with unstitched blouse fabric. Perfect For: Weddings, festive pujas, and family celebrations. Styling Tip: Pair with gold jhumkas, traditional bangles, and a sleek bun for timeless elegance. Note: Refer to the size chart for fit. Custom measurement tailoring is available on request. Slight colour variation may occur due to screen settings.",out of stock,new,39.97 USD,https://luxemia.shop/product/cream-tissue-silk-saree,https://cdn.shopify.com/s/files/1/0746/4707/7035/files/img-01_890876eb-b174-408b-a42e-0e1d924842c7.jpg?v=1790174681,LuxeMia
light-gold-tissue-silk-saree,Crafted Border Tissue Silk Sari (Saree) in Light Gold,"Celebrate the season in this Gold Tissue Silk sari, richly detailed with elegant crafted detailing for a graceful, festive look. The graceful silhouette drapes beautifully and keeps you comfortable through long celebrations. Ideal for weddings, festive pujas, and family celebrations. Product Details: Fabric: Tissue Silk with a smooth, lustrous drape. Work: Crafted finish with elegant detailing. Includes: Saree with unstitched blouse fabric. Perfect For: Weddings, festive pujas, and family celebrations. Styling Tip: Pair with gold jhumkas, traditional bangles, and a sleek bun for timeless elegance. Note: Refer to the size chart for fit. Custom measurement tailoring is available on request. Slight colour variation may occur due to screen settings.",out of stock,new,39.97 USD,https://luxemia.shop/product/light-gold-tissue-silk-saree,https://cdn.shopify.com/s/files/1/0746/4707/7035/files/img-01_56f540c5-c63e-4353-b338-7415642c3722.jpg?v=1790174683,LuxeMia
mint-green-tissue-silk-saree,Crafted Border Tissue Silk Sari (Saree) in Mint Green,"Celebrate the season in this Green Tissue Silk sari, richly detailed with elegant crafted detailing for a graceful, festive look. The graceful silhouette drapes beautifully and keeps you comfortable through long celebrations. Ideal for weddings, festive pujas, and family celebrations. Product Details: Fabric: Tissue Silk with a smooth, lustrous drape. Work: Crafted finish with elegant detailing. Includes: Saree with unstitched blouse fabric. Perfect For: Weddings, festive pujas, and family celebrations. Styling Tip: Pair with gold jhumkas, traditional bangles, and a sleek bun for timeless elegance. Note: Refer to the size chart for fit. Custom measurement tailoring is available on request. Slight colour variation may occur due to screen settings.",out of stock,new,39.97 USD,https://luxemia.shop/product/mint-green-tissue-silk-saree,https://cdn.shopify.com/s/files/1/0746/4707/7035/files/img-01_5fb47c34-85b1-4ac1-9d67-f02f7b484413.jpg?v=1790174687,LuxeMia
mustard-yellow-tissue-silk-saree,Crafted Border Tissue Silk Sari (Saree) in Mustard Yellow,"Celebrate the season in this Mustard Yellow Tissue Silk sari, richly detailed with elegant crafted detailing for a graceful, festive look. The graceful silhouette drapes beautifully and keeps you comfortable through long celebrations. Ideal for weddings, festive pujas, and family celebrations. Product Details: Fabric: Tissue Silk with a smooth, lustrous drape. Work: Crafted finish with elegant detailing. Includes: Saree with unstitched blouse fabric. Perfect For: Weddings, festive pujas, and family celebrations. Styling Tip: Pair with gold jhumkas, traditional bangles, and a sleek bun for timeless elegance. Note: Refer to the size chart for fit. Custom measurement tailoring is available on request. Slight colour variation may occur due to screen settings.",out of stock,new,39.97 USD,https://luxemia.shop/product/mustard-yellow-tissue-silk-saree,https://cdn.shopify.com/s/files/1/0746/4707/7035/files/img-01_1f089c4c-23aa-435f-bd98-0d566d06ace4.jpg?v=1790174690,LuxeMia
pink-designer-saree,Beads Work Designer Sari (Saree) in Pink,"Celebrate the season in this Pink sari, richly detailed with bead work for a graceful, festive look. The graceful silhouette drapes beautifully and keeps you comfortable through long celebrations. Ideal for weddings, festive pujas, and family celebrations. Product Details: Fabric: Premium quality material with a refined finish. Work: Bead work. Includes: Ready-to-wear saree with stitched blouse. Perfect For: Weddings, festive pujas, and family celebrations. Styling Tip: Pair with gold jhumkas, traditional bangles, and a sleek bun for timeless elegance. Note: Refer to the size chart for fit. Custom measurement tailoring is available on request. Slight colour variation may occur due to screen settings.",in stock,new,70.83 USD,https://luxemia.shop/product/pink-designer-saree,https://cdn.shopify.com/s/files/1/0746/4707/7035/files/img-01_32e62c6a-f54f-40db-a988-935cbc9fa5ed.jpg?v=1790174693,LuxeMia
mauve-designer-saree,Beads Work Designer Sari (Saree) in Mauve,"Celebrate the season in this Mauve sari, richly detailed with bead work for a graceful, festive look. The graceful silhouette drapes beautifully and keeps you comfortable through long celebrations. Ideal for weddings, festive pujas, and family celebrations. Product Details: Fabric: Premium quality material with a refined finish. Work: Bead work. Includes: Ready-to-wear saree with stitched blouse. Perfect For: Weddings, festive pujas, and family celebrations. Styling Tip: Pair with gold jhumkas, traditional bangles, and a sleek bun for timeless elegance. Note: Refer to the size chart for fit. Custom measurement tailoring is available on request. Slight colour variation may occur due to screen settings.",in stock,new,70.83 USD,https://luxemia.shop/product/mauve-designer-saree,https://cdn.shopify.com/s/files/1/0746/4707/7035/files/img-01_2535102f-1638-4a91-89b8-d8c22ba5d74f.jpg?v=1790174696,LuxeMia
teal-green-designer-saree,Beads Work Designer Sari (Saree) in Teal Green,"Celebrate the season in this Teal Green sari, richly detailed with bead work for a graceful, festive look. The graceful silhouette drapes beautifully and keeps you comfortable through long celebrations. Ideal for weddings, festive pujas, and family celebrations. Product Details: Fabric: Premium quality material with a refined finish. Work: Bead work. Includes: Ready-to-wear saree with stitched blouse. Perfect For: Weddings, festive pujas, and family celebrations. Styling Tip: Pair with gold jhumkas, traditional bangles, and a sleek bun for timeless elegance. Note: Refer to the size chart for fit. Custom measurement tailoring is available on request. Slight colour variation may occur due to screen settings.",in stock,new,70.83 USD,https://luxemia.shop/product/teal-green-designer-saree,https://cdn.shopify.com/s/files/1/0746/4707/7035/files/img-01_ace824f2-5f5a-46c6-8ede-0ffbcdb979e6.jpg?v=1790174700,LuxeMia
bronze-gold-designer-saree,Patch Work Designer Sari (Saree) in Bronze Gold,"Celebrate the season in this Gold sari, richly detailed with patchwork detailing for a graceful, festive look. The graceful silhouette drapes beautifully and keeps you comfortable through long celebrations. Ideal for weddings, festive pujas, and family celebrations. Product Details: Fabric: Premium quality material with a refined finish. Work: Patchwork detailing. Includes: Ready-to-wear saree with stitched blouse. Perfect For: Weddings, festive pujas, and family celebrations. Styling Tip: Pair with gold jhumkas, traditional bangles, and a sleek bun for timeless elegance. Note: Refer to the size chart for fit. Custom measurement tailoring is available on request. Slight colour variation may occur due to screen settings.",in stock,new,109.17 USD,https://luxemia.shop/product/bronze-gold-designer-saree,https://cdn.shopify.com/s/files/1/0746/4707/7035/files/img-01_5d9a16b8-2e05-4a12-9e99-829342659255.jpg?v=1790174702,LuxeMia
navy-blue-designer-saree,Patch Work Designer Sari (Saree) in Navy Blue,"Celebrate the season in this Navy Blue sari, richly detailed with patchwork detailing for a graceful, festive look. The graceful silhouette drapes beautifully and keeps you comfortable through long celebrations. Ideal for weddings, festive pujas, and family celebrations. Product Details: Fabric: Premium quality material with a refined finish. Work: Patchwork detailing. Includes: Ready-to-wear saree with stitched blouse. Perfect For: Weddings, festive pujas, and family celebrations. Styling Tip: Pair with gold jhumkas, traditional bangles, and a sleek bun for timeless elegance. Note: Refer to the size chart for fit. Custom measurement tailoring is available on request. Slight colour variation may occur due to screen settings.",in stock,new,109.17 USD,https://luxemia.shop/product/navy-blue-designer-saree,https://cdn.shopify.com/s/files/1/0746/4707/7035/files/img-01_1154cc26-5126-442a-b54b-f2cf71e8bdd2.jpg?v=1790174705,LuxeMia
green-patola-silk-saree,Crafted Patola Silk Sari (Saree) in Green,"Celebrate the season in this Green Patola Silk sari, richly detailed with elegant crafted detailing for a graceful, festive look. The graceful silhouette drapes beautifully and keeps you comfortable through long celebrations. Ideal for weddings, festive pujas, and family celebrations. Product Details: Fabric: Patola Silk with a smooth, lustrous drape. Work: Crafted finish with elegant detailing. Includes: Saree. Perfect For: Weddings, festive pujas, and family celebrations. Styling Tip: Pair with gold jhumkas, traditional bangles, and a sleek bun for timeless elegance. Note: Refer to the size chart for fit. Custom measurement tailoring is available on request. Slight colour variation may occur due to screen settings.",out of stock,new,36.50 USD,https://luxemia.shop/product/green-patola-silk-saree,https://cdn.shopify.com/s/files/1/0746/4707/7035/files/img-01_c731a285-e412-4d4e-b3c9-f07815e16fea.jpg?v=1790273380,LuxeMia
mustard-orange-patola-silk-saree,Crafted Patola Silk Sari (Saree) in Mustard Orange,"Celebrate the season in this Orange Patola Silk sari, richly detailed with elegant crafted detailing for a graceful, festive look. The graceful silhouette drapes beautifully and keeps you comfortable through long celebrations. Ideal for weddings, festive pujas, and family celebrations. Product Details: Fabric: Patola Silk with a smooth, lustrous drape. Work: Crafted finish with elegant detailing. Includes: Saree. Perfect For: Weddings, festive pujas, and family celebrations. Styling Tip: Pair with gold jhumkas, traditional bangles, and a sleek bun for timeless elegance. Note: Refer to the size chart for fit. Custom measurement tailoring is available on request. Slight colour variation may occur due to screen settings.",out of stock,new,36.50 USD,https://luxemia.shop/product/mustard-orange-patola-silk-saree,https://cdn.shopify.com/s/files/1/0746/4707/7035/files/img-01_2c5d20e2-46f5-41cb-8c26-2fe9e1dd283a.jpg?v=1790273383,LuxeMia
cream-patola-silk-saree,Patola Silk Sari (Saree) in Cream,"Celebrate the season in this Cream Patola Silk sari, richly detailed with elegant crafted detailing for a graceful, festive look. The graceful silhouette drapes beautifully and keeps you comfortable through long celebrations. Ideal for weddings, festive pujas, and family celebrations. Product Details: Fabric: Patola Silk with a smooth, lustrous drape. Work: Crafted finish with elegant detailing. Includes: Saree with blouse fabric. Perfect For: Weddings, festive pujas, and family celebrations. Styling Tip: Pair with gold jhumkas, traditional bangles, and a sleek bun for timeless elegance. Note: Refer to the size chart for fit. Custom measurement tailoring is available on request. Slight colour variation may occur due to screen settings.",out of stock,new,36.50 USD,https://luxemia.shop/product/cream-patola-silk-saree,https://cdn.shopify.com/s/files/1/0746/4707/7035/files/img-01_ac4aa947-880e-492c-8b16-a55cef28374d.jpg?v=1790174716,LuxeMia
rani-pink-patola-silk-saree,Patola Silk Sari (Saree) in Rani Pink,"Celebrate the season in this Rani Pink Patola Silk sari, richly detailed with stone work and kundan-style stone work for a graceful, festive look. The graceful silhouette drapes beautifully and keeps you comfortable through long celebrations. Ideal for weddings, festive pujas, and family celebrations. Product Details: Fabric: Patola Silk with a smooth, lustrous drape. Work: Stone work, finished with kundan-style stone work. Includes: Saree with blouse fabric. Perfect For: Weddings, festive pujas, and family celebrations. Styling Tip: Pair with gold jhumkas, traditional bangles, and a sleek bun for timeless elegance. Note: Refer to the size chart for fit. Custom measurement tailoring is available on request. Slight colour variation may occur due to screen settings.",out of stock,new,36.50 USD,https://luxemia.shop/product/rani-pink-patola-silk-saree,https://cdn.shopify.com/s/files/1/0746/4707/7035/files/img-01_63149a46-d0f6-448f-aac1-5ad358911468.jpg?v=1790273387,LuxeMia
teal-patola-silk-saree,Patola Silk Sari (Saree) in Teal Green,"Celebrate the season in this Teal Green Patola Silk sari, richly detailed with elegant crafted detailing for a graceful, festive look. The graceful silhouette drapes beautifully and keeps you comfortable through long celebrations. Ideal for weddings, festive pujas, and family celebrations. Product Details: Fabric: Patola Silk with a smooth, lustrous drape. Work: Crafted finish with elegant detailing. Includes: Saree with blouse fabric. Perfect For: Weddings, festive pujas, and family celebrations. Styling Tip: Pair with gold jhumkas, traditional bangles, and a sleek bun for timeless elegance. Note: Refer to the size chart for fit. Custom measurement tailoring is available on request. Slight colour variation may occur due to screen settings.",out of stock,new,36.50 USD,https://luxemia.shop/product/teal-patola-silk-saree,https://cdn.shopify.com/s/files/1/0746/4707/7035/files/img-01_c4d78c95-4722-48bf-9d9a-c44ef9a0b3b8.jpg?v=1790174724,LuxeMia
olive-lime-patola-silk-saree,Patola Silk Sari (Saree) in Olive Lime,"Celebrate the season in this Gold Patola Silk sari, richly detailed with elegant crafted detailing for a graceful, festive look. The graceful silhouette drapes beautifully and keeps you comfortable through long celebrations. Ideal for weddings, festive pujas, and family celebrations. Product Details: Fabric: Patola Silk with a smooth, lustrous drape. Work: Crafted finish with elegant detailing. Includes: Saree with blouse fabric. Perfect For: Weddings, festive pujas, and family celebrations. Styling Tip: Pair with gold jhumkas, traditional bangles, and a sleek bun for timeless elegance. Note: Refer to the size chart for fit. Custom measurement tailoring is available on request. Slight colour variation may occur due to screen settings.",out of stock,new,36.50 USD,https://luxemia.shop/product/olive-lime-patola-silk-saree,https://cdn.shopify.com/s/files/1/0746/4707/7035/files/img-01_d5b175c6-6cdb-48ef-aed0-4e5e58f519b8.jpg?v=1790273396,LuxeMia
cream-khaddi-georgette-saree,Zari Khaddi Georgette Sari (Saree) in Cream,"Celebrate the season in this Cream Khaddi Georgette sari, richly detailed with zari detailing for a graceful, festive look. The graceful silhouette drapes beautifully and keeps you comfortable through long celebrations. Ideal for weddings, festive pujas, and family celebrations. Product Details: Fabric: Khaddi Georgette with a soft, flowy drape. Work: Zari detailing. Includes: Saree with blouse fabric. Perfect For: Weddings, festive pujas, and family celebrations. Styling Tip: Pair with gold jhumkas, traditional bangles, and a sleek bun for timeless elegance. Note: Refer to the size chart for fit. Custom measurement tailoring is available on request. Slight colour variation may occur due to screen settings.",out of stock,new,57.83 USD,https://luxemia.shop/product/cream-khaddi-georgette-saree,https://cdn.shopify.com/s/files/1/0746/4707/7035/files/img-01_835ae15c-aa60-4679-b793-33b33d666a8c.jpg?v=1790174731,LuxeMia
navy-blue-khaddi-georgette-saree,Zari Khaddi Georgette Sari (Saree) in Navy Blue,"Celebrate the season in this Navy Blue Khaddi Georgette sari, richly detailed with zari detailing for a graceful, festive look. The graceful silhouette drapes beautifully and keeps you comfortable through long celebrations. Ideal for weddings, festive pujas, and family celebrations. Product Details: Fabric: Khaddi Georgette with a soft, flowy drape. Work: Zari detailing. Includes: Saree with blouse fabric. Perfect For: Weddings, festive pujas, and family celebrations. Styling Tip: Pair with gold jhumkas, traditional bangles, and a sleek bun for timeless elegance. Note: Refer to the size chart for fit. Custom measurement tailoring is available on request. Slight colour variation may occur due to screen settings.",out of stock,new,57.83 USD,https://luxemia.shop/product/navy-blue-khaddi-georgette-saree,https://cdn.shopify.com/s/files/1/0746/4707/7035/files/img-01_90d0efb7-813c-4a41-b0da-6a1a307dd8f0.jpg?v=1790174734,LuxeMia
rani-pink-khaddi-georgette-saree,Zari Khaddi Georgette Sari (Saree) in Rani Pink,"Celebrate the season in this Rani Pink Khaddi Georgette sari, richly detailed with zari detailing and stone work for a graceful, festive look. The graceful silhouette drapes beautifully and keeps you comfortable through long celebrations. Ideal for weddings, festive pujas, and family celebrations. Product Details: Fabric: Khaddi Georgette with a soft, flowy drape. Work: Zari detailing, finished with stone work. Includes: Saree with blouse fabric. Perfect For: Weddings, festive pujas, and family celebrations. Styling Tip: Pair with gold jhumkas, traditional bangles, and a sleek bun for timeless elegance. Note: Refer to the size chart for fit. Custom measurement tailoring is available on request. Slight colour variation may occur due to screen settings.",out of stock,new,57.83 USD,https://luxemia.shop/product/rani-pink-khaddi-georgette-saree,https://cdn.shopify.com/s/files/1/0746/4707/7035/files/img-01_239d0fca-d5f0-478a-87c3-ea6efa9269d7.jpg?v=1790174737,LuxeMia
green-khaddi-georgette-saree,Zari Khaddi Georgette Sari (Saree) in Green,"Celebrate the season in this Green Khaddi Georgette sari, richly detailed with zari detailing for a graceful, festive look. The graceful silhouette drapes beautifully and keeps you comfortable through long celebrations. Ideal for weddings, festive pujas, and family celebrations. Product Details: Fabric: Khaddi Georgette with a soft, flowy drape. Work: Zari detailing. Includes: Saree with blouse fabric. Perfect For: Weddings, festive pujas, and family celebrations. Styling Tip: Pair with gold jhumkas, traditional bangles, and a sleek bun for timeless elegance. Note: Refer to the size chart for fit. Custom measurement tailoring is available on request. Slight colour variation may occur due to screen settings.",out of stock,new,57.83 USD,https://luxemia.shop/product/green-khaddi-georgette-saree,https://cdn.shopify.com/s/files/1/0746/4707/7035/files/img-01_a1653968-872f-4f88-be98-2e3eb0f0a998.jpg?v=1790174740,LuxeMia
pink-khaddi-georgette-saree,Zari Khaddi Georgette Sari (Saree) in Pink,"Celebrate the season in this Pink Khaddi Georgette sari, richly detailed with zari detailing for a graceful, festive look. The graceful silhouette drapes beautifully and keeps you comfortable through long celebrations. Ideal for weddings, festive pujas, and family celebrations. Product Details: Fabric: Khaddi Georgette with a soft, flowy drape. Work: Zari detailing. Includes: Saree with blouse fabric. Perfect For: Weddings, festive pujas, and family celebrations. Styling Tip: Pair with gold jhumkas, traditional bangles, and a sleek bun for timeless elegance. Note: Refer to the size chart for fit. Custom measurement tailoring is available on request. Slight colour variation may occur due to screen settings.",out of stock,new,57.83 USD,https://luxemia.shop/product/pink-khaddi-georgette-saree,https://cdn.shopify.com/s/files/1/0746/4707/7035/files/img-01_dc6c3d40-4a81-4d94-95f0-160e4ebdba33.jpg?v=1790174743,LuxeMia
black-khaddi-georgette-saree,Zari Khaddi Georgette Sari (Saree) in Black,"Celebrate the season in this Black Khaddi Georgette sari, richly detailed with zari detailing for a graceful, festive look. The graceful silhouette drapes beautifully and keeps you comfortable through long celebrations. Ideal for weddings, festive pujas, and family celebrations. Product Details: Fabric: Khaddi Georgette with a soft, flowy drape. Work: Zari detailing. Includes: Saree with blouse fabric. Perfect For: Weddings, festive pujas, and family celebrations. Styling Tip: Pair with gold jhumkas, traditional bangles, and a sleek bun for timeless elegance. Note: Refer to the size chart for fit. Custom measurement tailoring is available on request. Slight colour variation may occur due to screen settings.",out of stock,new,57.83 USD,https://luxemia.shop/product/black-khaddi-georgette-saree,https://cdn.shopify.com/s/files/1/0746/4707/7035/files/img-01_a58e275a-6ba6-4428-bfb8-30aedb9c2dc2.jpg?v=1790174746,LuxeMia
white-red-ready-to-wear-jacquard-silk-saree,Ready to Wear Jacquard Silk Sari (Saree) in White Red,"Celebrate the season in this White Jacquard Silk sari, richly detailed with machine-crafted jacquard pattern for a graceful, festive look. The graceful silhouette drapes beautifully and keeps you comfortable through long celebrations. Ideal for weddings, festive pujas, and family celebrations. Product Details: Fabric: Jacquard Silk with a structured, textured finish. Work: Machine-crafted jacquard pattern. Includes: Ready-to-wear saree with stitched blouse with built-in cups. Perfect For: Weddings, festive pujas, and family celebrations. Styling Tip: Pair with gold jhumkas, traditional bangles, and a sleek bun for timeless elegance. Note: Refer to the size chart for fit. Custom measurement tailoring is available on request. Slight colour variation may occur due to screen settings.",in stock,new,46.50 USD,https://luxemia.shop/product/white-red-ready-to-wear-jacquard-silk-saree,https://cdn.shopify.com/s/files/1/0746/4707/7035/files/img-01_a76c811f-ed25-46fe-9c1b-380ef72589af.jpg?v=1790273402,LuxeMia
ivory-green-ready-to-wear-jacquard-silk-saree,Ready to Wear Jacquard Silk Sari (Saree) in Ivory Green,"Celebrate the season in this Green Jacquard Silk sari, richly detailed with machine-crafted jacquard pattern for a graceful, festive look. The graceful silhouette drapes beautifully and keeps you comfortable through long celebrations. Ideal for weddings, festive pujas, and family celebrations. Product Details: Fabric: Jacquard Silk with a structured, textured finish. Work: Machine-crafted jacquard pattern. Includes: Ready-to-wear saree with stitched blouse with built-in cups. Perfect For: Weddings, festive pujas, and family celebrations. Styling Tip: Pair with gold jhumkas, traditional bangles, and a sleek bun for timeless elegance. Note: Refer to the size chart for fit. Custom measurement tailoring is available on request. Slight colour variation may occur due to screen settings.",in stock,new,46.50 USD,https://luxemia.shop/product/ivory-green-ready-to-wear-jacquard-silk-saree,https://cdn.shopify.com/s/files/1/0746/4707/7035/files/img-01_05c425fd-ff40-4f12-aeb2-345d275846b2.jpg?v=1790273411,LuxeMia
violet-ready-to-wear-jacquard-silk-saree,Ready to Wear Jacquard Silk Sari (Saree) in Violet,"Celebrate the season in this Violet Jacquard Silk sari, richly detailed with machine-crafted jacquard pattern for a graceful, festive look. The graceful silhouette drapes beautifully and keeps you comfortable through long celebrations. Ideal for weddings, festive pujas, and family celebrations. Product Details: Fabric: Jacquard Silk with a structured, textured finish. Work: Machine-crafted jacquard pattern. Includes: Ready-to-wear saree with stitched blouse with built-in cups. Perfect For: Weddings, festive pujas, and family celebrations. Styling Tip: Pair with gold jhumkas, traditional bangles, and a sleek bun for timeless elegance. Note: Refer to the size chart for fit. Custom measurement tailoring is available on request. Slight colour variation may occur due to screen settings.",in stock,new,46.50 USD,https://luxemia.shop/product/violet-ready-to-wear-jacquard-silk-saree,https://cdn.shopify.com/s/files/1/0746/4707/7035/files/img-01_6181048c-0d60-4066-bb4e-3f4da80a04ab.jpg?v=1790273420,LuxeMia
sage-green-ready-to-wear-jacquard-silk-saree,Ready to Wear Jacquard Silk Sari (Saree) in Sage Green,"Celebrate the season in this Sage Green Jacquard Silk sari, richly detailed with machine-crafted jacquard pattern for a graceful, festive look. The graceful silhouette drapes beautifully and keeps you comfortable through long celebrations. Ideal for weddings, festive pujas, and family celebrations. Product Details: Fabric: Jacquard Silk with a structured, textured finish. Work: Machine-crafted jacquard pattern. Includes: Ready-to-wear saree with stitched blouse with built-in cups. Perfect For: Weddings, festive pujas, and family celebrations. Styling Tip: Pair with gold jhumkas, traditional bangles, and a sleek bun for timeless elegance. Note: Refer to the size chart for fit. Custom measurement tailoring is available on request. Slight colour variation may occur due to screen settings.",in stock,new,46.50 USD,https://luxemia.shop/product/sage-green-ready-to-wear-jacquard-silk-saree,https://cdn.shopify.com/s/files/1/0746/4707/7035/files/img-01_02d423ee-1519-4e3b-8313-d0102a4957ca.jpg?v=1790273427,LuxeMia
rani-pink-ready-to-wear-jacquard-silk-saree,Ready to Wear Jacquard Silk Sari (Saree) in Rani Pink,"Celebrate the season in this Rani Pink Jacquard Silk sari, richly detailed with stone work and kundan-style stone work for a graceful, festive look. The graceful silhouette drapes beautifully and keeps you comfortable through long celebrations. Ideal for weddings, festive pujas, and family celebrations. Product Details: Fabric: Jacquard Silk with a structured, textured finish. Work: Stone work, finished with kundan-style stone work. Includes: Ready-to-wear saree with stitched blouse with built-in cups. Perfect For: Weddings, festive pujas, and family celebrations. Styling Tip: Pair with gold jhumkas, traditional bangles, and a sleek bun for timeless elegance. Note: Refer to the size chart for fit. Custom measurement tailoring is available on request. Slight colour variation may occur due to screen settings.",in stock,new,46.50 USD,https://luxemia.shop/product/rani-pink-ready-to-wear-jacquard-silk-saree,https://cdn.shopify.com/s/files/1/0746/4707/7035/files/img-01_af182183-6ecf-43e7-915c-fa3636ea7935.jpg?v=1790273433,LuxeMia
pistachio-gold-ready-to-wear-jacquard-silk-saree,Ready to Wear Jacquard Silk Sari (Saree) in Pistachio Gold,"Celebrate the season in this Gold Jacquard Silk sari, richly detailed with machine-crafted jacquard pattern for a graceful, festive look. The graceful silhouette drapes beautifully and keeps you comfortable through long celebrations. Ideal for weddings, festive pujas, and family celebrations. Product Details: Fabric: Jacquard Silk with a structured, textured finish. Work: Machine-crafted jacquard pattern. Includes: Ready-to-wear saree with stitched blouse with built-in cups. Perfect For: Weddings, festive pujas, and family celebrations. Styling Tip: Pair with gold jhumkas, traditional bangles, and a sleek bun for timeless elegance. Note: Refer to the size chart for fit. Custom measurement tailoring is available on request. Slight colour variation may occur due to screen settings.",in stock,new,46.50 USD,https://luxemia.shop/product/pistachio-gold-ready-to-wear-jacquard-silk-saree,https://cdn.shopify.com/s/files/1/0746/4707/7035/files/img-01_1cd1bae8-ae52-497c-8ead-a2f0c8c03610.jpg?v=1790273441,LuxeMia
mustard-gold-ready-to-wear-jacquard-silk-saree,Ready to Wear Jacquard Silk Sari (Saree) in Mustard Gold,"Celebrate the season in this Gold Jacquard Silk sari, richly detailed with machine-crafted jacquard pattern for a graceful, festive look. The graceful silhouette drapes beautifully and keeps you comfortable through long celebrations. Ideal for weddings, festive pujas, and family celebrations. Product Details: Fabric: Jacquard Silk with a structured, textured finish. Work: Machine-crafted jacquard pattern. Includes: Ready-to-wear saree with stitched blouse with built-in cups. Perfect For: Weddings, festive pujas, and family celebrations. Styling Tip: Pair with gold jhumkas, traditional bangles, and a sleek bun for timeless elegance. Note: Refer to the size chart for fit. Custom measurement tailoring is available on request. Slight colour variation may occur due to screen settings.",in stock,new,46.50 USD,https://luxemia.shop/product/mustard-gold-ready-to-wear-jacquard-silk-saree,https://cdn.shopify.com/s/files/1/0746/4707/7035/files/img-01_f35eb6b8-62cb-4c45-8a46-c723ceb46d68.jpg?v=1790273452,LuxeMia
aqua-blue-ready-to-wear-jacquard-silk-saree,Ready to Wear Jacquard Silk Sari (Saree) in Aqua Blue,"Celebrate the season in this Blue Jacquard Silk sari, richly detailed with machine-crafted jacquard pattern for a graceful, festive look. The graceful silhouette drapes beautifully and keeps you comfortable through long celebrations. Ideal for weddings, festive pujas, and family celebrations. Product Details: Fabric: Jacquard Silk with a structured, textured finish. Work: Machine-crafted jacquard pattern. Includes: Ready-to-wear saree with stitched blouse with built-in cups. Perfect For: Weddings, festive pujas, and family celebrations. Styling Tip: Pair with gold jhumkas, traditional bangles, and a sleek bun for timeless elegance. Note: Refer to the size chart for fit. Custom measurement tailoring is available on request. Slight colour variation may occur due to screen settings.",in stock,new,46.50 USD,https://luxemia.shop/product/aqua-blue-ready-to-wear-jacquard-silk-saree,https://cdn.shopify.com/s/files/1/0746/4707/7035/files/img-01_4ce1566f-2710-4d82-8787-7e315fca46bd.jpg?v=1790174810,LuxeMia
red-art-silk-anarkali-gown,Embroidered Art Silk Anarkali Gown in Red,"Celebrate the season in this Gold Art Silk anarkali suit, richly detailed with thread embroidery and embroidery for a graceful, festive look. The graceful silhouette drapes beautifully and keeps you comfortable through long celebrations. Ideal for cocktail evenings, wedding receptions, and party celebrations. Product Details: Fabric: Art Silk with a smooth, lustrous drape. Work: Thread embroidery, finished with embroidery. Includes: Anarkali kurta and Dupatta. Perfect For: Cocktail evenings, wedding receptions, and party celebrations. Styling Tip: Finish the look with drop earrings and strappy heels. Note: Refer to the size chart for fit. Custom measurement tailoring is available on request. Slight colour variation may occur due to screen settings.",in stock,new,43.17 USD,https://luxemia.shop/product/red-art-silk-anarkali-gown,https://cdn.shopify.com/s/files/1/0746/4707/7035/files/img-01_f14589b7-607b-43c2-a440-43a2e91f29cd.jpg?v=1790275662,LuxeMia
purple-art-silk-anarkali-gown,Embroidered Art Silk Anarkali Gown in Purple,"Celebrate the season in this Purple Art Silk anarkali suit, richly detailed with thread embroidery and kundan-style stone work for a graceful, festive look. The graceful silhouette drapes beautifully and keeps you comfortable through long celebrations. Ideal for cocktail evenings, wedding receptions, and party celebrations. Product Details: Fabric: Art Silk with a smooth, lustrous drape. Work: Thread embroidery, finished with kundan-style stone work. Includes: Anarkali kurta. Perfect For: Cocktail evenings, wedding receptions, and party celebrations. Styling Tip: Finish the look with drop earrings and strappy heels. Note: Refer to the size chart for fit. Custom measurement tailoring is available on request. Slight colour variation may occur due to screen settings.",in stock,new,43.17 USD,https://luxemia.shop/product/purple-art-silk-anarkali-gown,https://cdn.shopify.com/s/files/1/0746/4707/7035/files/img-01_e58aafbc-5158-40ff-8977-77e33630564d.jpg?v=1790181255,LuxeMia
premium-wedding-bridal-lehenga-collection-silk-zardozi-cutdana-pearl-embroidery-with-4-50m-flair,"Premium Wedding Bridal Lehenga Collection – Silk Zardozi, Cutdana & Pearl Embroidery with 4.50m Flair","Introducing an Exclusive Collection of 12 Exquisite Premium Bridal Lehengas – Where Timeless Tradition Meets Contemporary Grandeur. Designed for the discerning bride who demands perfection, this curated collection features 12 stunning readymade lehengas, each meticulously crafted from premium bridal silk. Every ensemble showcases intricate multi-thread zardozi embroidery, delicate cutdana beadwork, lustrous pearl embellishments, and traditional latkan detailing for an unforgettable bridal presence. Collection Highlights Premium Bridal Silk Fabric: Luxurious, structured drape with a rich, elegant sheen perfect for wedding ceremonies. Intricate Embroidery Work: Multi-thread zardozi, cutdana beadwork, pearl embellishments, and delicate cutwork. Grand 4.50-Meter Flair: Voluminous silhouette designed for a majestic, regal bridal entrance. Double-Layered Dupatta: Elegant Net and Viscose with complementary embroidered borders and motifs. Readymade with Adjustable Fit: Lehenga waist adjustable up to 42 inches; Blouse size M (38 inches) with margin to adjust up to 42 inches. Perfect For: Main wedding ceremonies (Pheras), grand receptions, sangeet nights, and traditional bridal portraits. Frequently Asked Questions What is included in each lehenga set? Each ensemble includes a readymade lehenga skirt (43 inches length, 4.50m flair), a matching embroidered bridal silk blouse (size M with adjustment margin), and a double-layered Net/Viscose dupatta with embroidered borders. Can I get custom measurements? Yes! While these are readymade with adjustable margins, we offer custom measurement tailoring to ensure a flawless, made-to-measure fit. Contact our bridal specialists via WhatsApp before ordering. How do I see detailed images of each design? We provide personalized service for every bride. Message us on WhatsApp with your preferred design code, and we will send you high-resolution, close-up detail shots of the blouse, skirt, and dupatta embroidery. What is the processing and shipping time? Readymade lehengas ship within 3-5 business days. Custom measurement tailoring may require 7-10 business days. Tracked shipping is available to the USA, Canada, UK, Australia, and other international destinations. 📸 Personalized Bridal Concierge Service Bridal wear is a deeply personal investment, and we believe you should see every detail before you commit. This listing represents our exclusive 12-design premium bridal collection. Before ordering, please contact our LuxeMia bridal specialists: 📱 WhatsApp Consultation: Message us for high-resolution, close-up detail shots of the blouse, skirt, dupatta, and embroidery work for your preferred design. 🎨 Design &amp; Color Selection: Confirm the availability of your specific color choice from the 12 exclusive designs in this collection. Custom Sizing Assistance: While these are readymade with adjustable margins, we offer custom measurement tailoring to ensure a flawless, made-to-measure fit. 💎 Styling Guidance: Get personalized recommendations for jewelry, footwear, and accessories to complete your bridal look. Pricing Note: The price listed is a starting base rate. Final pricing may vary slightly based on the specific design selected, current exchange rates, and any custom tailoring requested. Slight colour variation may occur due to screen settings. Please review sizing carefully and request detailed images before ordering. See our Returns &amp; Cancellations page for full policy details. Styling Recommendations Pair any ensemble from this collection with a heavy Polki or Kundan necklace set, a traditional maang tikka, embellished bridal mojris, and statement bangles to complete the royal bridal aesthetic. For a contemporary twist, consider pairing with a modern choker and minimal jewelry to let the intricate embroidery shine. Care Instructions Dry clean only to preserve the intricate zardozi and beadwork. Store in a breathable muslin cloth or garment bag to prevent moisture damage. Avoid direct sunlight and moisture to maintain fabric luster and embroidery integrity. Handle embellishments with care to prevent snagging or bead loss.",in stock,new,589.99 USD,https://luxemia.shop/product/premium-wedding-bridal-lehenga-collection-silk-zardozi-cutdana-pearl-embroidery-with-4-50m-flair,https://cdn.shopify.com/s/files/1/0746/4707/7035/files/c00d7a68de423d54a1ed50fa64be90ed.jpg?v=1790269022,LuxeMia
embroidered-bridal-lehenga-olive-green,Embroidered Olive Green Lehenga,"Product Highlights Embroidered Olive Green Lehenga This attire is Enhanced with Resham, Sequins and Bead Work in a Peacock Pattern Available with an Unstitched Blouse Piece (1 metre) in Olive Green and a Dupatta (2.5 metres) in Olive Green Do note: 1.)Accessories shown in the image are for presentation purposes only. 2.)Slight variation in actual color vs. image is possible. Additional Info More Information SKU LUX-LEH-3092 Occasion Bridal Fabric Silk Color Olive Green Type Lehenga Work Resham, Sequins, Bead Work Country of Origin India Manufactured / Packed &amp; Marketed by Luxemia Color and Wash Care General: Please keep in mind that there may be slight variations in the color and shine of the item you receive as compared to the product’s picture on the website due to photographic effects, light intensity, and product color display may change from screen to screen due to different color calibration of devices. Also, the actual color depends on fabric dyes and the weather. Embroidery: Embroidery, Patch work and Thread work may have slight irregularities. It adds to the unique charm of this exquisite piece. Turn the garment inside out before washing to avoid abrasion. Beads &amp; Sequins: While our crafts persons and tailors create every attire with the utmost diligence, the ones with beads and sequins are always the most daunting. Beads and sequins have a tendency to fall off the fabric, even with the best of handling. Losing a few beads or sequins does not affect the overall look of the attire, and cannot be noticed even under scrutiny. So don’t worry and shine away!",in stock,new,216.63 USD,https://luxemia.shop/product/embroidered-bridal-lehenga-olive-green,https://cdn.shopify.com/s/files/1/0746/4707/7035/files/lehenga-3092-1.jpg?v=1790354295,Luxemia
embroidered-georgette-palazzo-suit-beige,Embroidered Beige Georgette Palazzo Suit,"Product Highlights Embroidered Beige Georgette Palazzo Suit This Readymade attire is Enhanced with Resham and Sequins Work Available with a Georgette Palazzo and a Georgette Dupatta in Beige Do note: 1.)Accessories shown in the image are for presentation purposes only and length may vary upto 2 inches. 2.)Slight variation in actual color vs. image is possible. Additional Info More Information SKU LUX-MRU-2109 Occasion Party, Festive Fabric Georgette Color Beige Type Palazzo Suits Work Resham, Sequins Country of Origin India Manufactured / Packed &amp; Marketed by Luxemia Color and Wash Care General: Please keep in mind that there may be slight variations in the color and shine of the item you receive as compared to the product’s picture on the website due to photographic effects, light intensity, and product color display may change from screen to screen due to different color calibration of devices. Also, the actual color depends on fabric dyes and the weather. Embroidery: Embroidery, Patch work and Thread work may have slight irregularities. It adds to the unique charm of this exquisite piece. Turn the garment inside out before washing to avoid abrasion. Beads &amp; Sequins: While our crafts persons and tailors create every attire with the utmost diligence, the ones with beads and sequins are always the most daunting. Beads and sequins have a tendency to fall off the fabric, even with the best of handling. Losing a few beads or sequins does not affect the overall look of the attire, and cannot be noticed even under scrutiny. So don’t worry and shine away!",in stock,new,86.63 USD,https://luxemia.shop/product/embroidered-georgette-palazzo-suit-beige,https://cdn.shopify.com/s/files/1/0746/4707/7035/files/maitri-beige-1.jpg?v=1790354296,Luxemia
embroidered-georgette-palazzo-suit-pink,Embroidered Pink Georgette Palazzo Suit,"Product Highlights Embroidered Pink Georgette Palazzo Suit This Readymade attire is Enhanced with Resham and Sequins Work Available with a Georgette Palazzo and a Georgette Dupatta in Pink Do note: 1.)Accessories shown in the image are for presentation purposes only and length may vary upto 2 inches. 2.)Slight variation in actual color vs. image is possible. Additional Info More Information SKU LUX-MRU-2110 Occasion Party, Festive Fabric Georgette Color Pink Type Palazzo Suits Work Resham, Sequins Country of Origin India Manufactured / Packed &amp; Marketed by Luxemia Color and Wash Care General: Please keep in mind that there may be slight variations in the color and shine of the item you receive as compared to the product’s picture on the website due to photographic effects, light intensity, and product color display may change from screen to screen due to different color calibration of devices. Also, the actual color depends on fabric dyes and the weather. Embroidery: Embroidery, Patch work and Thread work may have slight irregularities. It adds to the unique charm of this exquisite piece. Turn the garment inside out before washing to avoid abrasion. Beads &amp; Sequins: While our crafts persons and tailors create every attire with the utmost diligence, the ones with beads and sequins are always the most daunting. Beads and sequins have a tendency to fall off the fabric, even with the best of handling. Losing a few beads or sequins does not affect the overall look of the attire, and cannot be noticed even under scrutiny. So don’t worry and shine away!",in stock,new,86.63 USD,https://luxemia.shop/product/embroidered-georgette-palazzo-suit-pink,https://cdn.shopify.com/s/files/1/0746/4707/7035/files/maitri-pink-1.jpg?v=1790354296,Luxemia
embroidered-georgette-palazzo-suit-lavender,Embroidered Lavender Georgette Palazzo Suit,"Product Highlights Embroidered Lavender Georgette Palazzo Suit This Readymade attire is Enhanced with Resham and Sequins Work Available with a Georgette Palazzo and a Georgette Dupatta in Lavender Do note: 1.)Accessories shown in the image are for presentation purposes only and length may vary upto 2 inches. 2.)Slight variation in actual color vs. image is possible. Additional Info More Information SKU LUX-MRU-2111 Occasion Party, Festive Fabric Georgette Color Lavender Type Palazzo Suits Work Resham, Sequins Country of Origin India Manufactured / Packed &amp; Marketed by Luxemia Color and Wash Care General: Please keep in mind that there may be slight variations in the color and shine of the item you receive as compared to the product’s picture on the website due to photographic effects, light intensity, and product color display may change from screen to screen due to different color calibration of devices. Also, the actual color depends on fabric dyes and the weather. Embroidery: Embroidery, Patch work and Thread work may have slight irregularities. It adds to the unique charm of this exquisite piece. Turn the garment inside out before washing to avoid abrasion. Beads &amp; Sequins: While our crafts persons and tailors create every attire with the utmost diligence, the ones with beads and sequins are always the most daunting. Beads and sequins have a tendency to fall off the fabric, even with the best of handling. Losing a few beads or sequins does not affect the overall look of the attire, and cannot be noticed even under scrutiny. So don’t worry and shine away!",in stock,new,86.63 USD,https://luxemia.shop/product/embroidered-georgette-palazzo-suit-lavender,https://cdn.shopify.com/s/files/1/0746/4707/7035/files/maitri-lavender-1.jpg?v=1790354296,Luxemia
embroidered-sharara-suit-black-tanvi,Embroidered Black Sharara Suit,"Product Highlights Embroidered Black Sharara Suit This attire is Enhanced with Multicolor Floral and Paisley Embroidery with Sequin Work Available with a Sharara and a Dupatta in Black Do note: 1.)Accessories shown in the image are for presentation purposes only and length may vary upto 2 inches. 2.)Slight variation in actual color vs. image is possible. Additional Info More Information SKU LUX-TAN-7552A Occasion Party, Festive Fabric Crepe Color Black Type Sharara Suits Work Thread Embroidery, Sequins Country of Origin India Manufactured / Packed &amp; Marketed by Luxemia Color and Wash Care General: Please keep in mind that there may be slight variations in the color and shine of the item you receive as compared to the product’s picture on the website due to photographic effects, light intensity, and product color display may change from screen to screen due to different color calibration of devices. Also, the actual color depends on fabric dyes and the weather. Embroidery: Embroidery, Patch work and Thread work may have slight irregularities. It adds to the unique charm of this exquisite piece. Turn the garment inside out before washing to avoid abrasion. Beads &amp; Sequins: While our crafts persons and tailors create every attire with the utmost diligence, the ones with beads and sequins are always the most daunting. Beads and sequins have a tendency to fall off the fabric, even with the best of handling. Losing a few beads or sequins does not affect the overall look of the attire, and cannot be noticed even under scrutiny. So don’t worry and shine away!",in stock,new,73.30 USD,https://luxemia.shop/product/embroidered-sharara-suit-black-tanvi,https://cdn.shopify.com/s/files/1/0746/4707/7035/files/tanvi-black-1.jpg?v=1790354297,Luxemia
embroidered-sharara-suit-cream-tanvi,Embroidered Cream Sharara Suit,"Product Highlights Embroidered Cream Sharara Suit This attire is Enhanced with Multicolor Floral and Paisley Embroidery with Sequin Work Available with a Sharara and a Dupatta in Cream Do note: 1.)Accessories shown in the image are for presentation purposes only and length may vary upto 2 inches. 2.)Slight variation in actual color vs. image is possible. Additional Info More Information SKU LUX-TAN-7552B Occasion Party, Festive Fabric Crepe Color Cream Type Sharara Suits Work Thread Embroidery, Sequins Country of Origin India Manufactured / Packed &amp; Marketed by Luxemia Color and Wash Care General: Please keep in mind that there may be slight variations in the color and shine of the item you receive as compared to the product’s picture on the website due to photographic effects, light intensity, and product color display may change from screen to screen due to different color calibration of devices. Also, the actual color depends on fabric dyes and the weather. Embroidery: Embroidery, Patch work and Thread work may have slight irregularities. It adds to the unique charm of this exquisite piece. Turn the garment inside out before washing to avoid abrasion. Beads &amp; Sequins: While our crafts persons and tailors create every attire with the utmost diligence, the ones with beads and sequins are always the most daunting. Beads and sequins have a tendency to fall off the fabric, even with the best of handling. Losing a few beads or sequins does not affect the overall look of the attire, and cannot be noticed even under scrutiny. So don’t worry and shine away!",in stock,new,73.30 USD,https://luxemia.shop/product/embroidered-sharara-suit-cream-tanvi,https://cdn.shopify.com/s/files/1/0746/4707/7035/files/tanvi-cream-1.jpg?v=1790354297,Luxemia
embroidered-sharara-suit-green-mehar,Embroidered Green Sharara Suit,"Product Highlights Embroidered Green Sharara Suit This attire is Enhanced with Geometric Embroidery with Sequin Work Available with a Sharara and a Dupatta in Green Do note: 1.)Accessories shown in the image are for presentation purposes only and length may vary upto 2 inches. 2.)Slight variation in actual color vs. image is possible. Additional Info More Information SKU LUX-MEH-20010 Occasion Party, Festive Fabric Simar Silk, Chinon Color Green Type Sharara Suits Work Thread Embroidery, Sequins Country of Origin India Manufactured / Packed &amp; Marketed by Luxemia Color and Wash Care General: Please keep in mind that there may be slight variations in the color and shine of the item you receive as compared to the product’s picture on the website due to photographic effects, light intensity, and product color display may change from screen to screen due to different color calibration of devices. Also, the actual color depends on fabric dyes and the weather. Embroidery: Embroidery, Patch work and Thread work may have slight irregularities. It adds to the unique charm of this exquisite piece. Turn the garment inside out before washing to avoid abrasion. Beads &amp; Sequins: While our crafts persons and tailors create every attire with the utmost diligence, the ones with beads and sequins are always the most daunting. Beads and sequins have a tendency to fall off the fabric, even with the best of handling. Losing a few beads or sequins does not affect the overall look of the attire, and cannot be noticed even under scrutiny. So don’t worry and shine away!",in stock,new,79.97 USD,https://luxemia.shop/product/embroidered-sharara-suit-green-mehar,https://cdn.shopify.com/s/files/1/0746/4707/7035/files/mehar-green-1.jpg?v=1790354298,Luxemia
embroidered-sharara-suit-pink-mehar,Embroidered Pink Sharara Suit,"Product Highlights Embroidered Pink Sharara Suit This attire is Enhanced with Zari Embroidery Work Available with a Sharara and a Dupatta in Pink Do note: 1.)Accessories shown in the image are for presentation purposes only and length may vary upto 2 inches. 2.)Slight variation in actual color vs. image is possible. Additional Info More Information SKU LUX-MEH-20011 Occasion Party, Festive Fabric Simar Silk, Chinon Color Pink Type Sharara Suits Work Zari Embroidery Country of Origin India Manufactured / Packed &amp; Marketed by Luxemia Color and Wash Care General: Please keep in mind that there may be slight variations in the color and shine of the item you receive as compared to the product’s picture on the website due to photographic effects, light intensity, and product color display may change from screen to screen due to different color calibration of devices. Also, the actual color depends on fabric dyes and the weather. Embroidery: Embroidery, Patch work and Thread work may have slight irregularities. It adds to the unique charm of this exquisite piece. Turn the garment inside out before washing to avoid abrasion.",in stock,new,79.97 USD,https://luxemia.shop/product/embroidered-sharara-suit-pink-mehar,https://cdn.shopify.com/s/files/1/0746/4707/7035/files/mehar-pink-1.jpg?v=1790354299,Luxemia
embroidered-sharara-suit-teal-mehar,Embroidered Teal Sharara Suit,"Product Highlights Embroidered Teal Sharara Suit This attire is Enhanced with Zari and Sequin Embroidery Work Available with a Sharara and a Dupatta in Teal Do note: 1.)Accessories shown in the image are for presentation purposes only and length may vary upto 2 inches. 2.)Slight variation in actual color vs. image is possible. Additional Info More Information SKU LUX-MEH-20012 Occasion Party, Festive Fabric Simar Silk, Chinon Color Teal Type Sharara Suits Work Zari, Sequins Country of Origin India Manufactured / Packed &amp; Marketed by Luxemia Color and Wash Care General: Please keep in mind that there may be slight variations in the color and shine of the item you receive as compared to the product’s picture on the website due to photographic effects, light intensity, and product color display may change from screen to screen due to different color calibration of devices. Also, the actual color depends on fabric dyes and the weather. Embroidery: Embroidery, Patch work and Thread work may have slight irregularities. It adds to the unique charm of this exquisite piece. Turn the garment inside out before washing to avoid abrasion. Beads &amp; Sequins: While our crafts persons and tailors create every attire with the utmost diligence, the ones with beads and sequins are always the most daunting. Beads and sequins have a tendency to fall off the fabric, even with the best of handling. Losing a few beads or sequins does not affect the overall look of the attire, and cannot be noticed even under scrutiny. So don’t worry and shine away!",in stock,new,79.97 USD,https://luxemia.shop/product/embroidered-sharara-suit-teal-mehar,https://cdn.shopify.com/s/files/1/0746/4707/7035/files/mehar-teal-1.jpg?v=1790354299,Luxemia
mirror-work-sharara-suit-lavender-cream,Mirror Work Lavender and Cream Sharara Suit,"Product Highlights Mirror Work Lavender and Cream Sharara Suit This attire is Enhanced with Mirror Work and Thread Embroidery Available with a Sharara and a Dupatta with Mirror Work Do note: 1.)Accessories shown in the image are for presentation purposes only and length may vary upto 2 inches. 2.)Slight variation in actual color vs. image is possible. Additional Info More Information SKU LUX-MIR-10313 Occasion Party, Festive Fabric Simar Silk Color Lavender, Cream Type Sharara Suits Work Mirror Work, Thread Embroidery Country of Origin India Manufactured / Packed &amp; Marketed by Luxemia Color and Wash Care General: Please keep in mind that there may be slight variations in the color and shine of the item you receive as compared to the product’s picture on the website due to photographic effects, light intensity, and product color display may change from screen to screen due to different color calibration of devices. Also, the actual color depends on fabric dyes and the weather. Embroidery: Embroidery, Patch work and Thread work may have slight irregularities. It adds to the unique charm of this exquisite piece. Turn the garment inside out before washing to avoid abrasion.",in stock,new,89.97 USD,https://luxemia.shop/product/mirror-work-sharara-suit-lavender-cream,https://cdn.shopify.com/s/files/1/0746/4707/7035/files/mirror-10313-1.jpg?v=1790354300,Luxemia
mirror-work-sharara-suit-blue,Mirror Work Blue Sharara Suit,"Product Highlights Mirror Work Blue Sharara Suit This attire is Enhanced with Mirror Work and Thread Embroidery Available with a Sharara and a Dupatta with Mirror Work in Blue Do note: 1.)Accessories shown in the image are for presentation purposes only and length may vary upto 2 inches. 2.)Slight variation in actual color vs. image is possible. Additional Info More Information SKU LUX-MIR-10313B Occasion Party, Festive Fabric Simar Silk Color Blue Type Sharara Suits Work Mirror Work, Thread Embroidery Country of Origin India Manufactured / Packed &amp; Marketed by Luxemia Color and Wash Care General: Please keep in mind that there may be slight variations in the color and shine of the item you receive as compared to the product’s picture on the website due to photographic effects, light intensity, and product color display may change from screen to screen due to different color calibration of devices. Also, the actual color depends on fabric dyes and the weather. Embroidery: Embroidery, Patch work and Thread work may have slight irregularities. It adds to the unique charm of this exquisite piece. Turn the garment inside out before washing to avoid abrasion.",in stock,new,89.97 USD,https://luxemia.shop/product/mirror-work-sharara-suit-blue,https://cdn.shopify.com/s/files/1/0746/4707/7035/files/mirror-10313-2.jpg?v=1790354301,Luxemia
embroidered-sharara-suit-pink-mahira,Embroidered Pink Sharara Suit,"Product Highlights Embroidered Pink Sharara Suit This attire is Enhanced with Zari Thread Embroidery Work Available with a Chinon Silk Sharara and an Embroidered Dupatta in Pink Do note: 1.)Accessories shown in the image are for presentation purposes only and length may vary upto 2 inches. 2.)Slight variation in actual color vs. image is possible. Additional Info More Information SKU LUX-MRU-971 Occasion Party, Festive Fabric Chinon Silk Color Pink Type Sharara Suits Work Zari, Thread Embroidery Country of Origin India Manufactured / Packed &amp; Marketed by Luxemia Color and Wash Care General: Please keep in mind that there may be slight variations in the color and shine of the item you receive as compared to the product’s picture on the website due to photographic effects, light intensity, and product color display may change from screen to screen due to different color calibration of devices. Also, the actual color depends on fabric dyes and the weather. Embroidery: Embroidery, Patch work and Thread work may have slight irregularities. It adds to the unique charm of this exquisite piece. Turn the garment inside out before washing to avoid abrasion.",in stock,new,99.97 USD,https://luxemia.shop/product/embroidered-sharara-suit-pink-mahira,https://cdn.shopify.com/s/files/1/0746/4707/7035/files/mahira-971-1.jpg?v=1790354301,Luxemia
embroidered-sharara-suit-black-mahira,Embroidered Black Sharara Suit,"Product Highlights Embroidered Black Sharara Suit This attire is Enhanced with Zari Thread Embroidery Work Available with a Chinon Silk Sharara and an Embroidered Dupatta in Black Do note: 1.)Accessories shown in the image are for presentation purposes only and length may vary upto 2 inches. 2.)Slight variation in actual color vs. image is possible. Additional Info More Information SKU LUX-MRU-972 Occasion Party, Festive Fabric Chinon Silk Color Black Type Sharara Suits Work Zari, Thread Embroidery Country of Origin India Manufactured / Packed &amp; Marketed by Luxemia Color and Wash Care General: Please keep in mind that there may be slight variations in the color and shine of the item you receive as compared to the product’s picture on the website due to photographic effects, light intensity, and product color display may change from screen to screen due to different color calibration of devices. Also, the actual color depends on fabric dyes and the weather. Embroidery: Embroidery, Patch work and Thread work may have slight irregularities. It adds to the unique charm of this exquisite piece. Turn the garment inside out before washing to avoid abrasion.",in stock,new,99.97 USD,https://luxemia.shop/product/embroidered-sharara-suit-black-mahira,https://cdn.shopify.com/s/files/1/0746/4707/7035/files/mahira-972-1.jpg?v=1790354301,Luxemia
bead-embroidered-sharara-suit-hot-pink-divya,Bead Embroidered Hot Pink Sharara Suit,"Product Highlights Bead Embroidered Hot Pink Sharara Suit This attire is Enhanced with Bead and Sequin Embroidery Work Available with a Sharara and a Dupatta in Hot Pink Do note: 1.)Accessories shown in the image are for presentation purposes only and length may vary upto 2 inches. 2.)Slight variation in actual color vs. image is possible. Additional Info More Information SKU LUX-DIV-20007 Occasion Party, Festive Fabric Georgette Color Hot Pink Type Sharara Suits Work Bead Work, Sequins Country of Origin India Manufactured / Packed &amp; Marketed by Luxemia Color and Wash Care General: Please keep in mind that there may be slight variations in the color and shine of the item you receive as compared to the product’s picture on the website due to photographic effects, light intensity, and product color display may change from screen to screen due to different color calibration of devices. Also, the actual color depends on fabric dyes and the weather. Embroidery: Embroidery, Patch work and Thread work may have slight irregularities. It adds to the unique charm of this exquisite piece. Turn the garment inside out before washing to avoid abrasion. Beads &amp; Sequins: While our crafts persons and tailors create every attire with the utmost diligence, the ones with beads and sequins are always the most daunting. Beads and sequins have a tendency to fall off the fabric, even with the best of handling. Losing a few beads or sequins does not affect the overall look of the attire, and cannot be noticed even under scrutiny. So don’t worry and shine away!",in stock,new,83.30 USD,https://luxemia.shop/product/bead-embroidered-sharara-suit-hot-pink-divya,https://cdn.shopify.com/s/files/1/0746/4707/7035/files/divya-20007-1.jpg?v=1790354303,Luxemia
bead-embroidered-sharara-suit-mauve-maroon-divya,Bead Embroidered Mauve and Maroon Sharara Suit,"Product Highlights Bead Embroidered Mauve and Maroon Sharara Suit This attire is Enhanced with Bead and Sequin Embroidery Work Available with a Sharara and a Dupatta Do note: 1.)Accessories shown in the image are for presentation purposes only and length may vary upto 2 inches. 2.)Slight variation in actual color vs. image is possible. Additional Info More Information SKU LUX-DIV-20008 Occasion Party, Festive Fabric Georgette Color Mauve, Maroon Type Sharara Suits Work Bead Work, Sequins Country of Origin India Manufactured / Packed &amp; Marketed by Luxemia Color and Wash Care General: Please keep in mind that there may be slight variations in the color and shine of the item you receive as compared to the product’s picture on the website due to photographic effects, light intensity, and product color display may change from screen to screen due to different color calibration of devices. Also, the actual color depends on fabric dyes and the weather. Embroidery: Embroidery, Patch work and Thread work may have slight irregularities. It adds to the unique charm of this exquisite piece. Turn the garment inside out before washing to avoid abrasion. Beads &amp; Sequins: While our crafts persons and tailors create every attire with the utmost diligence, the ones with beads and sequins are always the most daunting. Beads and sequins have a tendency to fall off the fabric, even with the best of handling. Losing a few beads or sequins does not affect the overall look of the attire, and cannot be noticed even under scrutiny. So don’t worry and shine away!",in stock,new,83.30 USD,https://luxemia.shop/product/bead-embroidered-sharara-suit-mauve-maroon-divya,https://cdn.shopify.com/s/files/1/0746/4707/7035/files/divya-20008-1.jpg?v=1790354303,Luxemia
bead-embroidered-sharara-suit-peach-divya,Bead Embroidered Peach Sharara Suit,"Product Highlights Bead Embroidered Peach Sharara Suit This attire is Enhanced with Bead and Sequin Embroidery Work Available with a Sharara and a Dupatta in Peach Do note: 1.)Accessories shown in the image are for presentation purposes only and length may vary upto 2 inches. 2.)Slight variation in actual color vs. image is possible. Additional Info More Information SKU LUX-DIV-20015 Occasion Party, Festive Fabric Georgette Color Peach Type Sharara Suits Work Bead Work, Sequins Country of Origin India Manufactured / Packed &amp; Marketed by Luxemia Color and Wash Care General: Please keep in mind that there may be slight variations in the color and shine of the item you receive as compared to the product’s picture on the website due to photographic effects, light intensity, and product color display may change from screen to screen due to different color calibration of devices. Also, the actual color depends on fabric dyes and the weather. Embroidery: Embroidery, Patch work and Thread work may have slight irregularities. It adds to the unique charm of this exquisite piece. Turn the garment inside out before washing to avoid abrasion. Beads &amp; Sequins: While our crafts persons and tailors create every attire with the utmost diligence, the ones with beads and sequins are always the most daunting. Beads and sequins have a tendency to fall off the fabric, even with the best of handling. Losing a few beads or sequins does not affect the overall look of the attire, and cannot be noticed even under scrutiny. So don’t worry and shine away!",in stock,new,83.30 USD,https://luxemia.shop/product/bead-embroidered-sharara-suit-peach-divya,https://cdn.shopify.com/s/files/1/0746/4707/7035/files/divya-20015-1.jpg?v=1790354304,Luxemia
bead-embroidered-sharara-suit-cream-divya,Bead Embroidered Cream Sharara Suit,"Product Highlights Bead Embroidered Cream Sharara Suit This attire is Enhanced with Bead and Sequin Embroidery Work Available with a Sharara and a Dupatta in Cream Do note: 1.)Accessories shown in the image are for presentation purposes only and length may vary upto 2 inches. 2.)Slight variation in actual color vs. image is possible. Additional Info More Information SKU LUX-DIV-20016 Occasion Party, Festive Fabric Georgette Color Cream Type Sharara Suits Work Bead Work, Sequins Country of Origin India Manufactured / Packed &amp; Marketed by Luxemia Color and Wash Care General: Please keep in mind that there may be slight variations in the color and shine of the item you receive as compared to the product’s picture on the website due to photographic effects, light intensity, and product color display may change from screen to screen due to different color calibration of devices. Also, the actual color depends on fabric dyes and the weather. Embroidery: Embroidery, Patch work and Thread work may have slight irregularities. It adds to the unique charm of this exquisite piece. Turn the garment inside out before washing to avoid abrasion. Beads &amp; Sequins: While our crafts persons and tailors create every attire with the utmost diligence, the ones with beads and sequins are always the most daunting. Beads and sequins have a tendency to fall off the fabric, even with the best of handling. Losing a few beads or sequins does not affect the overall look of the attire, and cannot be noticed even under scrutiny. So don’t worry and shine away!",in stock,new,83.30 USD,https://luxemia.shop/product/bead-embroidered-sharara-suit-cream-divya,https://cdn.shopify.com/s/files/1/0746/4707/7035/files/divya-20016-1.jpg?v=1790354304,Luxemia
embroidered-sharara-suit-hot-pink-banno,Embroidered Hot Pink Sharara Suit,"Product Highlights Embroidered Hot Pink Sharara Suit This attire is Enhanced with Zari and Sequin Embroidery Work Available with a Sharara and a Dupatta in Hot Pink Do note: 1.)Accessories shown in the image are for presentation purposes only and length may vary upto 2 inches. 2.)Slight variation in actual color vs. image is possible. Additional Info More Information SKU LUX-BAN-5798 Occasion Party, Festive Fabric Georgette Color Hot Pink Type Sharara Suits Work Zari, Sequins Country of Origin India Manufactured / Packed &amp; Marketed by Luxemia Color and Wash Care General: Please keep in mind that there may be slight variations in the color and shine of the item you receive as compared to the product’s picture on the website due to photographic effects, light intensity, and product color display may change from screen to screen due to different color calibration of devices. Also, the actual color depends on fabric dyes and the weather. Embroidery: Embroidery, Patch work and Thread work may have slight irregularities. It adds to the unique charm of this exquisite piece. Turn the garment inside out before washing to avoid abrasion. Beads &amp; Sequins: While our crafts persons and tailors create every attire with the utmost diligence, the ones with beads and sequins are always the most daunting. Beads and sequins have a tendency to fall off the fabric, even with the best of handling. Losing a few beads or sequins does not affect the overall look of the attire, and cannot be noticed even under scrutiny. So don’t worry and shine away!",in stock,new,83.30 USD,https://luxemia.shop/product/embroidered-sharara-suit-hot-pink-banno,https://cdn.shopify.com/s/files/1/0746/4707/7035/files/banno-5798-1.jpg?v=1790354305,Luxemia
embroidered-sharara-suit-orange-banno,Embroidered Orange Sharara Suit,"Product Highlights Embroidered Orange Sharara Suit This attire is Enhanced with Zari and Sequin Embroidery Work Available with a Sharara and a Dupatta in Orange Do note: 1.)Accessories shown in the image are for presentation purposes only and length may vary upto 2 inches. 2.)Slight variation in actual color vs. image is possible. Additional Info More Information SKU LUX-BAN-5798A Occasion Party, Festive Fabric Georgette Color Orange Type Sharara Suits Work Zari, Sequins Country of Origin India Manufactured / Packed &amp; Marketed by Luxemia Color and Wash Care General: Please keep in mind that there may be slight variations in the color and shine of the item you receive as compared to the product’s picture on the website due to photographic effects, light intensity, and product color display may change from screen to screen due to different color calibration of devices. Also, the actual color depends on fabric dyes and the weather. Embroidery: Embroidery, Patch work and Thread work may have slight irregularities. It adds to the unique charm of this exquisite piece. Turn the garment inside out before washing to avoid abrasion. Beads &amp; Sequins: While our crafts persons and tailors create every attire with the utmost diligence, the ones with beads and sequins are always the most daunting. Beads and sequins have a tendency to fall off the fabric, even with the best of handling. Losing a few beads or sequins does not affect the overall look of the attire, and cannot be noticed even under scrutiny. So don’t worry and shine away!",in stock,new,83.30 USD,https://luxemia.shop/product/embroidered-sharara-suit-orange-banno,https://cdn.shopify.com/s/files/1/0746/4707/7035/files/banno-5798a-1.jpg?v=1790354305,Luxemia
embroidered-sharara-suit-violet-banno,Embroidered Violet Sharara Suit,"Product Highlights Embroidered Violet Sharara Suit This attire is Enhanced with Zari Embroidery Work Available with a Sharara and a Dupatta in Violet Do note: 1.)Accessories shown in the image are for presentation purposes only and length may vary upto 2 inches. 2.)Slight variation in actual color vs. image is possible. Additional Info More Information SKU LUX-BAN-5799 Occasion Party, Festive Fabric Georgette Color Violet Type Sharara Suits Work Zari Embroidery Country of Origin India Manufactured / Packed &amp; Marketed by Luxemia Color and Wash Care General: Please keep in mind that there may be slight variations in the color and shine of the item you receive as compared to the product’s picture on the website due to photographic effects, light intensity, and product color display may change from screen to screen due to different color calibration of devices. Also, the actual color depends on fabric dyes and the weather. Embroidery: Embroidery, Patch work and Thread work may have slight irregularities. It adds to the unique charm of this exquisite piece. Turn the garment inside out before washing to avoid abrasion.",in stock,new,83.30 USD,https://luxemia.shop/product/embroidered-sharara-suit-violet-banno,https://cdn.shopify.com/s/files/1/0746/4707/7035/files/banno-5799-1.jpg?v=1790354306,Luxemia
embroidered-sharara-suit-fuchsia-banno,Embroidered Fuchsia Sharara Suit,"Product Highlights Embroidered Fuchsia Sharara Suit This attire is Enhanced with Zari Embroidery Work Available with a Sharara and a Dupatta in Fuchsia Do note: 1.)Accessories shown in the image are for presentation purposes only and length may vary upto 2 inches. 2.)Slight variation in actual color vs. image is possible. Additional Info More Information SKU LUX-BAN-5799A Occasion Party, Festive Fabric Georgette Color Fuchsia Type Sharara Suits Work Zari Embroidery Country of Origin India Manufactured / Packed &amp; Marketed by Luxemia Color and Wash Care General: Please keep in mind that there may be slight variations in the color and shine of the item you receive as compared to the product’s picture on the website due to photographic effects, light intensity, and product color display may change from screen to screen due to different color calibration of devices. Also, the actual color depends on fabric dyes and the weather. Embroidery: Embroidery, Patch work and Thread work may have slight irregularities. It adds to the unique charm of this exquisite piece. Turn the garment inside out before washing to avoid abrasion.",in stock,new,83.30 USD,https://luxemia.shop/product/embroidered-sharara-suit-fuchsia-banno,https://cdn.shopify.com/s/files/1/0746/4707/7035/files/banno-5799a-1.jpg?v=1790354306,Luxemia
mirror-work-kurti-set-beige-cosmos,Mirror Work Beige Kurti Set,"Product Highlights Mirror Work Beige Kurti Set This attire is Enhanced with Mirror Work Available with Straight Pants and a Dupatta in Beige Do note: 1.)Accessories shown in the image are for presentation purposes only and length may vary upto 2 inches. 2.)Slight variation in actual color vs. image is possible. Additional Info More Information SKU LUX-COS-001 Occasion Party, Festive Fabric Silk Blend Color Beige Type Kurti Sets Work Mirror Work Country of Origin India Manufactured / Packed &amp; Marketed by Luxemia Color and Wash Care General: Please keep in mind that there may be slight variations in the color and shine of the item you receive as compared to the product’s picture on the website due to photographic effects, light intensity, and product color display may change from screen to screen due to different color calibration of devices. Also, the actual color depends on fabric dyes and the weather. Embroidery: Embroidery, Patch work and Thread work may have slight irregularities. It adds to the unique charm of this exquisite piece. Turn the garment inside out before washing to avoid abrasion.",in stock,new,73.33 USD,https://luxemia.shop/product/mirror-work-kurti-set-beige-cosmos,https://cdn.shopify.com/s/files/1/0746/4707/7035/files/cosmos-beige-1.jpg?v=1790354307,Luxemia
embroidered-kurti-set-magenta-9954,Embroidered Magenta Kurti Set,"Product Highlights Embroidered Magenta Kurti Set This attire is Enhanced with Sequin and Zari Thread Embroidery Work Available with Straight Pants and a Dupatta in Magenta Do note: 1.)Accessories shown in the image are for presentation purposes only and length may vary upto 2 inches. 2.)Slight variation in actual color vs. image is possible. Additional Info More Information SKU LUX-9954-MAG Occasion Party, Festive Fabric Silk Blend Color Magenta Type Kurti Sets Work Sequin, Zari Thread Embroidery Country of Origin India Manufactured / Packed &amp; Marketed by Luxemia Color and Wash Care General: Please keep in mind that there may be slight variations in the color and shine of the item you receive as compared to the product’s picture on the website due to photographic effects, light intensity, and product color display may change from screen to screen due to different color calibration of devices. Also, the actual color depends on fabric dyes and the weather. Embroidery: Embroidery, Patch work and Thread work may have slight irregularities. It adds to the unique charm of this exquisite piece. Turn the garment inside out before washing to avoid abrasion. Beads &amp; Sequins: While our crafts persons and tailors create every attire with the utmost diligence, the ones with beads and sequins are always the most daunting. Beads and sequins have a tendency to fall off the fabric, even with the best of handling. Losing a few beads or sequins does not affect the overall look of the attire, and cannot be noticed even under scrutiny. So don’t worry and shine away!",in stock,new,73.30 USD,https://luxemia.shop/product/embroidered-kurti-set-magenta-9954,https://cdn.shopify.com/s/files/1/0746/4707/7035/files/9954-magenta-1.jpg?v=1790354310,Luxemia
embroidered-kurti-set-yellow-9954,Embroidered Yellow Kurti Set,"Product Highlights Embroidered Yellow Kurti Set This attire is Enhanced with Sequin and Zari Thread Embroidery Work Available with Straight Pants and a Dupatta in Yellow Do note: 1.)Accessories shown in the image are for presentation purposes only and length may vary upto 2 inches. 2.)Slight variation in actual color vs. image is possible. Additional Info More Information SKU LUX-9954-YEL Occasion Party, Festive Fabric Silk Blend Color Yellow Type Kurti Sets Work Sequin, Zari Thread Embroidery Country of Origin India Manufactured / Packed &amp; Marketed by Luxemia Color and Wash Care General: Please keep in mind that there may be slight variations in the color and shine of the item you receive as compared to the product’s picture on the website due to photographic effects, light intensity, and product color display may change from screen to screen due to different color calibration of devices. Also, the actual color depends on fabric dyes and the weather. Embroidery: Embroidery, Patch work and Thread work may have slight irregularities. It adds to the unique charm of this exquisite piece. Turn the garment inside out before washing to avoid abrasion. Beads &amp; Sequins: While our crafts persons and tailors create every attire with the utmost diligence, the ones with beads and sequins are always the most daunting. Beads and sequins have a tendency to fall off the fabric, even with the best of handling. Losing a few beads or sequins does not affect the overall look of the attire, and cannot be noticed even under scrutiny. So don’t worry and shine away!",in stock,new,73.30 USD,https://luxemia.shop/product/embroidered-kurti-set-yellow-9954,https://cdn.shopify.com/s/files/1/0746/4707/7035/files/9954-yellow-1.jpg?v=1790354311,Luxemia
embroidered-kurti-set-maroon-9954,Embroidered Maroon Kurti Set,"Product Highlights Embroidered Maroon Kurti Set This attire is Enhanced with Sequin and Zari Thread Embroidery Work Available with Straight Pants and a Dupatta in Maroon Do note: 1.)Accessories shown in the image are for presentation purposes only and length may vary upto 2 inches. 2.)Slight variation in actual color vs. image is possible. Additional Info More Information SKU LUX-9954-MAR Occasion Party, Festive Fabric Silk Blend Color Maroon Type Kurti Sets Work Sequin, Zari Thread Embroidery Country of Origin India Manufactured / Packed &amp; Marketed by Luxemia Color and Wash Care General: Please keep in mind that there may be slight variations in the color and shine of the item you receive as compared to the product’s picture on the website due to photographic effects, light intensity, and product color display may change from screen to screen due to different color calibration of devices. Also, the actual color depends on fabric dyes and the weather. Embroidery: Embroidery, Patch work and Thread work may have slight irregularities. It adds to the unique charm of this exquisite piece. Turn the garment inside out before washing to avoid abrasion. Beads &amp; Sequins: While our crafts persons and tailors create every attire with the utmost diligence, the ones with beads and sequins are always the most daunting. Beads and sequins have a tendency to fall off the fabric, even with the best of handling. Losing a few beads or sequins does not affect the overall look of the attire, and cannot be noticed even under scrutiny. So don’t worry and shine away!",in stock,new,73.30 USD,https://luxemia.shop/product/embroidered-kurti-set-maroon-9954,https://cdn.shopify.com/s/files/1/0746/4707/7035/files/9954-maroon-1.jpg?v=1790354312,Luxemia
embroidered-cape-palazzo-set-green-amoha,Embroidered Green Cape Palazzo Set,"Product Highlights Embroidered Green Cape Palazzo Set This attire is Enhanced with Multicolor Thread Embroidery Work Available with Wide-Leg Palazzo Pants in Green Do note: 1.)Accessories shown in the image are for presentation purposes only and length may vary upto 2 inches. 2.)Slight variation in actual color vs. image is possible. Additional Info More Information SKU LUX-AMO-GRN Occasion Party, Festive Fabric Satin Color Green Type Palazzo Sets Work Thread Embroidery Country of Origin India Manufactured / Packed &amp; Marketed by Luxemia Color and Wash Care General: Please keep in mind that there may be slight variations in the color and shine of the item you receive as compared to the product’s picture on the website due to photographic effects, light intensity, and product color display may change from screen to screen due to different color calibration of devices. Also, the actual color depends on fabric dyes and the weather. Embroidery: Embroidery, Patch work and Thread work may have slight irregularities. It adds to the unique charm of this exquisite piece. Turn the garment inside out before washing to avoid abrasion.",in stock,new,101.50 USD,https://luxemia.shop/product/embroidered-cape-palazzo-set-green-amoha,https://cdn.shopify.com/s/files/1/0746/4707/7035/files/amoha-green-1.jpg?v=1790354314,Luxemia
embroidered-cape-palazzo-set-black-amoha,Embroidered Black Cape Palazzo Set,"Product Highlights Embroidered Black Cape Palazzo Set This attire is Enhanced with Multicolor Thread Embroidery Work Available with Wide-Leg Palazzo Pants in Black Do note: 1.)Accessories shown in the image are for presentation purposes only and length may vary upto 2 inches. 2.)Slight variation in actual color vs. image is possible. Additional Info More Information SKU LUX-AMO-BLK Occasion Party, Festive Fabric Satin Color Black Type Palazzo Sets Work Thread Embroidery Country of Origin India Manufactured / Packed &amp; Marketed by Luxemia Color and Wash Care General: Please keep in mind that there may be slight variations in the color and shine of the item you receive as compared to the product’s picture on the website due to photographic effects, light intensity, and product color display may change from screen to screen due to different color calibration of devices. Also, the actual color depends on fabric dyes and the weather. Embroidery: Embroidery, Patch work and Thread work may have slight irregularities. It adds to the unique charm of this exquisite piece. Turn the garment inside out before washing to avoid abrasion.",in stock,new,101.50 USD,https://luxemia.shop/product/embroidered-cape-palazzo-set-black-amoha,https://cdn.shopify.com/s/files/1/0746/4707/7035/files/amoha-black-1.jpg?v=1790354314,Luxemia
embroidered-kurti-set-maroon-9827,Embroidered Maroon Kurti Set,"Product Highlights Embroidered Maroon Kurti Set This attire is Enhanced with Sequin and Zari Thread Embroidery Work Available with Silk Pants and a Chinon Dupatta in Maroon Do note: 1.)Accessories shown in the image are for presentation purposes only and length may vary upto 2 inches. 2.)Slight variation in actual color vs. image is possible. Additional Info More Information SKU LUX-9827-MAR Occasion Party, Festive Fabric Chinon, Silk Color Maroon Type Kurti Sets Work Sequin, Zari Thread Embroidery Country of Origin India Manufactured / Packed &amp; Marketed by Luxemia Color and Wash Care General: Please keep in mind that there may be slight variations in the color and shine of the item you receive as compared to the product’s picture on the website due to photographic effects, light intensity, and product color display may change from screen to screen due to different color calibration of devices. Also, the actual color depends on fabric dyes and the weather. Embroidery: Embroidery, Patch work and Thread work may have slight irregularities. It adds to the unique charm of this exquisite piece. Turn the garment inside out before washing to avoid abrasion. Beads &amp; Sequins: While our crafts persons and tailors create every attire with the utmost diligence, the ones with beads and sequins are always the most daunting. Beads and sequins have a tendency to fall off the fabric, even with the best of handling. Losing a few beads or sequins does not affect the overall look of the attire, and cannot be noticed even under scrutiny. So don’t worry and shine away!",in stock,new,73.30 USD,https://luxemia.shop/product/embroidered-kurti-set-maroon-9827,https://cdn.shopify.com/s/files/1/0746/4707/7035/files/9827-maroon-1.jpg?v=1790354314,Luxemia
embroidered-kurti-set-mustard-9827,Embroidered Mustard Kurti Set,"Product Highlights Embroidered Mustard Kurti Set This attire is Enhanced with Sequin and Zari Thread Embroidery Work Available with Silk Pants and a Chinon Dupatta in Mustard Do note: 1.)Accessories shown in the image are for presentation purposes only and length may vary upto 2 inches. 2.)Slight variation in actual color vs. image is possible. Additional Info More Information SKU LUX-9827-MUS Occasion Party, Festive Fabric Chinon, Silk Color Mustard Type Kurti Sets Work Sequin, Zari Thread Embroidery Country of Origin India Manufactured / Packed &amp; Marketed by Luxemia Color and Wash Care General: Please keep in mind that there may be slight variations in the color and shine of the item you receive as compared to the product’s picture on the website due to photographic effects, light intensity, and product color display may change from screen to screen due to different color calibration of devices. Also, the actual color depends on fabric dyes and the weather. Embroidery: Embroidery, Patch work and Thread work may have slight irregularities. It adds to the unique charm of this exquisite piece. Turn the garment inside out before washing to avoid abrasion. Beads &amp; Sequins: While our crafts persons and tailors create every attire with the utmost diligence, the ones with beads and sequins are always the most daunting. Beads and sequins have a tendency to fall off the fabric, even with the best of handling. Losing a few beads or sequins does not affect the overall look of the attire, and cannot be noticed even under scrutiny. So don’t worry and shine away!",in stock,new,73.30 USD,https://luxemia.shop/product/embroidered-kurti-set-mustard-9827,https://cdn.shopify.com/s/files/1/0746/4707/7035/files/9827-mustard-1.jpg?v=1790354315,Luxemia
embroidered-kurti-set-rust-9827,Embroidered Rust Red Kurti Set,"Product Highlights Embroidered Rust Red Kurti Set This attire is Enhanced with Sequin and Zari Thread Embroidery Work Available with Silk Pants and a Chinon Dupatta in Rust Red Do note: 1.)Accessories shown in the image are for presentation purposes only and length may vary upto 2 inches. 2.)Slight variation in actual color vs. image is possible. Additional Info More Information SKU LUX-9827-RUS Occasion Party, Festive Fabric Chinon, Silk Color Rust Red Type Kurti Sets Work Sequin, Zari Thread Embroidery Country of Origin India Manufactured / Packed &amp; Marketed by Luxemia Color and Wash Care General: Please keep in mind that there may be slight variations in the color and shine of the item you receive as compared to the product’s picture on the website due to photographic effects, light intensity, and product color display may change from screen to screen due to different color calibration of devices. Also, the actual color depends on fabric dyes and the weather. Embroidery: Embroidery, Patch work and Thread work may have slight irregularities. It adds to the unique charm of this exquisite piece. Turn the garment inside out before washing to avoid abrasion. Beads &amp; Sequins: While our crafts persons and tailors create every attire with the utmost diligence, the ones with beads and sequins are always the most daunting. Beads and sequins have a tendency to fall off the fabric, even with the best of handling. Losing a few beads or sequins does not affect the overall look of the attire, and cannot be noticed even under scrutiny. So don’t worry and shine away!",in stock,new,73.30 USD,https://luxemia.shop/product/embroidered-kurti-set-rust-9827,https://cdn.shopify.com/s/files/1/0746/4707/7035/files/9827-rust-1.jpg?v=1790354316,Luxemia
embroidered-kurti-set-magenta-9827,Embroidered Magenta Kurti Set,"Product Highlights Embroidered Magenta Kurti Set This attire is Enhanced with Sequin and Zari Thread Embroidery Work Available with Silk Pants and a Chinon Dupatta in Magenta Do note: 1.)Accessories shown in the image are for presentation purposes only and length may vary upto 2 inches. 2.)Slight variation in actual color vs. image is possible. Additional Info More Information SKU LUX-9827-MAG Occasion Party, Festive Fabric Chinon, Silk Color Magenta Type Kurti Sets Work Sequin, Zari Thread Embroidery Country of Origin India Manufactured / Packed &amp; Marketed by Luxemia Color and Wash Care General: Please keep in mind that there may be slight variations in the color and shine of the item you receive as compared to the product’s picture on the website due to photographic effects, light intensity, and product color display may change from screen to screen due to different color calibration of devices. Also, the actual color depends on fabric dyes and the weather. Embroidery: Embroidery, Patch work and Thread work may have slight irregularities. It adds to the unique charm of this exquisite piece. Turn the garment inside out before washing to avoid abrasion. Beads &amp; Sequins: While our crafts persons and tailors create every attire with the utmost diligence, the ones with beads and sequins are always the most daunting. Beads and sequins have a tendency to fall off the fabric, even with the best of handling. Losing a few beads or sequins does not affect the overall look of the attire, and cannot be noticed even under scrutiny. So don’t worry and shine away!",in stock,new,73.30 USD,https://luxemia.shop/product/embroidered-kurti-set-magenta-9827,https://cdn.shopify.com/s/files/1/0746/4707/7035/files/9827-magenta-1.jpg?v=1790354316,Luxemia
embroidered-gown-orange-jiyanshi-9,Embroidered Orange Gown,"Product Highlights Embroidered Orange Gown This attire is Enhanced with Sequin and Thread Embroidery Work Available with an Art Silk Dupatta in Orange Do note: 1.)Accessories shown in the image are for presentation purposes only and length may vary upto 2 inches. 2.)Slight variation in actual color vs. image is possible. Additional Info More Information SKU LUX-JIY-9 Occasion Party, Festive Fabric Art Silk, Crepe Color Orange Type Gowns Work Sequin, Thread Embroidery Country of Origin India Manufactured / Packed &amp; Marketed by Luxemia Color and Wash Care General: Please keep in mind that there may be slight variations in the color and shine of the item you receive as compared to the product’s picture on the website due to photographic effects, light intensity, and product color display may change from screen to screen due to different color calibration of devices. Also, the actual color depends on fabric dyes and the weather. Embroidery: Embroidery, Patch work and Thread work may have slight irregularities. It adds to the unique charm of this exquisite piece. Turn the garment inside out before washing to avoid abrasion. Beads &amp; Sequins: While our crafts persons and tailors create every attire with the utmost diligence, the ones with beads and sequins are always the most daunting. Beads and sequins have a tendency to fall off the fabric, even with the best of handling. Losing a few beads or sequins does not affect the overall look of the attire, and cannot be noticed even under scrutiny. So don’t worry and shine away!",in stock,new,43.17 USD,https://luxemia.shop/product/embroidered-gown-orange-jiyanshi-9,https://cdn.shopify.com/s/files/1/0746/4707/7035/files/jiyanshi-9-1.jpg?v=1790354317,Luxemia
embroidered-gown-purple-jiyanshi-10,Embroidered Purple Gown,"Product Highlights Embroidered Purple Gown This attire is Enhanced with Sequin and Thread Embroidery Work Available with an Art Silk Dupatta in Purple Do note: 1.)Accessories shown in the image are for presentation purposes only and length may vary upto 2 inches. 2.)Slight variation in actual color vs. image is possible. Additional Info More Information SKU LUX-JIY-10 Occasion Party, Festive Fabric Art Silk, Crepe Color Purple Type Gowns Work Sequin, Thread Embroidery Country of Origin India Manufactured / Packed &amp; Marketed by Luxemia Color and Wash Care General: Please keep in mind that there may be slight variations in the color and shine of the item you receive as compared to the product’s picture on the website due to photographic effects, light intensity, and product color display may change from screen to screen due to different color calibration of devices. Also, the actual color depends on fabric dyes and the weather. Embroidery: Embroidery, Patch work and Thread work may have slight irregularities. It adds to the unique charm of this exquisite piece. Turn the garment inside out before washing to avoid abrasion. Beads &amp; Sequins: While our crafts persons and tailors create every attire with the utmost diligence, the ones with beads and sequins are always the most daunting. Beads and sequins have a tendency to fall off the fabric, even with the best of handling. Losing a few beads or sequins does not affect the overall look of the attire, and cannot be noticed even under scrutiny. So don’t worry and shine away!",in stock,new,43.17 USD,https://luxemia.shop/product/embroidered-gown-purple-jiyanshi-10,https://cdn.shopify.com/s/files/1/0746/4707/7035/files/jiyanshi-10-1.jpg?v=1790354317,Luxemia
sequin-embroidered-palazzo-set-maroon-50002,Sequin Embroidered Maroon Palazzo Set,"Product Highlights Sequin Embroidered Maroon Palazzo Set This attire is Enhanced with Sequin and Thread Embroidery Work Available with Palazzo Pants and a Dupatta with Sequin Border in Maroon Do note: 1.)Accessories shown in the image are for presentation purposes only and length may vary upto 2 inches. 2.)Slight variation in actual color vs. image is possible. Additional Info More Information SKU LUX-50002-MAR Occasion Party, Festive Fabric Chinon Color Maroon Type Palazzo Sets Work Sequin, Thread Embroidery Country of Origin India Manufactured / Packed &amp; Marketed by Luxemia Color and Wash Care General: Please keep in mind that there may be slight variations in the color and shine of the item you receive as compared to the product’s picture on the website due to photographic effects, light intensity, and product color display may change from screen to screen due to different color calibration of devices. Also, the actual color depends on fabric dyes and the weather. Embroidery: Embroidery, Patch work and Thread work may have slight irregularities. It adds to the unique charm of this exquisite piece. Turn the garment inside out before washing to avoid abrasion. Beads &amp; Sequins: While our crafts persons and tailors create every attire with the utmost diligence, the ones with beads and sequins are always the most daunting. Beads and sequins have a tendency to fall off the fabric, even with the best of handling. Losing a few beads or sequins does not affect the overall look of the attire, and cannot be noticed even under scrutiny. So don’t worry and shine away!",in stock,new,63.30 USD,https://luxemia.shop/product/sequin-embroidered-palazzo-set-maroon-50002,https://cdn.shopify.com/s/files/1/0746/4707/7035/files/50002-maroon-1.jpg?v=1790354318,Luxemia
sequin-embroidered-palazzo-set-magenta-50002,Sequin Embroidered Magenta Palazzo Set,"Product Highlights Sequin Embroidered Magenta Palazzo Set This attire is Enhanced with Sequin and Thread Embroidery Work Available with Palazzo Pants and a Dupatta with Sequin Border in Magenta Do note: 1.)Accessories shown in the image are for presentation purposes only and length may vary upto 2 inches. 2.)Slight variation in actual color vs. image is possible. Additional Info More Information SKU LUX-50002-MAG Occasion Party, Festive Fabric Chinon Color Magenta Type Palazzo Sets Work Sequin, Thread Embroidery Country of Origin India Manufactured / Packed &amp; Marketed by Luxemia Color and Wash Care General: Please keep in mind that there may be slight variations in the color and shine of the item you receive as compared to the product’s picture on the website due to photographic effects, light intensity, and product color display may change from screen to screen due to different color calibration of devices. Also, the actual color depends on fabric dyes and the weather. Embroidery: Embroidery, Patch work and Thread work may have slight irregularities. It adds to the unique charm of this exquisite piece. Turn the garment inside out before washing to avoid abrasion. Beads &amp; Sequins: While our crafts persons and tailors create every attire with the utmost diligence, the ones with beads and sequins are always the most daunting. Beads and sequins have a tendency to fall off the fabric, even with the best of handling. Losing a few beads or sequins does not affect the overall look of the attire, and cannot be noticed even under scrutiny. So don’t worry and shine away!",in stock,new,63.30 USD,https://luxemia.shop/product/sequin-embroidered-palazzo-set-magenta-50002,https://cdn.shopify.com/s/files/1/0746/4707/7035/files/50002-magenta-1.jpg?v=1790354319,Luxemia
embroidered-kurti-set-blue-on5166,Embroidered Blue Kurti Set,"Product Highlights Embroidered Blue Kurti Set This attire is Enhanced with Sequin, Bead and Thread Embroidery Work Available with Palazzo Pants and an Embroidered Dupatta in Blue Do note: 1.)Accessories shown in the image are for presentation purposes only and length may vary upto 2 inches. 2.)Slight variation in actual color vs. image is possible. Additional Info More Information SKU LUX-ON5166-BLU Occasion Party, Festive Fabric Fandy Silk Color Blue Type Kurti Sets Work Sequin, Bead Work, Thread Embroidery Country of Origin India Manufactured / Packed &amp; Marketed by Luxemia Color and Wash Care General: Please keep in mind that there may be slight variations in the color and shine of the item you receive as compared to the product’s picture on the website due to photographic effects, light intensity, and product color display may change from screen to screen due to different color calibration of devices. Also, the actual color depends on fabric dyes and the weather. Embroidery: Embroidery, Patch work and Thread work may have slight irregularities. It adds to the unique charm of this exquisite piece. Turn the garment inside out before washing to avoid abrasion. Beads &amp; Sequins: While our crafts persons and tailors create every attire with the utmost diligence, the ones with beads and sequins are always the most daunting. Beads and sequins have a tendency to fall off the fabric, even with the best of handling. Losing a few beads or sequins does not affect the overall look of the attire, and cannot be noticed even under scrutiny. So don’t worry and shine away!",in stock,new,56.50 USD,https://luxemia.shop/product/embroidered-kurti-set-blue-on5166,https://cdn.shopify.com/s/files/1/0746/4707/7035/files/on5166-blue-1.jpg?v=1790354319,Luxemia
embroidered-kurti-set-pink-on5166,Embroidered Pink Kurti Set,"Product Highlights Embroidered Pink Kurti Set This attire is Enhanced with Sequin, Bead and Thread Embroidery Work Available with Palazzo Pants and an Embroidered Dupatta in Pink Do note: 1.)Accessories shown in the image are for presentation purposes only and length may vary upto 2 inches. 2.)Slight variation in actual color vs. image is possible. Additional Info More Information SKU LUX-ON5166-PNK Occasion Party, Festive Fabric Fandy Silk Color Pink Type Kurti Sets Work Sequin, Bead Work, Thread Embroidery Country of Origin India Manufactured / Packed &amp; Marketed by Luxemia Color and Wash Care General: Please keep in mind that there may be slight variations in the color and shine of the item you receive as compared to the product’s picture on the website due to photographic effects, light intensity, and product color display may change from screen to screen due to different color calibration of devices. Also, the actual color depends on fabric dyes and the weather. Embroidery: Embroidery, Patch work and Thread work may have slight irregularities. It adds to the unique charm of this exquisite piece. Turn the garment inside out before washing to avoid abrasion. Beads &amp; Sequins: While our crafts persons and tailors create every attire with the utmost diligence, the ones with beads and sequins are always the most daunting. Beads and sequins have a tendency to fall off the fabric, even with the best of handling. Losing a few beads or sequins does not affect the overall look of the attire, and cannot be noticed even under scrutiny. So don’t worry and shine away!",in stock,new,56.50 USD,https://luxemia.shop/product/embroidered-kurti-set-pink-on5166,https://cdn.shopify.com/s/files/1/0746/4707/7035/files/on5166-pink-1.jpg?v=1790354320,Luxemia
embroidered-kurti-pant-set-beige-purple,Embroidered Anarkali Beige and Purple Kurti Pant Set,"Product Highlights Embroidered Beige and Purple Kurti Pant Set This attire is Enhanced with Sequin and Thread Embroidery Work Available with Straight Pants and a Dupatta in Purple Do note: 1.)Accessories shown in the image are for presentation purposes only and length may vary upto 2 inches. 2.)Slight variation in actual color vs. image is possible. Additional Info More Information SKU LUX-ANA-BP Occasion Party, Festive Fabric Silk Blend Color Beige, Purple Type Kurti Sets Work Sequin, Thread Embroidery Country of Origin India Manufactured / Packed &amp; Marketed by Luxemia Color and Wash Care General: Please keep in mind that there may be slight variations in the color and shine of the item you receive as compared to the product’s picture on the website due to photographic effects, light intensity, and product color display may change from screen to screen due to different color calibration of devices. Also, the actual color depends on fabric dyes and the weather. Embroidery: Embroidery, Patch work and Thread work may have slight irregularities. It adds to the unique charm of this exquisite piece. Turn the garment inside out before washing to avoid abrasion. Beads &amp; Sequins: While our crafts persons and tailors create every attire with the utmost diligence, the ones with beads and sequins are always the most daunting. Beads and sequins have a tendency to fall off the fabric, even with the best of handling. Losing a few beads or sequins does not affect the overall look of the attire, and cannot be noticed even under scrutiny. So don’t worry and shine away!",in stock,new,39.97 USD,https://luxemia.shop/product/embroidered-kurti-pant-set-beige-purple,https://cdn.shopify.com/s/files/1/0746/4707/7035/files/anarkali-beige-purple-1.jpg?v=1790354320,Luxemia
embroidered-kurti-pant-set-pink-teal,Embroidered Anarkali Pink and Teal Kurti Pant Set,"Product Highlights Embroidered Pink and Teal Kurti Pant Set This attire is Enhanced with Sequin and Thread Embroidery Work Available with Straight Pants and a Dupatta in Teal Do note: 1.)Accessories shown in the image are for presentation purposes only and length may vary upto 2 inches. 2.)Slight variation in actual color vs. image is possible. Additional Info More Information SKU LUX-ANA-PT Occasion Party, Festive Fabric Silk Blend Color Pink, Teal Type Kurti Sets Work Sequin, Thread Embroidery Country of Origin India Manufactured / Packed &amp; Marketed by Luxemia Color and Wash Care General: Please keep in mind that there may be slight variations in the color and shine of the item you receive as compared to the product’s picture on the website due to photographic effects, light intensity, and product color display may change from screen to screen due to different color calibration of devices. Also, the actual color depends on fabric dyes and the weather. Embroidery: Embroidery, Patch work and Thread work may have slight irregularities. It adds to the unique charm of this exquisite piece. Turn the garment inside out before washing to avoid abrasion. Beads &amp; Sequins: While our crafts persons and tailors create every attire with the utmost diligence, the ones with beads and sequins are always the most daunting. Beads and sequins have a tendency to fall off the fabric, even with the best of handling. Losing a few beads or sequins does not affect the overall look of the attire, and cannot be noticed even under scrutiny. So don’t worry and shine away!",in stock,new,39.97 USD,https://luxemia.shop/product/embroidered-kurti-pant-set-pink-teal,https://cdn.shopify.com/s/files/1/0746/4707/7035/files/anarkali-pink-teal-1.jpg?v=1790354321,Luxemia
embroidered-kurti-pant-set-purple-lime,Embroidered Anarkali Purple and Lime Kurti Pant Set,"Product Highlights Embroidered Purple and Lime Kurti Pant Set This attire is Enhanced with Sequin and Thread Embroidery Work Available with Straight Pants and a Dupatta in Lime Do note: 1.)Accessories shown in the image are for presentation purposes only and length may vary upto 2 inches. 2.)Slight variation in actual color vs. image is possible. Additional Info More Information SKU LUX-ANA-PL Occasion Party, Festive Fabric Silk Blend Color Purple, Lime Type Kurti Sets Work Sequin, Thread Embroidery Country of Origin India Manufactured / Packed &amp; Marketed by Luxemia Color and Wash Care General: Please keep in mind that there may be slight variations in the color and shine of the item you receive as compared to the product’s picture on the website due to photographic effects, light intensity, and product color display may change from screen to screen due to different color calibration of devices. Also, the actual color depends on fabric dyes and the weather. Embroidery: Embroidery, Patch work and Thread work may have slight irregularities. It adds to the unique charm of this exquisite piece. Turn the garment inside out before washing to avoid abrasion. Beads &amp; Sequins: While our crafts persons and tailors create every attire with the utmost diligence, the ones with beads and sequins are always the most daunting. Beads and sequins have a tendency to fall off the fabric, even with the best of handling. Losing a few beads or sequins does not affect the overall look of the attire, and cannot be noticed even under scrutiny. So don’t worry and shine away!",in stock,new,39.97 USD,https://luxemia.shop/product/embroidered-kurti-pant-set-purple-lime,https://cdn.shopify.com/s/files/1/0746/4707/7035/files/anarkali-purple-lime-1.jpg?v=1790354321,Luxemia
embroidered-kurti-pant-set-teal,Embroidered Anarkali Teal Kurti Pant Set,"Product Highlights Embroidered Teal Kurti Pant Set This attire is Enhanced with Sequin and Thread Embroidery Work Available with Straight Pants and a Dupatta in Teal Do note: 1.)Accessories shown in the image are for presentation purposes only and length may vary upto 2 inches. 2.)Slight variation in actual color vs. image is possible. Additional Info More Information SKU LUX-ANA-TT Occasion Party, Festive Fabric Silk Blend Color Teal Type Kurti Sets Work Sequin, Thread Embroidery Country of Origin India Manufactured / Packed &amp; Marketed by Luxemia Color and Wash Care General: Please keep in mind that there may be slight variations in the color and shine of the item you receive as compared to the product’s picture on the website due to photographic effects, light intensity, and product color display may change from screen to screen due to different color calibration of devices. Also, the actual color depends on fabric dyes and the weather. Embroidery: Embroidery, Patch work and Thread work may have slight irregularities. It adds to the unique charm of this exquisite piece. Turn the garment inside out before washing to avoid abrasion. Beads &amp; Sequins: While our crafts persons and tailors create every attire with the utmost diligence, the ones with beads and sequins are always the most daunting. Beads and sequins have a tendency to fall off the fabric, even with the best of handling. Losing a few beads or sequins does not affect the overall look of the attire, and cannot be noticed even under scrutiny. So don’t worry and shine away!",in stock,new,39.97 USD,https://luxemia.shop/product/embroidered-kurti-pant-set-teal,https://cdn.shopify.com/s/files/1/0746/4707/7035/files/anarkali-teal-teal-1.jpg?v=1790354322,Luxemia
embroidered-palazzo-set-rust-red-2611,Embroidered Rust Red Palazzo Set,"Product Highlights Embroidered Rust Red Palazzo Set This attire is Enhanced with Sequin and Thread Embroidery Work Available with Palazzo Pants, a Dupatta and a Potli Bag in Rust Red Do note: 1.)Accessories shown in the image are for presentation purposes only and length may vary upto 2 inches. 2.)Slight variation in actual color vs. image is possible. Additional Info More Information SKU LUX-2611 Occasion Party, Festive Fabric Chinon Color Rust Red Type Palazzo Sets Work Sequin, Thread Embroidery Country of Origin India Manufactured / Packed &amp; Marketed by Luxemia Color and Wash Care General: Please keep in mind that there may be slight variations in the color and shine of the item you receive as compared to the product’s picture on the website due to photographic effects, light intensity, and product color display may change from screen to screen due to different color calibration of devices. Also, the actual color depends on fabric dyes and the weather. Embroidery: Embroidery, Patch work and Thread work may have slight irregularities. It adds to the unique charm of this exquisite piece. Turn the garment inside out before washing to avoid abrasion. Beads &amp; Sequins: While our crafts persons and tailors create every attire with the utmost diligence, the ones with beads and sequins are always the most daunting. Beads and sequins have a tendency to fall off the fabric, even with the best of handling. Losing a few beads or sequins does not affect the overall look of the attire, and cannot be noticed even under scrutiny. So don’t worry and shine away!",in stock,new,76.63 USD,https://luxemia.shop/product/embroidered-palazzo-set-rust-red-2611,https://cdn.shopify.com/s/files/1/0746/4707/7035/files/dn2611-rust-1.jpg?v=1790354323,Luxemia
embroidered-palazzo-set-yellow-2612,Embroidered Yellow Palazzo Set,"Product Highlights Embroidered Yellow Palazzo Set This attire is Enhanced with Sequin and Thread Embroidery Work Available with Palazzo Pants, a Dupatta and a Potli Bag in Yellow Do note: 1.)Accessories shown in the image are for presentation purposes only and length may vary upto 2 inches. 2.)Slight variation in actual color vs. image is possible. Additional Info More Information SKU LUX-2612 Occasion Party, Festive Fabric Chinon Color Yellow Type Palazzo Sets Work Sequin, Thread Embroidery Country of Origin India Manufactured / Packed &amp; Marketed by Luxemia Color and Wash Care General: Please keep in mind that there may be slight variations in the color and shine of the item you receive as compared to the product’s picture on the website due to photographic effects, light intensity, and product color display may change from screen to screen due to different color calibration of devices. Also, the actual color depends on fabric dyes and the weather. Embroidery: Embroidery, Patch work and Thread work may have slight irregularities. It adds to the unique charm of this exquisite piece. Turn the garment inside out before washing to avoid abrasion. Beads &amp; Sequins: While our crafts persons and tailors create every attire with the utmost diligence, the ones with beads and sequins are always the most daunting. Beads and sequins have a tendency to fall off the fabric, even with the best of handling. Losing a few beads or sequins does not affect the overall look of the attire, and cannot be noticed even under scrutiny. So don’t worry and shine away!",in stock,new,76.63 USD,https://luxemia.shop/product/embroidered-palazzo-set-yellow-2612,https://cdn.shopify.com/s/files/1/0746/4707/7035/files/dn2612-yellow-1.jpg?v=1790354324,Luxemia
embroidered-palazzo-set-magenta-2613,Embroidered Magenta Palazzo Set,"Product Highlights Embroidered Magenta Palazzo Set This attire is Enhanced with Sequin and Thread Embroidery Work Available with Palazzo Pants, a Dupatta and a Potli Bag in Magenta Do note: 1.)Accessories shown in the image are for presentation purposes only and length may vary upto 2 inches. 2.)Slight variation in actual color vs. image is possible. Additional Info More Information SKU LUX-2613 Occasion Party, Festive Fabric Chinon Color Magenta Type Palazzo Sets Work Sequin, Thread Embroidery Country of Origin India Manufactured / Packed &amp; Marketed by Luxemia Color and Wash Care General: Please keep in mind that there may be slight variations in the color and shine of the item you receive as compared to the product’s picture on the website due to photographic effects, light intensity, and product color display may change from screen to screen due to different color calibration of devices. Also, the actual color depends on fabric dyes and the weather. Embroidery: Embroidery, Patch work and Thread work may have slight irregularities. It adds to the unique charm of this exquisite piece. Turn the garment inside out before washing to avoid abrasion. Beads &amp; Sequins: While our crafts persons and tailors create every attire with the utmost diligence, the ones with beads and sequins are always the most daunting. Beads and sequins have a tendency to fall off the fabric, even with the best of handling. Losing a few beads or sequins does not affect the overall look of the attire, and cannot be noticed even under scrutiny. So don’t worry and shine away!",in stock,new,76.63 USD,https://luxemia.shop/product/embroidered-palazzo-set-magenta-2613,https://cdn.shopify.com/s/files/1/0746/4707/7035/files/dn2613-magenta-1.jpg?v=1790354323,Luxemia
ready-to-wear-embroidered-saree-a536,Ready to Wear Embroidered Saree,"Product Highlights Ready to Wear Embroidered Saree This attire is Enhanced with Sequin and Thread Embroidery Work Available with a Matching Embroidered Blouse Do note: 1.)Accessories shown in the image are for presentation purposes only and length may vary upto 2 inches. 2.)Slight variation in actual color vs. image is possible. Additional Info More Information SKU LUX-A536 Occasion Party, Festive Fabric Chinon Color Pink, Ivory, Teal, Purple Type Sarees Work Sequin, Thread Embroidery Country of Origin India Manufactured / Packed &amp; Marketed by Luxemia Color and Wash Care General: Please keep in mind that there may be slight variations in the color and shine of the item you receive as compared to the product’s picture on the website due to photographic effects, light intensity, and product color display may change from screen to screen due to different color calibration of devices. Also, the actual color depends on fabric dyes and the weather. Embroidery: Embroidery, Patch work and Thread work may have slight irregularities. It adds to the unique charm of this exquisite piece. Turn the garment inside out before washing to avoid abrasion. Beads &amp; Sequins: While our crafts persons and tailors create every attire with the utmost diligence, the ones with beads and sequins are always the most daunting. Beads and sequins have a tendency to fall off the fabric, even with the best of handling. Losing a few beads or sequins does not affect the overall look of the attire, and cannot be noticed even under scrutiny. So don’t worry and shine away!",in stock,new,83.17 USD,https://luxemia.shop/product/ready-to-wear-embroidered-saree-a536,https://cdn.shopify.com/s/files/1/0746/4707/7035/files/a536-pink-2.jpg?v=1790354324,Luxemia
luxemia-black-silk-embroidered-kurta-pajama-set,Black Silk Embroidered Kurta Pajama Set,"Black Silk Embroidered Kurta Pajama Set brings a refined ethnic-wear silhouette to weddings, receptions, festive celebrations, and family events. Easy to wear and easy to style, it keeps its look through long celebrations. Ideal for weddings, festive celebrations, and family events. Product Details: Fabric: Silk. Work: embroidery and pintuck work. Color: Black. Perfect For: weddings, festive celebrations, and family events. Styling Tip: Style with mojaris or loafers for a polished ethnic look. Note: Refer to the size chart for fit. Custom measurement tailoring is available on request. Slight colour variation may occur due to screen settings.",in stock,new,87.00 USD,https://luxemia.shop/product/luxemia-black-silk-embroidered-kurta-pajama-set,https://cdn.shopify.com/s/files/1/0746/4707/7035/files/luxemia-black-silk-embroidered-kurta-pajama-set-01.jpg?v=1790693892,LuxeMia
luxemia-black-silk-readymade-kurta-pajama-set,Black Silk Readymade Kurta Pajama Set,"Black Silk Readymade Kurta Pajama Set brings a refined ethnic-wear silhouette to weddings, receptions, festive celebrations, and family events. Easy to wear and easy to style, it keeps its look through long celebrations. Ideal for weddings, festive celebrations, and family events. Product Details: Fabric: Silk. Color: Black. Perfect For: weddings, festive celebrations, and family events. Styling Tip: Style with mojaris or loafers for a polished ethnic look. Note: Refer to the size chart for fit. Custom measurement tailoring is available on request. Slight colour variation may occur due to screen settings.",in stock,new,87.00 USD,https://luxemia.shop/product/luxemia-black-silk-readymade-kurta-pajama-set,https://cdn.shopify.com/s/files/1/0746/4707/7035/files/luxemia-black-silk-readymade-kurta-pajama-set-01.jpg?v=1790693999,LuxeMia
luxemia-blue-silk-embroidered-kurta-pajama-set,Blue Silk Embroidered Kurta Pajama Set,"Blue Silk Embroidered Kurta Pajama Set brings a refined ethnic-wear silhouette to weddings, receptions, festive celebrations, and family events. Easy to wear and easy to style, it keeps its look through long celebrations. Ideal for weddings, festive celebrations, and family events. Product Details: Fabric: Silk. Work: embroidery and pintuck work. Color: Blue. Perfect For: weddings, festive celebrations, and family events. Styling Tip: Style with mojaris or loafers for a polished ethnic look. Note: Refer to the size chart for fit. Custom measurement tailoring is available on request. Slight colour variation may occur due to screen settings.",in stock,new,66.00 USD,https://luxemia.shop/product/luxemia-blue-silk-embroidered-kurta-pajama-set,https://cdn.shopify.com/s/files/1/0746/4707/7035/files/luxemia-blue-silk-embroidered-kurta-pajama-set-01.jpg?v=1790694001,LuxeMia
luxemia-cream-silk-embroidered-kurta-pajama-set,Cream Silk Embroidered Kurta Pajama Set,"Cream Silk Embroidered Kurta Pajama Set brings a refined ethnic-wear silhouette to weddings, receptions, festive celebrations, and family events. Easy to wear and easy to style, it keeps its look through long celebrations. Ideal for weddings, festive celebrations, and family events. Product Details: Fabric: Silk. Work: embroidery and pintuck work. Color: Cream. Perfect For: weddings, festive celebrations, and family events. Styling Tip: Style with mojaris or loafers for a polished ethnic look. Note: Refer to the size chart for fit. Custom measurement tailoring is available on request. Slight colour variation may occur due to screen settings.",in stock,new,89.00 USD,https://luxemia.shop/product/luxemia-cream-silk-embroidered-kurta-pajama-set,https://cdn.shopify.com/s/files/1/0746/4707/7035/files/luxemia-cream-silk-embroidered-kurta-pajama-set-01.jpg?v=1790694004,LuxeMia
luxemia-cream-silk-mirror-work-kurta-pajama-set-with-dupatta,Cream Silk Mirror Work Kurta Pajama Set with Dupatta,"Cream Silk Mirror Work Kurta Pajama Set with Dupatta brings a refined ethnic-wear silhouette to weddings, receptions, festive celebrations, and family events. Easy to wear and easy to style, it keeps its look through long celebrations. Ideal for weddings, festive celebrations, and family events. Product Details: Fabric: Silk. Work: mirror work. Color: Cream. Perfect For: weddings, festive celebrations, and family events. Styling Tip: Style with mojaris or loafers for a polished ethnic look. Note: Refer to the size chart for fit. Custom measurement tailoring is available on request. Slight colour variation may occur due to screen settings.",in stock,new,142.00 USD,https://luxemia.shop/product/luxemia-cream-silk-mirror-work-kurta-pajama-set-with-dupatta,https://cdn.shopify.com/s/files/1/0746/4707/7035/files/luxemia-cream-silk-mirror-work-kurta-pajama-set-with-dupatta-01.jpg?v=1790694008,LuxeMia
luxemia-green-zari-work-art-silk-lehenga-choli,Green Zari Work Art Silk Lehenga Choli,"Green Zari Work Art Silk Lehenga Choli brings a polished lehenga choli silhouette to festive occasions, celebrations, and wedding guest looks. Easy to wear and easy to style, it keeps its look through long celebrations. Ideal for festive wear, wedding guest events, and special occasions. Product Details: Fabric: Art Silk. Work: zari work. Color: green. Perfect For: festive wear, wedding guest events, and special occasions. Styling Tip: Pair with traditional jewellery, bangles, and heels to complete the festive look. Note: Refer to the size chart for fit. Custom measurement tailoring is available on request. Slight colour variation may occur due to screen settings.",in stock,new,218.00 USD,https://luxemia.shop/product/luxemia-green-zari-work-art-silk-lehenga-choli,https://cdn.shopify.com/s/files/1/0746/4707/7035/files/luxemia-green-zari-work-art-silk-lehenga-choli-01.jpg?v=1790694012,LuxeMia
luxemia-ivory-silk-readymade-kurta-pajama-set,Ivory Silk Readymade Kurta Pajama Set,"Ivory Silk Readymade Kurta Pajama Set brings a refined ethnic-wear silhouette to weddings, receptions, festive celebrations, and family events. Easy to wear and easy to style, it keeps its look through long celebrations. Ideal for weddings, festive celebrations, and family events. Product Details: Fabric: Silk. Color: Ivory. Perfect For: weddings, festive celebrations, and family events. Styling Tip: Style with mojaris or loafers for a polished ethnic look. Note: Refer to the size chart for fit. Custom measurement tailoring is available on request. Slight colour variation may occur due to screen settings.",in stock,new,102.00 USD,https://luxemia.shop/product/luxemia-ivory-silk-readymade-kurta-pajama-set,https://cdn.shopify.com/s/files/1/0746/4707/7035/files/luxemia-ivory-silk-readymade-kurta-pajama-set-01.jpg?v=1790694021,LuxeMia
luxemia-light-green-silk-embroidered-kurta-pajama-set,Light Green Silk Embroidered Kurta Pajama Set,"Light Green Silk Embroidered Kurta Pajama Set brings a refined ethnic-wear silhouette to weddings, receptions, festive celebrations, and family events. Easy to wear and easy to style, it keeps its look through long celebrations. Ideal for weddings, festive celebrations, and family events. Product Details: Fabric: Silk. Work: embroidery and pintuck work. Color: Light Green. Perfect For: weddings, festive celebrations, and family events. Styling Tip: Style with mojaris or loafers for a polished ethnic look. Note: Refer to the size chart for fit. Custom measurement tailoring is available on request. Slight colour variation may occur due to screen settings.",in stock,new,62.00 USD,https://luxemia.shop/product/luxemia-light-green-silk-embroidered-kurta-pajama-set,https://cdn.shopify.com/s/files/1/0746/4707/7035/files/luxemia-light-green-silk-embroidered-kurta-pajama-set-01.jpg?v=1790694026,LuxeMia
luxemia-light-purple-silk-embroidered-kurta-pajama-set,Light Purple Silk Embroidered Kurta Pajama Set,"Light Purple Silk Embroidered Kurta Pajama Set brings a refined ethnic-wear silhouette to weddings, receptions, festive celebrations, and family events. Easy to wear and easy to style, it keeps its look through long celebrations. Ideal for weddings, festive celebrations, and family events. Product Details: Fabric: Silk. Work: embroidery and pintuck work. Color: Light Purple. Perfect For: weddings, festive celebrations, and family events. Styling Tip: Style with mojaris or loafers for a polished ethnic look. Note: Refer to the size chart for fit. Custom measurement tailoring is available on request. Slight colour variation may occur due to screen settings.",in stock,new,62.00 USD,https://luxemia.shop/product/luxemia-light-purple-silk-embroidered-kurta-pajama-set,https://cdn.shopify.com/s/files/1/0746/4707/7035/files/luxemia-light-purple-silk-embroidered-kurta-pajama-set-01.jpg?v=1790694032,LuxeMia
luxemia-mustard-silk-mirror-work-kurta-pajama-set-with-dupatta,Mustard Silk Mirror Work Kurta Pajama Set with Dupatta,"Mustard Silk Mirror Work Kurta Pajama Set with Dupatta brings a refined ethnic-wear silhouette to weddings, receptions, festive celebrations, and family events. Easy to wear and easy to style, it keeps its look through long celebrations. Ideal for weddings, festive celebrations, and family events. Product Details: Fabric: Silk. Work: mirror work. Color: Mustard. Perfect For: weddings, festive celebrations, and family events. Styling Tip: Style with mojaris or loafers for a polished ethnic look. Note: Refer to the size chart for fit. Custom measurement tailoring is available on request. Slight colour variation may occur due to screen settings.",in stock,new,142.00 USD,https://luxemia.shop/product/luxemia-mustard-silk-mirror-work-kurta-pajama-set-with-dupatta,https://cdn.shopify.com/s/files/1/0746/4707/7035/files/luxemia-mustard-silk-mirror-work-kurta-pajama-set-with-dupatta-01.jpg?v=1790694033,LuxeMia
luxemia-mustard-silk-readymade-kurta-pajama-set,Mustard Silk Readymade Kurta Pajama Set,"Mustard Silk Readymade Kurta Pajama Set brings a refined ethnic-wear silhouette to weddings, receptions, festive celebrations, and family events. Easy to wear and easy to style, it keeps its look through long celebrations. Ideal for weddings, festive celebrations, and family events. Product Details: Fabric: Silk. Color: Mustard. Perfect For: weddings, festive celebrations, and family events. Styling Tip: Style with mojaris or loafers for a polished ethnic look. Note: Refer to the size chart for fit. Custom measurement tailoring is available on request. Slight colour variation may occur due to screen settings.",in stock,new,94.00 USD,https://luxemia.shop/product/luxemia-mustard-silk-readymade-kurta-pajama-set,https://cdn.shopify.com/s/files/1/0746/4707/7035/files/luxemia-mustard-silk-readymade-kurta-pajama-set-01.jpg?v=1790694035,LuxeMia
luxemia-navy-blue-silk-mirror-work-kurta-pajama-set-with-dupatta,Navy Blue Silk Mirror Work Kurta Pajama Set with Dupatta,"Navy Blue Silk Mirror Work Kurta Pajama Set with Dupatta brings a refined ethnic-wear silhouette to weddings, receptions, festive celebrations, and family events. Easy to wear and easy to style, it keeps its look through long celebrations. Ideal for weddings, festive celebrations, and family events. Product Details: Fabric: Silk. Work: mirror work. Color: Navy Blue. Perfect For: weddings, festive celebrations, and family events. Styling Tip: Style with mojaris or loafers for a polished ethnic look. Note: Refer to the size chart for fit. Custom measurement tailoring is available on request. Slight colour variation may occur due to screen settings.",in stock,new,142.00 USD,https://luxemia.shop/product/luxemia-navy-blue-silk-mirror-work-kurta-pajama-set-with-dupatta,https://cdn.shopify.com/s/files/1/0746/4707/7035/files/luxemia-navy-blue-silk-mirror-work-kurta-pajama-set-with-dupatta-01.jpg?v=1790694036,LuxeMia
luxemia-navy-blue-silk-readymade-kurta-pajama-set,Navy Blue Silk Readymade Kurta Pajama Set,"Navy Blue Silk Readymade Kurta Pajama Set brings a refined ethnic-wear silhouette to weddings, receptions, festive celebrations, and family events. Easy to wear and easy to style, it keeps its look through long celebrations. Ideal for weddings, festive celebrations, and family events. Product Details: Fabric: Silk. Color: Navy Blue. Perfect For: weddings, festive celebrations, and family events. Styling Tip: Style with mojaris or loafers for a polished ethnic look. Note: Refer to the size chart for fit. Custom measurement tailoring is available on request. Slight colour variation may occur due to screen settings.",in stock,new,98.00 USD,https://luxemia.shop/product/luxemia-navy-blue-silk-readymade-kurta-pajama-set,https://cdn.shopify.com/s/files/1/0746/4707/7035/files/luxemia-navy-blue-silk-readymade-kurta-pajama-set-01.jpg?v=1790694042,LuxeMia
luxemia-navy-blue-zari-work-art-silk-lehenga-choli,Navy Blue Zari Work Art Silk Lehenga Choli,"Navy Blue Zari Work Art Silk Lehenga Choli brings a polished lehenga choli silhouette to festive occasions, celebrations, and wedding guest looks. Easy to wear and easy to style, it keeps its look through long celebrations. Ideal for festive wear, wedding guest events, and special occasions. Product Details: Fabric: Art Silk. Work: zari work. Color: navy blue. Perfect For: festive wear, wedding guest events, and special occasions. Styling Tip: Pair with traditional jewellery, bangles, and heels to complete the festive look. Note: Refer to the size chart for fit. Custom measurement tailoring is available on request. Slight colour variation may occur due to screen settings.",in stock,new,218.00 USD,https://luxemia.shop/product/luxemia-navy-blue-zari-work-art-silk-lehenga-choli,https://cdn.shopify.com/s/files/1/0746/4707/7035/files/luxemia-navy-blue-zari-work-art-silk-lehenga-choli-01.jpg?v=1790694047,LuxeMia
luxemia-off-white-hand-printed-cotton-navratri-lehenga-choli,Off White Hand Printed Cotton Navratri Lehenga Choli,"Off White Hand Printed Cotton Navratri Lehenga Choli brings a polished lehenga choli silhouette to festive occasions, celebrations, and wedding guest looks. Easy to wear and easy to style, it keeps its look through long celebrations. Ideal for festive wear, wedding guest events, and special occasions. Product Details: Fabric: Cotton. Work: hand print work. Color: off-white. Perfect For: festive wear, wedding guest events, and special occasions. Styling Tip: Pair with traditional jewellery, bangles, and heels to complete the festive look. Note: Refer to the size chart for fit. Custom measurement tailoring is available on request. Slight colour variation may occur due to screen settings.",in stock,new,131.00 USD,https://luxemia.shop/product/luxemia-off-white-hand-printed-cotton-navratri-lehenga-choli,https://cdn.shopify.com/s/files/1/0746/4707/7035/files/luxemia-off-white-hand-printed-cotton-navratri-lehenga-choli-01.jpg?v=1790694045,LuxeMia
luxemia-peach-zari-work-art-silk-lehenga-choli,Peach Zari Work Art Silk Lehenga Choli,"Peach Zari Work Art Silk Lehenga Choli brings a polished lehenga choli silhouette to festive occasions, celebrations, and wedding guest looks. Easy to wear and easy to style, it keeps its look through long celebrations. Ideal for festive wear, wedding guest events, and special occasions. Product Details: Fabric: Art Silk. Work: zari work. Color: peach. Perfect For: festive wear, wedding guest events, and special occasions. Styling Tip: Pair with traditional jewellery, bangles, and heels to complete the festive look. Note: Refer to the size chart for fit. Custom measurement tailoring is available on request. Slight colour variation may occur due to screen settings.",in stock,new,218.00 USD,https://luxemia.shop/product/luxemia-peach-zari-work-art-silk-lehenga-choli,https://cdn.shopify.com/s/files/1/0746/4707/7035/files/luxemia-peach-zari-work-art-silk-lehenga-choli-01.jpg?v=1790694048,LuxeMia
luxemia-pink-beads-work-silk-lehenga-choli,Pink Beads Work Silk Lehenga Choli,"Pink Beads Work Silk Lehenga Choli brings a polished lehenga choli silhouette to festive occasions, celebrations, and wedding guest looks. Easy to wear and easy to style, it keeps its look through long celebrations. Ideal for festive wear, wedding guest events, and special occasions. Product Details: Fabric: Silk. Work: beads work. Color: pink. Perfect For: festive wear, wedding guest events, and special occasions. Styling Tip: Pair with traditional jewellery, bangles, and heels to complete the festive look. Note: Refer to the size chart for fit. Custom measurement tailoring is available on request. Slight colour variation may occur due to screen settings.",in stock,new,176.00 USD,https://luxemia.shop/product/luxemia-pink-beads-work-silk-lehenga-choli,https://cdn.shopify.com/s/files/1/0746/4707/7035/files/luxemia-pink-beads-work-silk-lehenga-choli-01.jpg?v=1790694050,LuxeMia
luxemia-pista-green-silk-readymade-kurta-pajama-set,Pista Green Silk Readymade Kurta Pajama Set,"Pista Green Silk Readymade Kurta Pajama Set brings a refined ethnic-wear silhouette to weddings, receptions, festive celebrations, and family events. Easy to wear and easy to style, it keeps its look through long celebrations. Ideal for weddings, festive celebrations, and family events. Product Details: Fabric: Silk. Color: Pista Green. Perfect For: weddings, festive celebrations, and family events. Styling Tip: Style with mojaris or loafers for a polished ethnic look. Note: Refer to the size chart for fit. Custom measurement tailoring is available on request. Slight colour variation may occur due to screen settings.",in stock,new,98.00 USD,https://luxemia.shop/product/luxemia-pista-green-silk-readymade-kurta-pajama-set,https://cdn.shopify.com/s/files/1/0746/4707/7035/files/luxemia-pista-green-silk-readymade-kurta-pajama-set-01.jpg?v=1790694054,LuxeMia
luxemia-purple-silk-mirror-work-kurta-pajama-set-with-dupatta,Purple Silk Mirror Work Kurta Pajama Set with Dupatta,"Purple Silk Mirror Work Kurta Pajama Set with Dupatta brings a refined ethnic-wear silhouette to weddings, receptions, festive celebrations, and family events. Easy to wear and easy to style, it keeps its look through long celebrations. Ideal for weddings, festive celebrations, and family events. Product Details: Fabric: Silk. Work: mirror work. Color: Purple. Perfect For: weddings, festive celebrations, and family events. Styling Tip: Style with mojaris or loafers for a polished ethnic look. Note: Refer to the size chart for fit. Custom measurement tailoring is available on request. Slight colour variation may occur due to screen settings.",in stock,new,142.00 USD,https://luxemia.shop/product/luxemia-purple-silk-mirror-work-kurta-pajama-set-with-dupatta,https://cdn.shopify.com/s/files/1/0746/4707/7035/files/luxemia-purple-silk-mirror-work-kurta-pajama-set-with-dupatta-01.jpg?v=1790694061,LuxeMia
luxemia-rani-pink-zari-work-art-silk-lehenga-choli,Rani Pink Zari Work Art Silk Lehenga Choli,"Rani Pink Zari Work Art Silk Lehenga Choli brings a polished lehenga choli silhouette to festive occasions, celebrations, and wedding guest looks. Easy to wear and easy to style, it keeps its look through long celebrations. Ideal for festive wear, wedding guest events, and special occasions. Product Details: Fabric: Art Silk. Work: zari work. Color: rani pink. Perfect For: festive wear, wedding guest events, and special occasions. Styling Tip: Pair with traditional jewellery, bangles, and heels to complete the festive look. Note: Refer to the size chart for fit. Custom measurement tailoring is available on request. Slight colour variation may occur due to screen settings.",in stock,new,218.00 USD,https://luxemia.shop/product/luxemia-rani-pink-zari-work-art-silk-lehenga-choli,https://cdn.shopify.com/s/files/1/0746/4707/7035/files/luxemia-rani-pink-zari-work-art-silk-lehenga-choli-01.jpg?v=1790694065,LuxeMia
luxemia-red-silk-readymade-kurta-pajama-set,Red Silk Readymade Kurta Pajama Set,"Red Silk Readymade Kurta Pajama Set brings a refined ethnic-wear silhouette to weddings, receptions, festive celebrations, and family events. Easy to wear and easy to style, it keeps its look through long celebrations. Ideal for weddings, festive celebrations, and family events. Product Details: Fabric: Silk. Color: Red. Perfect For: weddings, festive celebrations, and family events. Styling Tip: Style with mojaris or loafers for a polished ethnic look. Note: Refer to the size chart for fit. Custom measurement tailoring is available on request. Slight colour variation may occur due to screen settings.",in stock,new,116.00 USD,https://luxemia.shop/product/luxemia-red-silk-readymade-kurta-pajama-set,https://cdn.shopify.com/s/files/1/0746/4707/7035/files/luxemia-red-silk-readymade-kurta-pajama-set-02.jpg?v=1790694069,LuxeMia
luxemia-red-zari-work-art-silk-lehenga-choli,Red Zari Work Art Silk Lehenga Choli,"Red Zari Work Art Silk Lehenga Choli brings a polished lehenga choli silhouette to festive occasions, celebrations, and wedding guest looks. Easy to wear and easy to style, it keeps its look through long celebrations. Ideal for festive wear, wedding guest events, and special occasions. Product Details: Fabric: Art Silk. Work: zari work. Color: red. Perfect For: festive wear, wedding guest events, and special occasions. Styling Tip: Pair with traditional jewellery, bangles, and heels to complete the festive look. Note: Refer to the size chart for fit. Custom measurement tailoring is available on request. Slight colour variation may occur due to screen settings.",in stock,new,218.00 USD,https://luxemia.shop/product/luxemia-red-zari-work-art-silk-lehenga-choli,https://cdn.shopify.com/s/files/1/0746/4707/7035/files/luxemia-red-zari-work-art-silk-lehenga-choli-01.jpg?v=1790694071,LuxeMia
luxemia-sage-green-silk-readymade-kurta-pajama-set,Sage Green Silk Readymade Kurta Pajama Set,"Sage Green Silk Readymade Kurta Pajama Set brings a refined ethnic-wear silhouette to weddings, receptions, festive celebrations, and family events. Easy to wear and easy to style, it keeps its look through long celebrations. Ideal for weddings, festive celebrations, and family events. Product Details: Fabric: Silk. Color: Sage Green. Perfect For: weddings, festive celebrations, and family events. Styling Tip: Style with mojaris or loafers for a polished ethnic look. Note: Refer to the size chart for fit. Custom measurement tailoring is available on request. Slight colour variation may occur due to screen settings.",in stock,new,85.00 USD,https://luxemia.shop/product/luxemia-sage-green-silk-readymade-kurta-pajama-set,https://cdn.shopify.com/s/files/1/0746/4707/7035/files/luxemia-sage-green-silk-readymade-kurta-pajama-set-01.jpg?v=1790694077,LuxeMia
luxemia-silver-silk-embroidered-kurta-pajama-set,Silver Silk Embroidered Kurta Pajama Set,"Silver Silk Embroidered Kurta Pajama Set brings a refined ethnic-wear silhouette to weddings, receptions, festive celebrations, and family events. Easy to wear and easy to style, it keeps its look through long celebrations. Ideal for weddings, festive celebrations, and family events. Product Details: Fabric: Silk. Work: embroidery and pintuck work. Color: Silver. Perfect For: weddings, festive celebrations, and family events. Styling Tip: Style with mojaris or loafers for a polished ethnic look. Note: Refer to the size chart for fit. Custom measurement tailoring is available on request. Slight colour variation may occur due to screen settings.",in stock,new,89.00 USD,https://luxemia.shop/product/luxemia-silver-silk-embroidered-kurta-pajama-set,https://cdn.shopify.com/s/files/1/0746/4707/7035/files/luxemia-silver-silk-embroidered-kurta-pajama-set-01.jpg?v=1790694080,LuxeMia
luxemia-steel-grey-silk-readymade-kurta-pajama-set,Steel Grey Silk Readymade Kurta Pajama Set,"Steel Grey Silk Readymade Kurta Pajama Set brings a refined ethnic-wear silhouette to weddings, receptions, festive celebrations, and family events. Easy to wear and easy to style, it keeps its look through long celebrations. Ideal for weddings, festive celebrations, and family events. Product Details: Fabric: Silk. Color: Steel Grey. Perfect For: weddings, festive celebrations, and family events. Styling Tip: Style with mojaris or loafers for a polished ethnic look. Note: Refer to the size chart for fit. Custom measurement tailoring is available on request. Slight colour variation may occur due to screen settings.",in stock,new,78.00 USD,https://luxemia.shop/product/luxemia-steel-grey-silk-readymade-kurta-pajama-set,https://cdn.shopify.com/s/files/1/0746/4707/7035/files/luxemia-steel-grey-silk-readymade-kurta-pajama-set-01.jpg?v=1790694082,LuxeMia
luxemia-turquoise-lace-work-rayon-lehenga-choli,Turquoise Lace Work Rayon Lehenga Choli,"Turquoise Lace Work Rayon Lehenga Choli brings a polished lehenga choli silhouette to festive occasions, celebrations, and wedding guest looks. Easy to wear and easy to style, it keeps its look through long celebrations. Ideal for festive wear, wedding guest events, and special occasions. Product Details: Fabric: Rayon. Work: lace work. Color: turquoise. Perfect For: festive wear, wedding guest events, and special occasions. Styling Tip: Pair with traditional jewellery, bangles, and heels to complete the festive look. Note: Refer to the size chart for fit. Custom measurement tailoring is available on request. Slight colour variation may occur due to screen settings.",in stock,new,111.00 USD,https://luxemia.shop/product/luxemia-turquoise-lace-work-rayon-lehenga-choli,https://cdn.shopify.com/s/files/1/0746/4707/7035/files/luxemia-turquoise-lace-work-rayon-lehenga-choli-01.jpg?v=1790694083,LuxeMia
luxemia-white-silk-embroidered-kurta-pajama-set,White Silk Embroidered Kurta Pajama Set,"White Silk Embroidered Kurta Pajama Set brings a refined ethnic-wear silhouette to weddings, receptions, festive celebrations, and family events. Easy to wear and easy to style, it keeps its look through long celebrations. Ideal for weddings, festive celebrations, and family events. Product Details: Fabric: Silk. Work: embroidery and pintuck work. Color: White. Perfect For: weddings, festive celebrations, and family events. Styling Tip: Style with mojaris or loafers for a polished ethnic look. Note: Refer to the size chart for fit. Custom measurement tailoring is available on request. Slight colour variation may occur due to screen settings.",in stock,new,87.00 USD,https://luxemia.shop/product/luxemia-white-silk-embroidered-kurta-pajama-set,https://cdn.shopify.com/s/files/1/0746/4707/7035/files/luxemia-white-silk-embroidered-kurta-pajama-set-01.jpg?v=1790694088,LuxeMia
white-silk-embroidered-kurta-pajama-set-with-dupatta-bt4602,White Silk Embroidered Kurta Pajama Set with Dupatta,"White Silk Embroidered Kurta Pajama Set with Dupatta brings a refined ethnic-wear silhouette to weddings, receptions, festive celebrations, and family events. Easy to wear and easy to style, it keeps its look through long celebrations. Ideal for weddings, festive celebrations, and family events. Product Details: Fabric: Silk. Work: embroidery and pintuck work. Color: White. Perfect For: weddings, festive celebrations, and family events. Styling Tip: Style with mojaris or loafers for a polished ethnic look. Note: Refer to the size chart for fit. Custom measurement tailoring is available on request. Slight colour variation may occur due to screen settings.",in stock,new,74.00 USD,https://luxemia.shop/product/white-silk-embroidered-kurta-pajama-set-with-dupatta-bt4602,https://cdn.shopify.com/s/files/1/0746/4707/7035/files/luxemia-white-silk-embroidered-kurta-pajama-set-with-dupatta-design-4602-01.jpg?v=1790694090,LuxeMia
white-silk-embroidered-kurta-pajama-set-with-dupatta-bt4603,White Silk Embroidered Kurta Pajama Set with Dupatta,"White Silk Embroidered Kurta Pajama Set with Dupatta brings a refined ethnic-wear silhouette to weddings, receptions, festive celebrations, and family events. Easy to wear and easy to style, it keeps its look through long celebrations. Ideal for weddings, festive celebrations, and family events. Product Details: Fabric: Silk. Work: embroidery and pintuck work. Color: White. Perfect For: weddings, festive celebrations, and family events. Styling Tip: Style with mojaris or loafers for a polished ethnic look. Note: Refer to the size chart for fit. Custom measurement tailoring is available on request. Slight colour variation may occur due to screen settings.",in stock,new,94.00 USD,https://luxemia.shop/product/white-silk-embroidered-kurta-pajama-set-with-dupatta-bt4603,https://cdn.shopify.com/s/files/1/0746/4707/7035/files/luxemia-white-silk-embroidered-kurta-pajama-set-with-dupatta-design-4603-01.jpg?v=1790694093,LuxeMia
luxemia-white-silk-readymade-kurta-pajama-set,White Silk Readymade Kurta Pajama Set,"White Silk Readymade Kurta Pajama Set brings a refined ethnic-wear silhouette to weddings, receptions, festive celebrations, and family events. Easy to wear and easy to style, it keeps its look through long celebrations. Ideal for weddings, festive celebrations, and family events. Product Details: Fabric: Silk. Color: White. Perfect For: weddings, festive celebrations, and family events. Styling Tip: Style with mojaris or loafers for a polished ethnic look. Note: Refer to the size chart for fit. Custom measurement tailoring is available on request. Slight colour variation may occur due to screen settings.",in stock,new,100.00 USD,https://luxemia.shop/product/luxemia-white-silk-readymade-kurta-pajama-set,https://cdn.shopify.com/s/files/1/0746/4707/7035/files/luxemia-white-silk-readymade-kurta-pajama-set-01.jpg?v=1790694097,LuxeMia
luxemia-wine-silk-embroidered-kurta-pajama-set,Wine Silk Embroidered Kurta Pajama Set,"Wine Silk Embroidered Kurta Pajama Set brings a refined ethnic-wear silhouette to weddings, receptions, festive celebrations, and family events. Easy to wear and easy to style, it keeps its look through long celebrations. Ideal for weddings, festive celebrations, and family events. Product Details: Fabric: Silk. Work: embroidery and pintuck work. Color: Wine. Perfect For: weddings, festive celebrations, and family events. Styling Tip: Style with mojaris or loafers for a polished ethnic look. Note: Refer to the size chart for fit. Custom measurement tailoring is available on request. Slight colour variation may occur due to screen settings.",in stock,new,66.00 USD,https://luxemia.shop/product/luxemia-wine-silk-embroidered-kurta-pajama-set,https://cdn.shopify.com/s/files/1/0746/4707/7035/files/luxemia-wine-silk-embroidered-kurta-pajama-set-01.jpg?v=1790694102,LuxeMia
luxemia-wine-silk-readymade-kurta-pajama-set,Wine Silk Readymade Kurta Pajama Set,"Wine Silk Readymade Kurta Pajama Set brings a refined ethnic-wear silhouette to weddings, receptions, festive celebrations, and family events. Easy to wear and easy to style, it keeps its look through long celebrations. Ideal for weddings, festive celebrations, and family events. Product Details: Fabric: Silk. Color: Wine. Perfect For: weddings, festive celebrations, and family events. Styling Tip: Style with mojaris or loafers for a polished ethnic look. Note: Refer to the size chart for fit. Custom measurement tailoring is available on request. Slight colour variation may occur due to screen settings.",in stock,new,87.00 USD,https://luxemia.shop/product/luxemia-wine-silk-readymade-kurta-pajama-set,https://cdn.shopify.com/s/files/1/0746/4707/7035/files/luxemia-wine-silk-readymade-kurta-pajama-set-01.jpg?v=1790694105,LuxeMia
luxemia-yellow-zari-work-art-silk-lehenga-choli,Yellow Zari Work Art Silk Lehenga Choli,"Yellow Zari Work Art Silk Lehenga Choli brings a polished lehenga choli silhouette to festive occasions, celebrations, and wedding guest looks. Easy to wear and easy to style, it keeps its look through long celebrations. Ideal for festive wear, wedding guest events, and special occasions. Product Details: Fabric: Art Silk. Work: zari work. Color: yellow. Perfect For: festive wear, wedding guest events, and special occasions. Styling Tip: Pair with traditional jewellery, bangles, and heels to complete the festive look. Note: Refer to the size chart for fit. Custom measurement tailoring is available on request. Slight colour variation may occur due to screen settings.",in stock,new,218.00 USD,https://luxemia.shop/product/luxemia-yellow-zari-work-art-silk-lehenga-choli,https://cdn.shopify.com/s/files/1/0746/4707/7035/files/luxemia-yellow-zari-work-art-silk-lehenga-choli-01.jpg?v=1790694105,LuxeMia
rani-pink-cotton-navratri-lehenga-ta329,Rani Pink Cotton Navratri Lehenga with Mirror Work Choli,"Beautiful cotton lehenga with lampi border detailing and a handwork choli. Perfect for Navratri, garba nights, and festive celebrations. Easy to wear and easy to style, it keeps its look through long celebrations. Ideal for festive celebrations, weddings, and family events. Product Details: Fabric: Pure Cotton. Work: Mirror hand work &amp; ribbon work. Color: Rani Pink. Perfect For: festive celebrations, weddings, and family events. Styling Tip: Pair with traditional jewellery, bangles, and heels to complete the festive look. Note: Refer to the size chart for fit. Custom measurement tailoring is available on request. Slight colour variation may occur due to screen settings.",in stock,new,46.00 USD,https://luxemia.shop/product/rani-pink-cotton-navratri-lehenga-ta329,https://cdn.shopify.com/s/files/1/0746/4707/7035/files/tapi329-1.jpg?v=1790785648,LuxeMia
ivory-silk-lehenga-choli-al9028,Ivory Silk Lehenga Choli with Sequin Work & Net Dupatta,"Indo-western ivory silk lehenga choli. Flowing silk lehenga with a halter-neck blouse covered in bead and sequin work, plus a sheer net dupatta with a beaded gold border. Easy to wear and easy to style, it keeps its look through long celebrations. Ideal for wedding &amp; festive. Product Details: Fabric: Silk &amp; Net. Work: Beaded &amp; sequin embellishment. Includes: Lehenga, Blouse &amp; Dupatta. Perfect For: wedding &amp; festive. Styling Tip: Pair with traditional jewellery, bangles, and heels to complete the festive look. Note: Refer to the size chart for fit. Custom measurement tailoring is available on request. Slight colour variation may occur due to screen settings.",in stock,new,52.00 USD,https://luxemia.shop/product/ivory-silk-lehenga-choli-al9028,https://cdn.shopify.com/s/files/1/0746/4707/7035/files/9028_ivory_9028.jpg?v=1790789344,LuxeMia.Shop
blush-pink-silk-lehenga-choli-al9030,Blush Pink Silk Lehenga Choli with Sequin Work & Net Dupatta,"Indo-western blush pink silk lehenga choli. Flowing silk lehenga with a halter-neck blouse covered in bead and sequin work, plus a sheer net dupatta with a beaded gold border. Easy to wear and easy to style, it keeps its look through long celebrations. Ideal for wedding &amp; festive. Product Details: Fabric: Silk &amp; Net. Work: Beaded &amp; sequin embellishment. Includes: Lehenga, Blouse &amp; Dupatta. Perfect For: wedding &amp; festive. Styling Tip: Pair with traditional jewellery, bangles, and heels to complete the festive look. Note: Refer to the size chart for fit. Custom measurement tailoring is available on request. Slight colour variation may occur due to screen settings.",in stock,new,52.00 USD,https://luxemia.shop/product/blush-pink-silk-lehenga-choli-al9030,https://cdn.shopify.com/s/files/1/0746/4707/7035/files/9030_blush_pink_9030.jpg?v=1790789351,LuxeMia.Shop
mint-green-silk-lehenga-choli-al9029,Mint Green Silk Lehenga Choli with Sequin Work & Net Dupatta,"Indo-western mint green silk lehenga choli. Flowing silk lehenga with a halter-neck blouse covered in bead and sequin work, plus a sheer net dupatta with a beaded gold border. Easy to wear and easy to style, it keeps its look through long celebrations. Ideal for wedding &amp; festive. Product Details: Fabric: Silk &amp; Net. Work: Beaded &amp; sequin embellishment. Includes: Lehenga, Blouse &amp; Dupatta. Perfect For: wedding &amp; festive. Styling Tip: Pair with traditional jewellery, bangles, and heels to complete the festive look. Note: Refer to the size chart for fit. Custom measurement tailoring is available on request. Slight colour variation may occur due to screen settings.",in stock,new,52.00 USD,https://luxemia.shop/product/mint-green-silk-lehenga-choli-al9029,https://cdn.shopify.com/s/files/1/0746/4707/7035/files/9029_mint_green_9029.jpg?v=1790789356,LuxeMia.Shop
yellow-silk-lehenga-choli-al9027,Yellow Silk Lehenga Choli with Sequin Work & Net Dupatta,"Indo-western yellow silk lehenga choli. Flowing silk lehenga with a halter-neck blouse covered in bead and sequin work, plus a sheer net dupatta with a beaded gold border. Easy to wear and easy to style, it keeps its look through long celebrations. Ideal for wedding &amp; festive. Product Details: Fabric: Silk &amp; Net. Work: Beaded &amp; sequin embellishment. Includes: Lehenga, Blouse &amp; Dupatta. Perfect For: wedding &amp; festive. Styling Tip: Pair with traditional jewellery, bangles, and heels to complete the festive look. Note: Refer to the size chart for fit. Custom measurement tailoring is available on request. Slight colour variation may occur due to screen settings.",in stock,new,52.00 USD,https://luxemia.shop/product/yellow-silk-lehenga-choli-al9027,https://cdn.shopify.com/s/files/1/0746/4707/7035/files/9027_yellow_9027.jpg?v=1790789363,LuxeMia.Shop
navy-blue-crepe-indo-western-suit,Navy Blue Crepe Indo-Western Suit with Embroidery Work,"Celebrate in this navy blue crepe indo-western set, covered in embroidery work for a graceful, festive look. A flowing silhouette keeps it comfortable through long celebrations. Ideal for parties, receptions, and festive pujas. Product Details: Fabric: Crepe. Work: Embroidery work. Color: Navy Blue. Perfect For: Parties, receptions, and festive celebrations. Styling Tip: Style with statement earrings and heels to complete the look. Note: Refer to the size chart for fit. Custom measurement tailoring is available on request. Slight colour variation may occur due to screen settings.",in stock,new,209.00 USD,https://luxemia.shop/product/navy-blue-crepe-indo-western-suit,https://cdn.shopify.com/s/files/1/0746/4707/7035/files/luxemia-navy-blue-crepe-indo-western-suit-01.jpg?v=1790972083,LuxeMia.Shop
pink-crepe-indo-western-suit,Pink Crepe Indo-Western Suit with Embroidery Work,"Celebrate in this pink crepe indo-western set, covered in embroidery work for a graceful, festive look. A flowing silhouette keeps it comfortable through long celebrations. Ideal for parties, receptions, and festive pujas. Product Details: Fabric: Crepe. Work: Embroidery work. Color: Pink. Perfect For: Parties, receptions, and festive celebrations. Styling Tip: Style with statement earrings and heels to complete the look. Note: Refer to the size chart for fit. Custom measurement tailoring is available on request. Slight colour variation may occur due to screen settings.",in stock,new,209.00 USD,https://luxemia.shop/product/pink-crepe-indo-western-suit,https://cdn.shopify.com/s/files/1/0746/4707/7035/files/luxemia-pink-crepe-indo-western-suit-01.jpg?v=1790972091,LuxeMia.Shop
rust-orange-crepe-indo-western-suit,Rust Orange Crepe Indo-Western Suit with Embroidery Work,"Celebrate in this rust orange crepe indo-western set, covered in embroidery work for a graceful, festive look. A flowing silhouette keeps it comfortable through long celebrations. Ideal for parties, receptions, and festive pujas. Product Details: Fabric: Crepe. Work: Embroidery work. Color: Rust Orange. Perfect For: Parties, receptions, and festive celebrations. Styling Tip: Style with statement earrings and heels to complete the look. Note: Refer to the size chart for fit. Custom measurement tailoring is available on request. Slight colour variation may occur due to screen settings.",in stock,new,209.00 USD,https://luxemia.shop/product/rust-orange-crepe-indo-western-suit,https://cdn.shopify.com/s/files/1/0746/4707/7035/files/luxemia-rust-orange-crepe-indo-western-suit-01.jpg?v=1790972098,LuxeMia.Shop
gold-georgette-indo-western-palazzo-set,Gold Georgette Indo-Western Palazzo Set with Embroidery Work,"Celebrate in this gold georgette indo-western set, covered in embroidery work for a graceful, festive look. A flowing silhouette keeps it comfortable through long celebrations. Ideal for parties, receptions, and festive pujas. Product Details: Fabric: Georgette. Work: Embroidery work. Color: Gold. Perfect For: Parties, receptions, and festive celebrations. Styling Tip: Style with statement earrings and heels to complete the look. Note: Refer to the size chart for fit. Custom measurement tailoring is available on request. Slight colour variation may occur due to screen settings.",in stock,new,263.00 USD,https://luxemia.shop/product/gold-georgette-indo-western-palazzo-set,https://cdn.shopify.com/s/files/1/0746/4707/7035/files/luxemia-gold-georgette-indo-western-palazzo-set-01_3ee1ad21-aaa1-479d-9942-0c4aa8de84b6.jpg?v=1790972105,LuxeMia.Shop
magenta-georgette-indo-western-palazzo-set,Magenta Georgette Indo-Western Palazzo Set with Embroidery Work,"Celebrate in this magenta georgette indo-western set, covered in embroidery work for a graceful, festive look. A flowing silhouette keeps it comfortable through long celebrations. Ideal for parties, receptions, and festive pujas. Product Details: Fabric: Georgette. Work: Embroidery work. Color: Magenta. Perfect For: Parties, receptions, and festive celebrations. Styling Tip: Style with statement earrings and heels to complete the look. Note: Refer to the size chart for fit. Custom measurement tailoring is available on request. Slight colour variation may occur due to screen settings.",in stock,new,263.00 USD,https://luxemia.shop/product/magenta-georgette-indo-western-palazzo-set,https://cdn.shopify.com/s/files/1/0746/4707/7035/files/luxemia-magenta-georgette-indo-western-palazzo-set-01_83569776-fe84-4624-89eb-57df552f6eb2.jpg?v=1790972113,LuxeMia.Shop
olive-green-salsa-handwork-cape-indo-western-set,Olive Green Salsa Handwork Indo Western Set with Cape and Palazzo,"Celebrate in this olive green salsa indo-western set, detailed with handwork embellishment for a graceful, festive look. The crushed shimmer salsa fabric and draped cape overlay create an elegant, contemporary silhouette, paired with a straight palazzo and a soft dupatta. Ideal for parties, receptions, and festive celebrations. Product Details: Fabric: Salsa with crepe lining. Work: Handwork embellishment on the yoke and sleeve cuffs. Set Contents: Kurta with cape overlay, palazzo, and dupatta. Color: Olive Green. Perfect For: Parties, receptions, and festive celebrations. Styling Tip: Style with statement earrings and heels to complete the look. Note: Refer to the size chart for fit. Custom measurement tailoring is available on request. Slight colour variation may occur due to screen settings.",in stock,new,132.00 USD,https://luxemia.shop/product/olive-green-salsa-handwork-cape-indo-western-set,https://cdn.shopify.com/s/files/1/0746/4707/7035/files/olive-green-salsa-handwork-cape-indo-western-set-2_53989165-4610-4667-a8b5-af3e1d060ace.jpg?v=1790903948,LuxeMia.Shop
dusty-blue-salsa-handwork-cape-indo-western-set,Dusty Blue Salsa Handwork Indo Western Set with Cape and Palazzo,"Celebrate in this dusty blue salsa indo-western set, detailed with handwork embellishment for a graceful, festive look. The crushed shimmer salsa fabric and draped cape overlay create an elegant, contemporary silhouette, paired with a straight palazzo and a soft dupatta. Ideal for parties, receptions, and festive celebrations. Product Details: Fabric: Salsa with crepe lining. Work: Handwork embellishment on the yoke and sleeve cuffs. Set Contents: Kurta with cape overlay, palazzo, and dupatta. Color: Dusty Blue. Perfect For: Parties, receptions, and festive celebrations. Styling Tip: Style with statement earrings and heels to complete the look. Note: Refer to the size chart for fit. Custom measurement tailoring is available on request. Slight colour variation may occur due to screen settings.",in stock,new,132.00 USD,https://luxemia.shop/product/dusty-blue-salsa-handwork-cape-indo-western-set,https://cdn.shopify.com/s/files/1/0746/4707/7035/files/dusty-blue-salsa-handwork-cape-indo-western-set-3_0d3d6ed7-2829-4da2-ac23-ed44ef833688.jpg?v=1790904766,LuxeMia.Shop
champagne-beige-salsa-handwork-cape-indo-western-set,Champagne Beige Salsa Handwork Indo Western Set with Cape and Palazzo,"Celebrate in this champagne beige salsa indo-western set, detailed with handwork embellishment for a graceful, festive look. The crushed shimmer salsa fabric and draped cape overlay create an elegant, contemporary silhouette, paired with a straight palazzo and a soft dupatta. Ideal for parties, receptions, and festive celebrations. Product Details: Fabric: Salsa with crepe lining. Work: Handwork embellishment on the yoke and sleeve cuffs. Set Contents: Kurta with cape overlay, palazzo, and dupatta. Color: Champagne Beige. Perfect For: Parties, receptions, and festive celebrations. Styling Tip: Style with statement earrings and heels to complete the look. Note: Refer to the size chart for fit. Custom measurement tailoring is available on request. Slight colour variation may occur due to screen settings.",in stock,new,132.00 USD,https://luxemia.shop/product/champagne-beige-salsa-handwork-cape-indo-western-set,https://cdn.shopify.com/s/files/1/0746/4707/7035/files/champagne-beige-salsa-handwork-cape-indo-western-set-5_ded2a563-e4c2-4299-a809-8e3bf61c428b.jpg?v=1790904781,LuxeMia.Shop
dusty-rose-salsa-handwork-cape-indo-western-set,Dusty Rose Salsa Handwork Indo Western Set with Cape and Palazzo,"Celebrate in this dusty rose salsa indo-western set, detailed with handwork embellishment for a graceful, festive look. The crushed shimmer salsa fabric and draped cape overlay create an elegant, contemporary silhouette, paired with a straight palazzo and a soft dupatta. Ideal for parties, receptions, and festive celebrations. Product Details: Fabric: Salsa with crepe lining. Work: Handwork embellishment on the yoke and sleeve cuffs. Set Contents: Kurta with cape overlay, palazzo, and dupatta. Color: Dusty Rose. Perfect For: Parties, receptions, and festive celebrations. Styling Tip: Style with statement earrings and heels to complete the look. Note: Refer to the size chart for fit. Custom measurement tailoring is available on request. Slight colour variation may occur due to screen settings.",in stock,new,132.00 USD,https://luxemia.shop/product/dusty-rose-salsa-handwork-cape-indo-western-set,https://cdn.shopify.com/s/files/1/0746/4707/7035/files/dusty-rose-salsa-handwork-cape-indo-western-set-7_5e1b9a21-ba96-47b6-b0c6-abdb984e29ca.jpg?v=1790904796,LuxeMia.Shop
pista-green-art-silk-sherwani-groomsmen,Pista Green Art Silk Indo Western Sherwani for Groomsmen and Weddings,"Dress the wedding party in this pista green art silk indo western sherwani, finished with pattern-piece floral detailing along the hem and cuffs. The long band-collar jacket with button front pairs with coordinated trousers for a polished, photogenic look. Ideal for groomsmen, weddings, receptions, and engagement ceremonies. Product Details: Fabric: Art silk. Work: Pattern-piece floral detailing on the hem and cuffs. Set Contents: Sherwani jacket and trousers. Color: Pista Green. Perfect For: Groomsmen, weddings, receptions, and engagements. Styling Tip: Add traditional mojari shoes and a safa or stole to complete the wedding-party look. Note: Refer to the size chart for fit. Custom measurement tailoring is available on request. Slight colour variation may occur due to screen settings.",in stock,new,203.99 USD,https://luxemia.shop/product/pista-green-art-silk-sherwani-groomsmen,https://cdn.shopify.com/s/files/1/0746/4707/7035/files/pista-green-art-silk-indo-western-sherwani-1.jpg?v=1790905545,LuxeMia.Shop
off-white-art-silk-sherwani-groomsmen,Off White Art Silk Indo Western Sherwani for Groomsmen and Weddings,"Dress the wedding party in this off white art silk indo western sherwani, finished with pattern-piece floral detailing along the hem and cuffs. The long band-collar jacket with button front pairs with coordinated trousers for a polished, photogenic look. Ideal for groomsmen, weddings, receptions, and engagement ceremonies. Product Details: Fabric: Art silk. Work: Pattern-piece floral detailing on the hem and cuffs. Set Contents: Sherwani jacket and trousers. Color: Off White. Perfect For: Groomsmen, weddings, receptions, and engagements. Styling Tip: Add traditional mojari shoes and a safa or stole to complete the wedding-party look. Note: Refer to the size chart for fit. Custom measurement tailoring is available on request. Slight colour variation may occur due to screen settings.",in stock,new,203.99 USD,https://luxemia.shop/product/off-white-art-silk-sherwani-groomsmen,https://cdn.shopify.com/s/files/1/0746/4707/7035/files/off-white-art-silk-indo-western-sherwani-1.jpg?v=1790905552,LuxeMia.Shop
pink-pure-crepe-embroidered-indo-western-set,Pink Pure Crepe Embroidered Indo Western Set with Cape,"Turn heads at the next celebration in this pink pure crepe indo western set, covered in embroidery work for a graceful, festive look. The flowing silhouette with a sheer cape keeps it comfortable through long celebrations. Ideal for parties, cocktails, receptions, and festive occasions. Product Details: Fabric: Pure Crepe. Work: Embroidery work. Set Contents: Embroidered blouse, draped skirt, and sheer cape. Color: Pink. Perfect For: Parties, cocktails, receptions, and festive celebrations. Styling Tip: Style with statement earrings and heels to complete the look. Note: Refer to the size chart for fit. Custom measurement tailoring is available on request. Slight colour variation may occur due to screen settings.",in stock,new,265.00 USD,https://luxemia.shop/product/pink-pure-crepe-embroidered-indo-western-set,https://cdn.shopify.com/s/files/1/0746/4707/7035/files/pink-crepe-1.jpg?v=1790906924,LuxeMia.Shop
green-pure-georgette-embroidered-indo-western-set,Green Pure Georgette Embroidered Indo Western Set with Cape,"Turn heads at the next celebration in this green pure georgette indo western set, covered in embroidery work for a graceful, festive look. The flowing silhouette with a sheer cape keeps it comfortable through long celebrations. Ideal for parties, cocktails, receptions, and festive occasions. Product Details: Fabric: Pure Georgette. Work: Embroidery work. Set Contents: Embroidered blouse, long skirt, and floral cape. Color: Green. Perfect For: Parties, cocktails, receptions, and festive celebrations. Styling Tip: Style with statement earrings and heels to complete the look. Note: Refer to the size chart for fit. Custom measurement tailoring is available on request. Slight colour variation may occur due to screen settings.",in stock,new,169.00 USD,https://luxemia.shop/product/green-pure-georgette-embroidered-indo-western-set,https://cdn.shopify.com/s/files/1/0746/4707/7035/files/green-georgette-1.jpg?v=1790906933,LuxeMia.Shop
navratri-special-lehenga-choli,Navratri Special Lehenga Choli – Fully Stitched White Lehenga Set with Embroidered Blouse & Dupatta,"Celebrate Navratri in this fully stitched lehenga choli set — ready to wear straight out of the package, no tailoring needed. The set pairs a flowing white lehenga with a richly embroidered green blouse and a maroon dupatta detailed with gold and green embroidery. Details Fully stitched lehenga choli — ready to wear Generous 6-meter lehenga flair for a dramatic twirl White lehenga with decorative gold and pink border Green blouse with intricate embroidery Maroon dupatta with gold and green embroidered motifs Modeled product — shown worn in photos What does “fully stitched” mean? Fully stitched means the lehenga and blouse arrive finished and ready to wear — no trip to the tailor required. Care Dry clean recommended to preserve the embroidery.",in stock,new,61.00 USD,https://luxemia.shop/product/navratri-special-lehenga-choli,https://cdn.shopify.com/s/files/1/0746/4707/7035/files/luxemia-navratri-special-lehenga-choli-01.jpg?v=1790961156,LuxeMia
embroidered-chinon-silk-4-piece-jacket-set,4-Piece Embroidered Jacket Set – Chinon Silk Wedding Outfit,"A regal four-piece ensemble built around a long, heavily embroidered jacket in premium chinon silk — embroidered on both front and back for a true wedding-guest statement. Supplied as a complete 4-piece set. Details Premium chinon silk Long open-front jacket with heavy embroidery on front and back Complete 4-piece set as supplied Wedding and festive occasion wear Modeled product — shown worn in photos What is chinon silk? Chinon is a lightweight, flowy silk-blend fabric with a subtle sheen — a favorite for festive Indian outfits because it drapes beautifully and holds embroidery well. Care Dry clean recommended.",in stock,new,112.00 USD,https://luxemia.shop/product/embroidered-chinon-silk-4-piece-jacket-set,https://cdn.shopify.com/s/files/1/0746/4707/7035/files/luxemia-kasmira-embroidered-jacket-4-piece-set-02.jpg?v=1790961171,LuxeMia
peacock-mirror-corset-blouse,Peacock Design Corset Blouse – Real Mirror & Cowrie Shell Work Navratri Blouse,"A show-stopping corset-style blouse for Navratri, centered on a hand-embroidered peacock motif in vivid multicolor threadwork — finished with real mirror and cowrie shell (kaudi) detailing and a playful shell-drop hem. Details Soft silk blouse with peacock motif embroidery Real mirror work and cowrie shell (kaudi) detailing Corset-style structured fit Available in Purple, Red, Green, and Black Fits sizes 38 to 42 Pairs beautifully with sarees, lehengas, and chaniya cholis What is kaudi work? Kaudi are small cowrie shells hand-stitched onto the fabric — a traditional embellishment seen across Gujarati and Rajasthani festive wear. Care Dry clean recommended to protect the mirror and shell work.",in stock,new,33.00 USD,https://luxemia.shop/product/peacock-mirror-corset-blouse,https://cdn.shopify.com/s/files/1/0746/4707/7035/files/luxemia-peacock-corset-blouse-01_a03c6641-bf3e-4931-a98f-214f37f4f085.jpg?v=1790962460,LuxeMia
embroidered-jacket-blouse-palazzo-set,3-Piece Embroidered Jacket Set with Palazzo Pants – Festive Indian Outfit,"A ready-to-wear 3-piece festive set: an embroidered jacket worn over a matching blouse with flared palazzo pants. What's included: Embroidered jacket, matching blouse, flared palazzo pants. Fit: Fully stitched, free size. Colours shown: Mustard yellow, ivory white, teal green, blue grey — each colourway modelled in the photos. Wear it for: Festive gatherings, wedding guest looks, party evenings, celebratory dinners. Availability: Single piece available.",in stock,new,80.00 USD,https://luxemia.shop/product/embroidered-jacket-blouse-palazzo-set,https://cdn.shopify.com/s/files/1/0746/4707/7035/files/luxemia-embroidered-jacket-blouse-palazzo-set-01_80b7865b-266f-4fc9-9e68-33cfb7b8089d.jpg?v=1790972159,LuxeMia
art-silk-embroidered-suit-set,Art Silk Embroidered 3-Piece Suit Set in Rust Orange – Festive Salwar Suit,"A festive 3-piece salwar suit in rust-orange art silk: embroidered kameez, matching bottoms and dupatta. What's included: Embroidered kameez, bottoms, dupatta. Wear it for: Festive gatherings, wedding guest looks, celebratory dinners. Availability: Single piece available.",in stock,new,98.00 USD,https://luxemia.shop/product/art-silk-embroidered-suit-set,https://cdn.shopify.com/s/files/1/0746/4707/7035/files/luxemia-art-silk-suit-rust-orange-01.jpg?v=1791044894,LuxeMia
designer-embroidered-net-saree,Designer Hand-Embroidered Net Saree with Bead and Pearl Work,"A designer net saree with hand embroidery — bead, sequin, and pearl detailing across the drape and blouse pieces. What's included: Embroidered net saree with matching blouse pieces. Detailing: Hand-applied bead, sequin, and pearl work; close-up photos show the embroidery finish. Wear it for: Weddings, receptions, festive evenings, formal celebrations. Availability: Single piece available.",in stock,new,82.00 USD,https://luxemia.shop/product/designer-embroidered-net-saree,https://cdn.shopify.com/s/files/1/0746/4707/7035/files/luxemia-designer-handwork-net-saree-01.jpg?v=1790964104,LuxeMia
olive-green-embroidered-kurta-set,Olive Green Embroidered Kurta Set with Dupatta – Festive Indian Suit,"An olive green kurta set with gold embroidery detailing, paired with a matching dupatta. What's included: Embroidered kurta, matching dupatta. Detailing: Gold-toned embroidery on the neckline, hem, and dupatta border. Wear it for: Festive gatherings, pujas, daytime celebrations, family functions. Availability: Single piece available.",in stock,new,70.00 USD,https://luxemia.shop/product/olive-green-embroidered-kurta-set,https://cdn.shopify.com/s/files/1/0746/4707/7035/files/luxemia-olive-green-embroidered-kurta-set-01.jpg?v=1790964139,LuxeMia
embroidered-sequin-suit-set,Sequin Embroidered 3-Piece Suit Set – Festive Indian Salwar Suit,"A 3-piece suit set with embroidery and sequin detailing. What's included: Embroidered top, matching bottom, dupatta. Detailing: Embroidery with sequin work; detail photos show the finish up close. Colours shown: Modelled in multiple colourways — see photos. Wear it for: Festivals, weddings, party evenings, celebratory occasions. Availability: Single piece available.",in stock,new,51.00 USD,https://luxemia.shop/product/embroidered-sequin-suit-set,https://cdn.shopify.com/s/files/1/0746/4707/7035/files/luxemia-embroidered-sequin-suit-set-01.jpg?v=1790964148,LuxeMia
embroidered-jacket-blouse-skirt-set,3-Piece Embroidered Jacket Set with Blouse and Skirt – Festive Indian Outfit,"A 3-piece festive set: a heavily embroidered jacket worn over a matching blouse with a flowing skirt. What's included: Embroidered jacket, matching blouse, long skirt. Colours available: Yellow, white and teal. Each colourway is modelled in the photos. Wear it for: Festive gatherings, wedding guest looks, sangeet evenings, celebratory dinners. Availability: Single piece available.",in stock,new,80.00 USD,https://luxemia.shop/product/embroidered-jacket-blouse-skirt-set,https://cdn.shopify.com/s/files/1/0746/4707/7035/files/luxemia-embroidered-jacket-blouse-skirt-set-01.jpg?v=1790974087,LuxeMia
art-silk-embroidered-suit-set-in-ivory,Art Silk Embroidered 3-Piece Suit Set in Ivory – Festive Salwar Suit,"A festive 3-piece salwar suit in ivory art silk: embroidered kameez, matching bottoms and dupatta. What's included: Embroidered kameez, bottoms, dupatta. Wear it for: Festive gatherings, wedding guest looks, celebratory dinners. Availability: Single piece available.",in stock,new,98.00 USD,https://luxemia.shop/product/art-silk-embroidered-suit-set-in-ivory,https://cdn.shopify.com/s/files/1/0746/4707/7035/files/luxemia-art-silk-embroidered-suit-set-in-ivory-01.jpg?v=1791044906,LuxeMia
art-silk-embroidered-suit-set-in-pink,Art Silk Embroidered 3-Piece Suit Set in Magenta Pink – Festive Salwar Suit,"A festive 3-piece salwar suit in magenta-pink art silk: embroidered kameez, matching bottoms and dupatta. What's included: Embroidered kameez, bottoms, dupatta. Wear it for: Festive gatherings, wedding guest looks, celebratory dinners. Availability: Single piece available.",in stock,new,98.00 USD,https://luxemia.shop/product/art-silk-embroidered-suit-set-in-pink,https://cdn.shopify.com/s/files/1/0746/4707/7035/files/luxemia-art-silk-embroidered-suit-set-in-pink-01.jpg?v=1791044916,LuxeMia
art-silk-embroidered-suit-set-in-yellow,Art Silk Embroidered 3-Piece Suit Set in Mustard Yellow – Festive Salwar Suit,"A festive 3-piece salwar suit in mustard-yellow art silk: embroidered kameez, matching bottoms and dupatta. What's included: Embroidered kameez, bottoms, dupatta. Wear it for: Festive gatherings, wedding guest looks, celebratory dinners. Availability: Single piece available.",in stock,new,98.00 USD,https://luxemia.shop/product/art-silk-embroidered-suit-set-in-yellow,https://cdn.shopify.com/s/files/1/0746/4707/7035/files/luxemia-art-silk-suit-mustard-yellow-01.jpg?v=1791047022,LuxeMia
embroidered-chinon-kids-salwar-set,Embroidered Chinon Kids Salwar Set - Orange Yellow Pink,"Product Overview Festive embroidered chinon salwar set for girls. Kurta features intricate embroidery on the yoke with all-over bootis and a heavily embroidered hemline, paired with a printed farshi bottom and matching dupatta. Design Details Round neckline with embroidered yoke panel. 3/4 sleeves with embroidered cuffs. Farshi (wide palazzo) bottom with paisley print and embroidered hem. Fabric Chinon What's Included Kurta, farshi bottom, dupatta Care Dry clean recommended",in stock,new,49.00 USD,https://luxemia.shop/product/embroidered-chinon-kids-salwar-set,https://cdn.shopify.com/s/files/1/0746/4707/7035/files/luxemia-embroidered-chinon-kids-salwar-set-01.jpg?v=1791061322,LuxeMia
cotton-ribbon-lace-lehenga-green,Cotton Ribbon Lace Lehenga with Printed Choli - Green,"Product Overview Cotton lehenga in green with ribbon lace work and a vibrant printed choli featuring cowrie shell detailing. 9-meter flair for a dramatic twirl. Design Details Lehenga: solid green cotton with ribbon lace horizontal panels. Choli: multicolor block-print with pot neckline tie-up, elbow sleeves, and cowrie shell lace trim. Fabric Cotton What's Included Lehenga, choli Care Dry clean recommended",in stock,new,65.00 USD,https://luxemia.shop/product/cotton-ribbon-lace-lehenga-green,https://cdn.shopify.com/s/files/1/0746/4707/7035/files/luxemia-cotton-ribbon-lace-lehenga-green-01.jpg?v=1791061330,LuxeMia
navratri-kediyu-lehenga-green-white,Navratri Kediyu Lehenga - Green White,Product Overview Navratri kediyu lehenga in green and white. Care Dry clean recommended,in stock,new,40.00 USD,https://luxemia.shop/product/navratri-kediyu-lehenga-green-white,https://cdn.shopify.com/s/files/1/0746/4707/7035/files/luxemia-navratri-kediyu-lehenga-green-white-01.jpg?v=1791061751,LuxeMia
navratri-special-lehenga-choli-yellow-white,Navratri Special Lehenga Choli - Yellow White,Product Overview Navratri special lehenga choli in yellow and white. Care Dry clean recommended,in stock,new,68.00 USD,https://luxemia.shop/product/navratri-special-lehenga-choli-yellow-white,https://cdn.shopify.com/s/files/1/0746/4707/7035/files/luxemia-navratri-special-lehenga-choli-yellow-white-01.jpg?v=1791061757,LuxeMia
butterfly-net-embroidered-lehenga-choli,Butterfly Net Embroidered Lehenga Choli - Orange White Blue,Product Overview Butterfly net lehenga with sequin embroidery. Fabric Butterfly net Care Dry clean recommended,in stock,new,66.00 USD,https://luxemia.shop/product/butterfly-net-embroidered-lehenga-choli,https://cdn.shopify.com/s/files/1/0746/4707/7035/files/luxemia-butterfly-net-embroidered-lehenga-choli-01.jpg?v=1791061772,LuxeMia
heavy-embroidered-lehenga-choli-white,Heavy Embroidered Lehenga Choli - White,Product Overview Heavy embroidered lehenga choli in white with moti work. Care Dry clean recommended,in stock,new,65.00 USD,https://luxemia.shop/product/heavy-embroidered-lehenga-choli-white,https://cdn.shopify.com/s/files/1/0746/4707/7035/files/luxemia-heavy-embroidered-lehenga-choli-white-01.jpg?v=1791061782,LuxeMia
floral-printed-organza-lehenga-choli-white-peach,Floral Printed Organza Lehenga Choli - White and Peach,"Product Overview Floral printed organza lehenga choli in white and peach with sequins and zari embroidery. 3.5m flair, semi-stitched. Fabric Organza Set Includes Lehenga, Choli, Dupatta Care Dry clean recommended",in stock,new,79.00 USD,https://luxemia.shop/product/floral-printed-organza-lehenga-choli-white-peach,https://cdn.shopify.com/s/files/1/0746/4707/7035/files/luxemia-floral-printed-organza-lehenga-choli-white-peach-01.jpg?v=1791067442,LuxeMia
floral-printed-organza-lehenga-choli-orange,Floral Printed Organza Lehenga Choli - Orange,"Product Overview Floral printed organza lehenga choli in orange with sequins and zari embroidery. 3.5m flair, semi-stitched. Fabric Organza Set Includes Lehenga, Choli, Dupatta Care Dry clean recommended",in stock,new,79.00 USD,https://luxemia.shop/product/floral-printed-organza-lehenga-choli-orange,https://cdn.shopify.com/s/files/1/0746/4707/7035/files/luxemia-floral-printed-organza-lehenga-choli-orange-01.jpg?v=1791080007,LuxeMia
floral-printed-organza-lehenga-choli-black,Floral Printed Organza Lehenga Choli - Black,"Product Overview Floral printed organza lehenga choli in black with sequins and zari embroidery. 3.5m flair, semi-stitched. Fabric Organza Set Includes Lehenga, Choli, Dupatta Care Dry clean recommended",in stock,new,79.00 USD,https://luxemia.shop/product/floral-printed-organza-lehenga-choli-black,https://cdn.shopify.com/s/files/1/0746/4707/7035/files/luxemia-floral-printed-organza-lehenga-choli-black-01.jpg?v=1791080014,LuxeMia
floral-printed-organza-lehenga-choli-dove-blue,Floral Printed Organza Lehenga Choli - Dove Blue,"Product Overview Floral printed organza lehenga choli in dove blue with sequins and zari embroidery. 3.5m flair, semi-stitched. Fabric Organza Set Includes Lehenga, Choli, Dupatta Care Dry clean recommended",in stock,new,79.00 USD,https://luxemia.shop/product/floral-printed-organza-lehenga-choli-dove-blue,https://cdn.shopify.com/s/files/1/0746/4707/7035/files/luxemia-floral-printed-organza-lehenga-choli-dove-blue-01.jpg?v=1791080023,LuxeMia
floral-printed-organza-lehenga-choli-green,Floral Printed Organza Lehenga Choli - Green,"Product Overview Floral printed organza lehenga choli in green with sequins and zari embroidery. 3.5m flair, semi-stitched. Fabric Organza Set Includes Lehenga, Choli, Dupatta Care Dry clean recommended",in stock,new,79.00 USD,https://luxemia.shop/product/floral-printed-organza-lehenga-choli-green,https://cdn.shopify.com/s/files/1/0746/4707/7035/files/luxemia-floral-printed-organza-lehenga-choli-green-01.jpg?v=1791080031,LuxeMia
floral-printed-organza-lehenga-choli-teal-blue,Floral Printed Organza Lehenga Choli - Teal Blue,"Product Overview Floral printed organza lehenga choli in teal blue with sequins and zari embroidery. 3.5m flair, semi-stitched. Fabric Organza Set Includes Lehenga, Choli, Dupatta Care Dry clean recommended",in stock,new,79.00 USD,https://luxemia.shop/product/floral-printed-organza-lehenga-choli-teal-blue,https://cdn.shopify.com/s/files/1/0746/4707/7035/files/luxemia-floral-printed-organza-lehenga-choli-teal-blue-01.jpg?v=1791080040,LuxeMia
floral-printed-organza-lehenga-choli-red,Floral Printed Organza Lehenga Choli - Red,"Product Overview Floral printed organza lehenga choli in red with sequins and zari embroidery. 3.5m flair, semi-stitched. Fabric Organza Set Includes Lehenga, Choli, Dupatta Care Dry clean recommended",in stock,new,79.00 USD,https://luxemia.shop/product/floral-printed-organza-lehenga-choli-red,https://cdn.shopify.com/s/files/1/0746/4707/7035/files/luxemia-floral-printed-organza-lehenga-choli-red-01.jpg?v=1791080050,LuxeMia
floral-printed-organza-lehenga-choli-sky-blue,Floral Printed Organza Lehenga Choli - Sky Blue,"Product Overview Floral printed organza lehenga choli in sky blue with sequins and zari embroidery. 3.5m flair, semi-stitched. Fabric Organza Set Includes Lehenga, Choli, Dupatta Care Dry clean recommended",in stock,new,79.00 USD,https://luxemia.shop/product/floral-printed-organza-lehenga-choli-sky-blue,https://cdn.shopify.com/s/files/1/0746/4707/7035/files/luxemia-floral-printed-organza-lehenga-choli-sky-blue-01.jpg?v=1791067506,LuxeMia
designer-embroidered-lehenga-choli-12-colors,Designer Embroidered Lehenga Choli - 12 Colors,Product Overview Designer lehenga choli available in 12 colors. Care Dry clean recommended,in stock,new,79.00 USD,https://luxemia.shop/product/designer-embroidered-lehenga-choli-12-colors,https://cdn.shopify.com/s/files/1/0746/4707/7035/files/luxemia-designer-embroidered-lehenga-choli-12-colors-01.jpg?v=1791067517,LuxeMia
patola-silk-saree-orange-pink,Patola Silk Saree - Orange and Pink,Product Overview Patola silk saree with patola silk blouse. Fabric Patola Silk Care Dry clean recommended,in stock,new,48.00 USD,https://luxemia.shop/product/patola-silk-saree-orange-pink,https://cdn.shopify.com/s/files/1/0746/4707/7035/files/luxemia-patola-silk-saree-orange-pink-01.jpg?v=1791067557,LuxeMia
patola-silk-saree-red-orange,Patola Silk Saree - Red and Orange,Product Overview Patola silk saree with patola silk blouse. Fabric Patola Silk Care Dry clean recommended,in stock,new,48.00 USD,https://luxemia.shop/product/patola-silk-saree-red-orange,https://cdn.shopify.com/s/files/1/0746/4707/7035/files/luxemia-patola-silk-saree-red-orange-01.jpg?v=1791067564,LuxeMia
