Handle,Title,Body (HTML),Vendor,Product Category,Type,Tags,Published,Option1 Name,Option1 Value,Option2 Name,Option2 Value,Variant Grams,Variant Inventory Tracker,Variant Inventory Qty,Variant Inventory Policy,Variant Fulfillment Service,Variant Price,Variant Compare At Price,Variant Requires Shipping,Variant Taxable,Variant Barcode,Image Src,Image Position,Image Alt Text,Gift Card,SEO Title,SEO Description,Status,Variant Image,Variant Weight Unit
jwl-001,Gold Kundan Work Necklace Set with Green Enamel (Meenakari) Detailing,"<p>Gold kundan work necklace set.</p>
<p>For festive events — Navratri, Diwali, weddings, family functions.</p>
<p><strong>SET INCLUDES:</strong> Necklace and matching earrings (where shown).</p>
<p><strong>STITCHING:</strong> Not applicable — jewelry is ready to wear. Adjustable fit where shown.</p>
<p><strong>CARE:</strong> First Wash Dry Clean. Iron at moderate temperature.</p>
<p><strong>MATERIAL:</strong> Gold-plated brass with stones. Approx weight: 200g.</p>
<p><strong>SHIPPING:</strong> Ships within 2-3 days (processing). Standard delivery time varies by country. <strong>DHL Express delivers in 3-5 days</strong>. <strong>Free shipping is always Standard</strong> — DHL Express available at checkout for an additional fee.</p>
<p><strong>AVAILABILITY:</strong> <span style=""color:#1a7f37"">✓ In stock</span> — limited edition, available while supplier inventory lasts.</p>
<p><strong>QUESTIONS?</strong> Email <a href=""mailto:hello@luxemia.shop"">hello@luxemia.shop</a>, call <a href=""tel:+12153419990"">+1-215-341-9990</a>, or <a href=""https://wa.me/12153419990"" target=""_blank"">WhatsApp Mini</a> — I answer the phone myself in English, Hindi, or Gujarati.</p>
<p><strong>SEE ALSO:</strong> <a href=""https://luxemia.shop/returns"">Returns policy</a> | <a href=""https://luxemia.shop/size-guide"">Size guide</a> | <a href=""https://luxemia.shop/blog/how-to-measure-for-indian-ethnic-wear"">How to measure</a> | <a href=""https://luxemia.shop/jewelry"">Browse all jewelry</a></p>
<p>— Mini, founder of LuxeMia</p>",LuxeMia,Accessories,Jewelry,"gold,festive,kundan,jewelry,indian ethnic wear,usa,ships from india,in stock",TRUE,,,,,2000,shopify,10,deny,manual,56.00,74.00,TRUE,TRUE,LXM-jwl-001,https://kesimg.b-cdn.net/images/650/2025y/December/59471/Yellow--Wedding-Wear-Kundan-Ethnic-Design-Necklace-Set-FNKN102YLW(1).jpg,1,Gold Kundan Work Necklace Set with Green Enamel (Meenakari) Detailing,FALSE,Gold Kundan Work Necklace Set with Green Enamel (… | LuxeMia,Gold Kundan Work necklace set for festive — $56. Ships in 2-3 days. DHL Express 3-5 days. In stock.,active,https://kesimg.b-cdn.net/images/650/2025y/December/59471/Yellow--Wedding-Wear-Kundan-Ethnic-Design-Necklace-Set-FNKN102YLW(1).jpg,kg
jwl-002,Gold Mirror Work Necklace Set with Green Enamel Detailing,"<p>Gold mirror work necklace set.</p>
<p>For festive events — Navratri, Diwali, weddings, family functions.</p>
<p><strong>SET INCLUDES:</strong> Necklace and matching earrings (where shown).</p>
<p><strong>STITCHING:</strong> Not applicable — jewelry is ready to wear. Adjustable fit where shown.</p>
<p><strong>CARE:</strong> First Wash Dry Clean. Iron at moderate temperature.</p>
<p><strong>MATERIAL:</strong> Gold-plated brass with stones. Approx weight: 200g.</p>
<p><strong>SHIPPING:</strong> Ships within 2-3 days (processing). Standard delivery time varies by country. <strong>DHL Express delivers in 3-5 days</strong>. <strong>Free shipping is always Standard</strong> — DHL Express available at checkout for an additional fee.</p>
<p><strong>AVAILABILITY:</strong> <span style=""color:#1a7f37"">✓ In stock</span> — limited edition, available while supplier inventory lasts.</p>
<p><strong>QUESTIONS?</strong> Email <a href=""mailto:hello@luxemia.shop"">hello@luxemia.shop</a>, call <a href=""tel:+12153419990"">+1-215-341-9990</a>, or <a href=""https://wa.me/12153419990"" target=""_blank"">WhatsApp Mini</a> — I answer the phone myself in English, Hindi, or Gujarati.</p>
<p><strong>SEE ALSO:</strong> <a href=""https://luxemia.shop/returns"">Returns policy</a> | <a href=""https://luxemia.shop/size-guide"">Size guide</a> | <a href=""https://luxemia.shop/blog/how-to-measure-for-indian-ethnic-wear"">How to measure</a> | <a href=""https://luxemia.shop/jewelry"">Browse all jewelry</a></p>
<p>— Mini, founder of LuxeMia</p>",LuxeMia,Accessories,Jewelry,"gold,festive,mirror,jewelry,indian ethnic wear,usa,ships from india,in stock",TRUE,,,,,2000,shopify,10,deny,manual,56.00,74.00,TRUE,TRUE,LXM-jwl-002,https://kesimg.b-cdn.net/images/650/2025y/December/59471/White--Wedding-Wear-Kundan-Ethnic-Design-Necklace-Set-FNKN102WHT(1).jpg,1,Gold Mirror Work Necklace Set with Green Enamel Detailing,FALSE,Gold Mirror Work Necklace Set with Green Enamel D… | LuxeMia,Gold Mirror Work necklace set for festive — $56. Ships in 2-3 days. DHL Express 3-5 days. In stock.,active,https://kesimg.b-cdn.net/images/650/2025y/December/59471/White--Wedding-Wear-Kundan-Ethnic-Design-Necklace-Set-FNKN102WHT(1).jpg,kg
jwl-017,Maroon Embroidered Necklace Set with with Heavy Kundan Jewelry,"<p>Maroon embroidered necklace set.</p>
<p>For festive events — Navratri, Diwali, weddings, family functions.</p>
<p><strong>SET INCLUDES:</strong> Necklace and matching earrings (where shown).</p>
<p><strong>STITCHING:</strong> Not applicable — jewelry is ready to wear. Adjustable fit where shown.</p>
<p><strong>CARE:</strong> First Wash Dry Clean. Iron at moderate temperature.</p>
<p><strong>MATERIAL:</strong> Gold-plated brass with stones. Approx weight: 200g.</p>
<p><strong>SHIPPING:</strong> Ships within 2-3 days (processing). Standard delivery time varies by country. <strong>DHL Express delivers in 3-5 days</strong>. <strong>Free shipping is always Standard</strong> — DHL Express available at checkout for an additional fee.</p>
<p><strong>AVAILABILITY:</strong> <span style=""color:#1a7f37"">✓ In stock</span> — limited edition, available while supplier inventory lasts.</p>
<p><strong>QUESTIONS?</strong> Email <a href=""mailto:hello@luxemia.shop"">hello@luxemia.shop</a>, call <a href=""tel:+12153419990"">+1-215-341-9990</a>, or <a href=""https://wa.me/12153419990"" target=""_blank"">WhatsApp Mini</a> — I answer the phone myself in English, Hindi, or Gujarati.</p>
<p><strong>SEE ALSO:</strong> <a href=""https://luxemia.shop/returns"">Returns policy</a> | <a href=""https://luxemia.shop/size-guide"">Size guide</a> | <a href=""https://luxemia.shop/blog/how-to-measure-for-indian-ethnic-wear"">How to measure</a> | <a href=""https://luxemia.shop/jewelry"">Browse all jewelry</a></p>
<p>— Mini, founder of LuxeMia</p>",LuxeMia,Accessories,Jewelry,"maroon,festive,embroidery,jewelry,indian ethnic wear,usa,ships from india,in stock",TRUE,,,,,2000,shopify,10,deny,manual,70.00,92.00,TRUE,TRUE,LXM-jwl-017,https://kesimg.b-cdn.net/images/650/2025y/December/59473/Maroon--Wedding-Wear-Kundan-Royal-Necklace-Set-FNKN107MRN(1).jpg,1,Maroon Embroidered Necklace Set with with Heavy Kundan Jewelry,FALSE,Maroon Embroidered Necklace Set with with Heavy K… | LuxeMia,Maroon Embroidered necklace set for festive — $70. Ships in 2-3 days. DHL Express 3-5 days. In stock.,active,https://kesimg.b-cdn.net/images/650/2025y/December/59473/Maroon--Wedding-Wear-Kundan-Royal-Necklace-Set-FNKN107MRN(1).jpg,kg
jwl-003,Gold Kundan Work Necklace Set with Red Bead Drops,"<p>Gold kundan work necklace set.</p>
<p>For festive events — Navratri, Diwali, weddings, family functions.</p>
<p><strong>SET INCLUDES:</strong> Necklace and matching earrings (where shown).</p>
<p><strong>STITCHING:</strong> Not applicable — jewelry is ready to wear. Adjustable fit where shown.</p>
<p><strong>CARE:</strong> First Wash Dry Clean. Iron at moderate temperature.</p>
<p><strong>MATERIAL:</strong> Gold-plated brass with stones. Approx weight: 200g.</p>
<p><strong>SHIPPING:</strong> Ships within 2-3 days (processing). Standard delivery time varies by country. <strong>DHL Express delivers in 3-5 days</strong>. <strong>Free shipping is always Standard</strong> — DHL Express available at checkout for an additional fee.</p>
<p><strong>AVAILABILITY:</strong> <span style=""color:#1a7f37"">✓ In stock</span> — limited edition, available while supplier inventory lasts.</p>
<p><strong>QUESTIONS?</strong> Email <a href=""mailto:hello@luxemia.shop"">hello@luxemia.shop</a>, call <a href=""tel:+12153419990"">+1-215-341-9990</a>, or <a href=""https://wa.me/12153419990"" target=""_blank"">WhatsApp Mini</a> — I answer the phone myself in English, Hindi, or Gujarati.</p>
<p><strong>SEE ALSO:</strong> <a href=""https://luxemia.shop/returns"">Returns policy</a> | <a href=""https://luxemia.shop/size-guide"">Size guide</a> | <a href=""https://luxemia.shop/blog/how-to-measure-for-indian-ethnic-wear"">How to measure</a> | <a href=""https://luxemia.shop/jewelry"">Browse all jewelry</a></p>
<p>— Mini, founder of LuxeMia</p>",LuxeMia,Accessories,Jewelry,"gold,festive,kundan,jewelry,indian ethnic wear,usa,ships from india,in stock",TRUE,,,,,2000,shopify,10,deny,manual,56.00,74.00,TRUE,TRUE,LXM-jwl-003,https://kesimg.b-cdn.net/images/650/2025y/December/59471/Maroon--Wedding-Wear-Kundan-Ethnic-Design-Necklace-Set-FNKN102MRN(1).jpg,1,Gold Kundan Work Necklace Set with Red Bead Drops,FALSE,Gold Kundan Work Necklace Set with Red Bead Drops | LuxeMia,Gold Kundan Work necklace set for festive — $56. Ships in 2-3 days. DHL Express 3-5 days. In stock.,active,https://kesimg.b-cdn.net/images/650/2025y/December/59471/Maroon--Wedding-Wear-Kundan-Ethnic-Design-Necklace-Set-FNKN102MRN(1).jpg,kg
pink-occasion-wear-georgette-lehenga-choli-with-dupatta-7082,Pink Embroidered Lehenga Choli with Matching Pink Dupatta,"<p>Pink embroidered lehenga choli with dupatta.</p>
<p>For festive events — Navratri, Diwali, weddings, family functions.</p>
<p><strong>SET INCLUDES:</strong> Lehenga, choli, and dupatta.</p>
<p><strong>STITCHING OPTIONS:</strong></p>
<p>&nbsp;&nbsp;&bull; <strong>Standard Size S-XXL</strong> (+$23) — we stitch to a standard size before shipping.</p>
<p>&nbsp;&nbsp;&bull; <strong>Custom Stitching</strong> (+$37) — we stitch to your exact measurements (form emailed after order, 4-5 days extra).</p>
<p>&nbsp;&nbsp;&bull; <strong>Unstitched</strong> (+$0) — fabric shipped as-is, you arrange stitching locally.</p>
<p><strong>CARE:</strong> First Wash Dry Clean. Iron at moderate temperature.</p>
<p><strong>FABRIC:</strong> Georgette (synthetic). Approx weight: 2 kg (full set).</p>
<p><strong>SHIPPING:</strong> Ships within 2-3 days (processing). Standard delivery time varies by country. <strong>DHL Express delivers in 3-5 days</strong>. <strong>Free shipping is always Standard</strong> — DHL Express available at checkout for an additional fee.</p>
<p><strong>AVAILABILITY:</strong> <span style=""color:#1a7f37"">✓ In stock</span> — limited edition, available while supplier inventory lasts.</p>
<p><strong>QUESTIONS?</strong> Email <a href=""mailto:hello@luxemia.shop"">hello@luxemia.shop</a>, call <a href=""tel:+12153419990"">+1-215-341-9990</a>, or <a href=""https://wa.me/12153419990"" target=""_blank"">WhatsApp Mini</a> — I answer the phone myself in English, Hindi, or Gujarati.</p>
<p><strong>SEE ALSO:</strong> <a href=""https://luxemia.shop/returns"">Returns policy</a> | <a href=""https://luxemia.shop/size-guide"">Size guide</a> | <a href=""https://luxemia.shop/blog/how-to-measure-for-indian-ethnic-wear"">How to measure</a> | <a href=""https://luxemia.shop/lehengas"">Browse all lehengas</a></p>
<p>— Mini, founder of LuxeMia</p>",LuxeMia,Clothing,Lehenga,"pink,georgette,festive,embroidery,lehenga,lehenga choli,indian ethnic wear,usa,ships from india,in stock",TRUE,,,,,2000,shopify,10,deny,manual,91.99,131.99,TRUE,TRUE,LXM-pink-occasion-wear-g,https://fashidwholesale.in/images/product/sub_images/2026/05/2026-05-06_13_59_22-VOL-34%20By%20ZEEL%20COTHING%207082%20PINK.jpeg,1,Pink Embroidered Lehenga Choli with Matching Pink Dupatta,FALSE,Pink Embroidered Lehenga Choli with Matching Pink… | LuxeMia,Pink Embroidered lehenga choli for festive — $92. Ships in 2-3 days. DHL Express 3-5 days. In stock.,active,https://fashidwholesale.in/images/product/sub_images/2026/05/2026-05-06_13_59_22-VOL-34%20By%20ZEEL%20COTHING%207082%20PINK.jpeg,kg
red-party-wear-georgette-lehenga-choli-with-dupatta-7088,Red Embroidered Lehenga Choli with Contrast Dupatta,"<p>Red embroidered lehenga choli with dupatta.</p>
<p>For party events — Navratri, Diwali, weddings, family functions.</p>
<p><strong>SET INCLUDES:</strong> Lehenga, choli, and dupatta.</p>
<p><strong>STITCHING OPTIONS:</strong></p>
<p>&nbsp;&nbsp;&bull; <strong>Standard Size S-XXL</strong> (+$23) — we stitch to a standard size before shipping.</p>
<p>&nbsp;&nbsp;&bull; <strong>Custom Stitching</strong> (+$37) — we stitch to your exact measurements (form emailed after order, 4-5 days extra).</p>
<p>&nbsp;&nbsp;&bull; <strong>Unstitched</strong> (+$0) — fabric shipped as-is, you arrange stitching locally.</p>
<p><strong>CARE:</strong> First Wash Dry Clean. Iron at moderate temperature.</p>
<p><strong>FABRIC:</strong> Georgette (synthetic). Approx weight: 2 kg (full set).</p>
<p><strong>SHIPPING:</strong> Ships within 2-3 days (processing). Standard delivery time varies by country. <strong>DHL Express delivers in 3-5 days</strong>. <strong>Free shipping is always Standard</strong> — DHL Express available at checkout for an additional fee.</p>
<p><strong>AVAILABILITY:</strong> <span style=""color:#1a7f37"">✓ In stock</span> — limited edition, available while supplier inventory lasts.</p>
<p><strong>QUESTIONS?</strong> Email <a href=""mailto:hello@luxemia.shop"">hello@luxemia.shop</a>, call <a href=""tel:+12153419990"">+1-215-341-9990</a>, or <a href=""https://wa.me/12153419990"" target=""_blank"">WhatsApp Mini</a> — I answer the phone myself in English, Hindi, or Gujarati.</p>
<p><strong>SEE ALSO:</strong> <a href=""https://luxemia.shop/returns"">Returns policy</a> | <a href=""https://luxemia.shop/size-guide"">Size guide</a> | <a href=""https://luxemia.shop/blog/how-to-measure-for-indian-ethnic-wear"">How to measure</a> | <a href=""https://luxemia.shop/lehengas"">Browse all lehengas</a></p>
<p>— Mini, founder of LuxeMia</p>",LuxeMia,Clothing,Lehenga,"red,georgette,party,embroidery,lehenga,lehenga choli,indian ethnic wear,usa,ships from india,in stock",TRUE,,,,,2000,shopify,10,deny,manual,83.99,120.99,TRUE,TRUE,LXM-red-party-wear-georg,https://fashidwholesale.in/images/product/sub_images/2026/05/2026-05-06_13_59_22-VOL-34%20By%20ZEEL%20COTHING%207088%20RED.jpeg,1,Red Embroidered Lehenga Choli with Contrast Dupatta,FALSE,Red Embroidered Lehenga Choli with Contrast Dupat… | LuxeMia,Red Embroidered lehenga choli for party — $84. Ships in 2-3 days. DHL Express 3-5 days. In stock.,active,https://fashidwholesale.in/images/product/sub_images/2026/05/2026-05-06_13_59_22-VOL-34%20By%20ZEEL%20COTHING%207088%20RED.jpeg,kg
white-occasion-wear-georgette-lehenga-choli-with-dupatta-7079,"White Embroidered Lehenga Choli with Sheer, Floral-Embroidered Dupatta","<p>White embroidered lehenga choli with dupatta.</p>
<p>For festive events — Navratri, Diwali, weddings, family functions.</p>
<p><strong>SET INCLUDES:</strong> Lehenga, choli, and dupatta.</p>
<p><strong>STITCHING OPTIONS:</strong></p>
<p>&nbsp;&nbsp;&bull; <strong>Standard Size S-XXL</strong> (+$23) — we stitch to a standard size before shipping.</p>
<p>&nbsp;&nbsp;&bull; <strong>Custom Stitching</strong> (+$37) — we stitch to your exact measurements (form emailed after order, 4-5 days extra).</p>
<p>&nbsp;&nbsp;&bull; <strong>Unstitched</strong> (+$0) — fabric shipped as-is, you arrange stitching locally.</p>
<p><strong>CARE:</strong> First Wash Dry Clean. Iron at moderate temperature.</p>
<p><strong>FABRIC:</strong> Georgette (synthetic). Approx weight: 2 kg (full set).</p>
<p><strong>SHIPPING:</strong> Ships within 2-3 days (processing). Standard delivery time varies by country. <strong>DHL Express delivers in 3-5 days</strong>. <strong>Free shipping is always Standard</strong> — DHL Express available at checkout for an additional fee.</p>
<p><strong>AVAILABILITY:</strong> <span style=""color:#1a7f37"">✓ In stock</span> — limited edition, available while supplier inventory lasts.</p>
<p><strong>QUESTIONS?</strong> Email <a href=""mailto:hello@luxemia.shop"">hello@luxemia.shop</a>, call <a href=""tel:+12153419990"">+1-215-341-9990</a>, or <a href=""https://wa.me/12153419990"" target=""_blank"">WhatsApp Mini</a> — I answer the phone myself in English, Hindi, or Gujarati.</p>
<p><strong>SEE ALSO:</strong> <a href=""https://luxemia.shop/returns"">Returns policy</a> | <a href=""https://luxemia.shop/size-guide"">Size guide</a> | <a href=""https://luxemia.shop/blog/how-to-measure-for-indian-ethnic-wear"">How to measure</a> | <a href=""https://luxemia.shop/lehengas"">Browse all lehengas</a></p>
<p>— Mini, founder of LuxeMia</p>",LuxeMia,Clothing,Lehenga,"white,georgette,festive,embroidery,lehenga,lehenga choli,indian ethnic wear,usa,ships from india,in stock",TRUE,,,,,2000,shopify,10,deny,manual,97.99,140.99,TRUE,TRUE,LXM-white-occasion-wear-,https://fashidwholesale.in/images/product/sub_images/2026/05/2026-05-06_13_59_21-VOL-34%20By%20ZEEL%20COTHING%207079%20WHITE.jpeg,1,"White Embroidered Lehenga Choli with Sheer, Floral-Embroidered Dupatta",FALSE,"White Embroidered Lehenga Choli with Sheer, Flora… | LuxeMia",White Embroidered lehenga choli for festive — $98. Ships in 2-3 days. DHL Express 3-5 days. In stock.,active,https://fashidwholesale.in/images/product/sub_images/2026/05/2026-05-06_13_59_21-VOL-34%20By%20ZEEL%20COTHING%207079%20WHITE.jpeg,kg
peach-occasion-wear-georgette-lehenga-choli-with-dupatta-7083,Peach Embroidered Lehenga Choli with Contrast Dupatta,"<p>Peach embroidered lehenga choli with dupatta.</p>
<p>For festive events — Navratri, Diwali, weddings, family functions.</p>
<p><strong>SET INCLUDES:</strong> Lehenga, choli, and dupatta.</p>
<p><strong>STITCHING OPTIONS:</strong></p>
<p>&nbsp;&nbsp;&bull; <strong>Standard Size S-XXL</strong> (+$23) — we stitch to a standard size before shipping.</p>
<p>&nbsp;&nbsp;&bull; <strong>Custom Stitching</strong> (+$37) — we stitch to your exact measurements (form emailed after order, 4-5 days extra).</p>
<p>&nbsp;&nbsp;&bull; <strong>Unstitched</strong> (+$0) — fabric shipped as-is, you arrange stitching locally.</p>
<p><strong>CARE:</strong> First Wash Dry Clean. Iron at moderate temperature.</p>
<p><strong>FABRIC:</strong> Georgette (synthetic). Approx weight: 2 kg (full set).</p>
<p><strong>SHIPPING:</strong> Ships within 2-3 days (processing). Standard delivery time varies by country. <strong>DHL Express delivers in 3-5 days</strong>. <strong>Free shipping is always Standard</strong> — DHL Express available at checkout for an additional fee.</p>
<p><strong>AVAILABILITY:</strong> <span style=""color:#1a7f37"">✓ In stock</span> — limited edition, available while supplier inventory lasts.</p>
<p><strong>QUESTIONS?</strong> Email <a href=""mailto:hello@luxemia.shop"">hello@luxemia.shop</a>, call <a href=""tel:+12153419990"">+1-215-341-9990</a>, or <a href=""https://wa.me/12153419990"" target=""_blank"">WhatsApp Mini</a> — I answer the phone myself in English, Hindi, or Gujarati.</p>
<p><strong>SEE ALSO:</strong> <a href=""https://luxemia.shop/returns"">Returns policy</a> | <a href=""https://luxemia.shop/size-guide"">Size guide</a> | <a href=""https://luxemia.shop/blog/how-to-measure-for-indian-ethnic-wear"">How to measure</a> | <a href=""https://luxemia.shop/lehengas"">Browse all lehengas</a></p>
<p>— Mini, founder of LuxeMia</p>",LuxeMia,Clothing,Lehenga,"peach,georgette,festive,embroidery,lehenga,lehenga choli,indian ethnic wear,usa,ships from india,in stock",TRUE,,,,,2000,shopify,10,deny,manual,91.99,131.99,TRUE,TRUE,LXM-peach-occasion-wear-,https://fashidwholesale.in/images/product/sub_images/2026/05/2026-05-06_13_59_22-VOL-34%20By%20ZEEL%20COTHING%207083%20PEACH.jpeg,1,Peach Embroidered Lehenga Choli with Contrast Dupatta,FALSE,Peach Embroidered Lehenga Choli with Contrast Dup… | LuxeMia,Peach Embroidered lehenga choli for festive — $92. Ships in 2-3 days. DHL Express 3-5 days. In stock.,active,https://fashidwholesale.in/images/product/sub_images/2026/05/2026-05-06_13_59_22-VOL-34%20By%20ZEEL%20COTHING%207083%20PEACH.jpeg,kg
yellow-party-wear-georgette-lehenga-choli-with-dupatta-7088,Yellow Mirror Work Lehenga Choli with Matching Sheer Dupatta,"<p>Yellow mirror work lehenga choli with dupatta.</p>
<p>For party events — Navratri, Diwali, weddings, family functions.</p>
<p><strong>SET INCLUDES:</strong> Lehenga, choli, and dupatta.</p>
<p><strong>STITCHING OPTIONS:</strong></p>
<p>&nbsp;&nbsp;&bull; <strong>Standard Size S-XXL</strong> (+$23) — we stitch to a standard size before shipping.</p>
<p>&nbsp;&nbsp;&bull; <strong>Custom Stitching</strong> (+$37) — we stitch to your exact measurements (form emailed after order, 4-5 days extra).</p>
<p>&nbsp;&nbsp;&bull; <strong>Unstitched</strong> (+$0) — fabric shipped as-is, you arrange stitching locally.</p>
<p><strong>CARE:</strong> First Wash Dry Clean. Iron at moderate temperature.</p>
<p><strong>FABRIC:</strong> Georgette (synthetic). Approx weight: 2 kg (full set).</p>
<p><strong>SHIPPING:</strong> Ships within 2-3 days (processing). Standard delivery time varies by country. <strong>DHL Express delivers in 3-5 days</strong>. <strong>Free shipping is always Standard</strong> — DHL Express available at checkout for an additional fee.</p>
<p><strong>AVAILABILITY:</strong> <span style=""color:#1a7f37"">✓ In stock</span> — limited edition, available while supplier inventory lasts.</p>
<p><strong>QUESTIONS?</strong> Email <a href=""mailto:hello@luxemia.shop"">hello@luxemia.shop</a>, call <a href=""tel:+12153419990"">+1-215-341-9990</a>, or <a href=""https://wa.me/12153419990"" target=""_blank"">WhatsApp Mini</a> — I answer the phone myself in English, Hindi, or Gujarati.</p>
<p><strong>SEE ALSO:</strong> <a href=""https://luxemia.shop/returns"">Returns policy</a> | <a href=""https://luxemia.shop/size-guide"">Size guide</a> | <a href=""https://luxemia.shop/blog/how-to-measure-for-indian-ethnic-wear"">How to measure</a> | <a href=""https://luxemia.shop/lehengas"">Browse all lehengas</a></p>
<p>— Mini, founder of LuxeMia</p>",LuxeMia,Clothing,Lehenga,"yellow,georgette,party,mirror,lehenga,lehenga choli,indian ethnic wear,usa,ships from india,in stock",TRUE,,,,,2000,shopify,10,deny,manual,83.99,120.99,TRUE,TRUE,LXM-yellow-party-wear-ge,https://fashidwholesale.in/images/product/sub_images/2026/05/2026-05-06_13_59_23-VOL-34%20By%20ZEEL%20COTHING%207088%20YELLOW.jpeg,1,Yellow Mirror Work Lehenga Choli with Matching Sheer Dupatta,FALSE,Yellow Mirror Work Lehenga Choli with Matching Sh… | LuxeMia,Yellow Mirror Work lehenga choli for party — $84. Ships in 2-3 days. DHL Express 3-5 days. In stock.,active,https://fashidwholesale.in/images/product/sub_images/2026/05/2026-05-06_13_59_23-VOL-34%20By%20ZEEL%20COTHING%207088%20YELLOW.jpeg,kg
orange-occasion-wear-georgette-lehenga-choli-with-dupatta-7081,Orange Mirror Work Lehenga Choli with Matching Orange Dupatta,"<p>Orange mirror work lehenga choli with dupatta.</p>
<p>For festive events — Navratri, Diwali, weddings, family functions.</p>
<p><strong>SET INCLUDES:</strong> Lehenga, choli, and dupatta.</p>
<p><strong>STITCHING OPTIONS:</strong></p>
<p>&nbsp;&nbsp;&bull; <strong>Standard Size S-XXL</strong> (+$23) — we stitch to a standard size before shipping.</p>
<p>&nbsp;&nbsp;&bull; <strong>Custom Stitching</strong> (+$37) — we stitch to your exact measurements (form emailed after order, 4-5 days extra).</p>
<p>&nbsp;&nbsp;&bull; <strong>Unstitched</strong> (+$0) — fabric shipped as-is, you arrange stitching locally.</p>
<p><strong>CARE:</strong> First Wash Dry Clean. Iron at moderate temperature.</p>
<p><strong>FABRIC:</strong> Georgette (synthetic). Approx weight: 2 kg (full set).</p>
<p><strong>SHIPPING:</strong> Ships within 2-3 days (processing). Standard delivery time varies by country. <strong>DHL Express delivers in 3-5 days</strong>. <strong>Free shipping is always Standard</strong> — DHL Express available at checkout for an additional fee.</p>
<p><strong>AVAILABILITY:</strong> <span style=""color:#1a7f37"">✓ In stock</span> — limited edition, available while supplier inventory lasts.</p>
<p><strong>QUESTIONS?</strong> Email <a href=""mailto:hello@luxemia.shop"">hello@luxemia.shop</a>, call <a href=""tel:+12153419990"">+1-215-341-9990</a>, or <a href=""https://wa.me/12153419990"" target=""_blank"">WhatsApp Mini</a> — I answer the phone myself in English, Hindi, or Gujarati.</p>
<p><strong>SEE ALSO:</strong> <a href=""https://luxemia.shop/returns"">Returns policy</a> | <a href=""https://luxemia.shop/size-guide"">Size guide</a> | <a href=""https://luxemia.shop/blog/how-to-measure-for-indian-ethnic-wear"">How to measure</a> | <a href=""https://luxemia.shop/lehengas"">Browse all lehengas</a></p>
<p>— Mini, founder of LuxeMia</p>",LuxeMia,Clothing,Lehenga,"orange,georgette,festive,mirror,lehenga,lehenga choli,indian ethnic wear,usa,ships from india,in stock",TRUE,,,,,2000,shopify,10,deny,manual,91.99,131.99,TRUE,TRUE,LXM-orange-occasion-wear,https://fashidwholesale.in/images/product/sub_images/2026/05/2026-05-06_13_59_21-VOL-34%20By%20ZEEL%20COTHING%207081%20ORANGE.jpeg,1,Orange Mirror Work Lehenga Choli with Matching Orange Dupatta,FALSE,Orange Mirror Work Lehenga Choli with Matching Or… | LuxeMia,Orange Mirror Work lehenga choli for festive — $92. Ships in 2-3 days. DHL Express 3-5 days. In stock.,active,https://fashidwholesale.in/images/product/sub_images/2026/05/2026-05-06_13_59_21-VOL-34%20By%20ZEEL%20COTHING%207081%20ORANGE.jpeg,kg
navy-silk-sherwani,Navy Blue Embroidered Sherwani with White Churidar Pants,"<p>Navy blue embroidered sherwani with pajama.</p>
<p>For festive events — Navratri, Diwali, weddings, family functions.</p>
<p><strong>SET INCLUDES:</strong> Sherwani, kurta, pajama, and dupatta (where shown).</p>
<p><strong>STITCHING OPTIONS:</strong></p>
<p>&nbsp;&nbsp;&bull; <strong>Standard Size 36-44</strong> (+$23) — we stitch to a standard size before shipping.</p>
<p>&nbsp;&nbsp;&bull; <strong>Custom Stitching</strong> (+$37) — we stitch to your exact measurements (form emailed after order, 4-5 days extra).</p>
<p><strong>CARE:</strong> First Wash Dry Clean. Iron at moderate temperature.</p>
<p><strong>FABRIC:</strong> Silk blend. Approx weight: 2 kg (full set).</p>
<p><strong>SHIPPING:</strong> Ships within 2-3 days (processing). Standard delivery time varies by country. <strong>DHL Express delivers in 3-5 days</strong>. <strong>Free shipping is always Standard</strong> — DHL Express available at checkout for an additional fee.</p>
<p><strong>AVAILABILITY:</strong> <span style=""color:#1a7f37"">✓ In stock</span> — limited edition, available while supplier inventory lasts.</p>
<p><strong>QUESTIONS?</strong> Email <a href=""mailto:hello@luxemia.shop"">hello@luxemia.shop</a>, call <a href=""tel:+12153419990"">+1-215-341-9990</a>, or <a href=""https://wa.me/12153419990"" target=""_blank"">WhatsApp Mini</a> — I answer the phone myself in English, Hindi, or Gujarati.</p>
<p><strong>SEE ALSO:</strong> <a href=""https://luxemia.shop/returns"">Returns policy</a> | <a href=""https://luxemia.shop/size-guide"">Size guide</a> | <a href=""https://luxemia.shop/blog/how-to-measure-for-indian-ethnic-wear"">How to measure</a> | <a href=""https://luxemia.shop/menswear"">Browse all menswear</a></p>
<p>— Mini, founder of LuxeMia</p>",LuxeMia,Clothing,Menswear,"navy blue,silk,festive,embroidery,menswear,indian ethnic wear,usa,ships from india,in stock",TRUE,,,,,2000,shopify,10,deny,manual,296.85,380.58,TRUE,TRUE,LXM-navy-silk-sherwani,https://kesimg.b-cdn.net/images/650/2025y/October/58974/Navy-Blue-Art-Silk-Wedding-Wear-Embroidery-Work-Readymade-Sherwani-4149(1).jpg,1,Navy Blue Embroidered Sherwani with White Churidar Pants,FALSE,Navy Blue Embroidered Sherwani with White Churida… | LuxeMia,Navy blue Embroidered sherwani for festive — $297. Ships in 2-3 days. DHL Express 3-5 days. In stock.,active,https://kesimg.b-cdn.net/images/650/2025y/October/58974/Navy-Blue-Art-Silk-Wedding-Wear-Embroidery-Work-Readymade-Sherwani-4149(1).jpg,kg
baby-pink-cotton-kurta-pajama,Light Pink Digital Print Kurta Pajama with Peach-Colored Dhoti-Style Pants,"<p>Light pink digital print kurta pajama with pajama.</p>
<p>For festive events — Navratri, Diwali, weddings, family functions.</p>
<p><strong>SET INCLUDES:</strong> Kurta and pajama.</p>
<p><strong>STITCHING OPTIONS:</strong></p>
<p>&nbsp;&nbsp;&bull; <strong>Standard Size 36-44</strong> (+$23) — we stitch to a standard size before shipping.</p>
<p>&nbsp;&nbsp;&bull; <strong>Custom Stitching</strong> (+$37) — we stitch to your exact measurements (form emailed after order, 4-5 days extra).</p>
<p><strong>CARE:</strong> First Wash Dry Clean. Iron at moderate temperature.</p>
<p><strong>FABRIC:</strong> Cotton (natural fiber). Approx weight: 2 kg (full set).</p>
<p><strong>SHIPPING:</strong> Ships within 2-3 days (processing). Standard delivery time varies by country. <strong>DHL Express delivers in 3-5 days</strong>. <strong>Free shipping is always Standard</strong> — DHL Express available at checkout for an additional fee.</p>
<p><strong>AVAILABILITY:</strong> <span style=""color:#1a7f37"">✓ In stock</span> — limited edition, available while supplier inventory lasts.</p>
<p><strong>QUESTIONS?</strong> Email <a href=""mailto:hello@luxemia.shop"">hello@luxemia.shop</a>, call <a href=""tel:+12153419990"">+1-215-341-9990</a>, or <a href=""https://wa.me/12153419990"" target=""_blank"">WhatsApp Mini</a> — I answer the phone myself in English, Hindi, or Gujarati.</p>
<p><strong>SEE ALSO:</strong> <a href=""https://luxemia.shop/returns"">Returns policy</a> | <a href=""https://luxemia.shop/size-guide"">Size guide</a> | <a href=""https://luxemia.shop/blog/how-to-measure-for-indian-ethnic-wear"">How to measure</a> | <a href=""https://luxemia.shop/menswear"">Browse all menswear</a></p>
<p>— Mini, founder of LuxeMia</p>",LuxeMia,Clothing,Menswear,"light pink,cotton,festive,digital print,menswear,indian ethnic wear,usa,ships from india,in stock",TRUE,,,,,2000,shopify,10,deny,manual,98.85,133.59,TRUE,TRUE,LXM-baby-pink-cotton-kur,https://kesimg.b-cdn.net/images/650/2025y/December/59783/Baby-Pink-Cotton-Ocassional-Wear-Printed-Work-Readymade-Kurta-Pajama-Combo-Set-(32-to-52-Size-and-1-to-14-Size-1223(1).jpg,1,Light Pink Digital Print Kurta Pajama with Peach-Colored Dhoti-Style Pants,FALSE,Light Pink Digital Print Kurta Pajama with Peach-… | LuxeMia,Light pink Digital Print kurta pajama for festive — $99. Ships in 2-3 days. DHL Express 3-5 days. In stock.,active,https://kesimg.b-cdn.net/images/650/2025y/December/59783/Baby-Pink-Cotton-Ocassional-Wear-Printed-Work-Readymade-Kurta-Pajama-Combo-Set-(32-to-52-Size-and-1-to-14-Size-1223(1).jpg,kg
blue-cotton-kurta-pajama,Light blue Digital Print Kurta Pajama with Father-Son Matching Set,"<p>Light blue digital print kurta pajama with pajama.</p>
<p>For festive events — Navratri, Diwali, weddings, family functions.</p>
<p><strong>SET INCLUDES:</strong> Kurta and pajama.</p>
<p><strong>STITCHING OPTIONS:</strong></p>
<p>&nbsp;&nbsp;&bull; <strong>Standard Size 36-44</strong> (+$23) — we stitch to a standard size before shipping.</p>
<p>&nbsp;&nbsp;&bull; <strong>Custom Stitching</strong> (+$37) — we stitch to your exact measurements (form emailed after order, 4-5 days extra).</p>
<p><strong>CARE:</strong> First Wash Dry Clean. Iron at moderate temperature.</p>
<p><strong>FABRIC:</strong> Cotton (natural fiber). Approx weight: 2 kg (full set).</p>
<p><strong>SHIPPING:</strong> Ships within 2-3 days (processing). Standard delivery time varies by country. <strong>DHL Express delivers in 3-5 days</strong>. <strong>Free shipping is always Standard</strong> — DHL Express available at checkout for an additional fee.</p>
<p><strong>AVAILABILITY:</strong> <span style=""color:#1a7f37"">✓ In stock</span> — limited edition, available while supplier inventory lasts.</p>
<p><strong>QUESTIONS?</strong> Email <a href=""mailto:hello@luxemia.shop"">hello@luxemia.shop</a>, call <a href=""tel:+12153419990"">+1-215-341-9990</a>, or <a href=""https://wa.me/12153419990"" target=""_blank"">WhatsApp Mini</a> — I answer the phone myself in English, Hindi, or Gujarati.</p>
<p><strong>SEE ALSO:</strong> <a href=""https://luxemia.shop/returns"">Returns policy</a> | <a href=""https://luxemia.shop/size-guide"">Size guide</a> | <a href=""https://luxemia.shop/blog/how-to-measure-for-indian-ethnic-wear"">How to measure</a> | <a href=""https://luxemia.shop/menswear"">Browse all menswear</a></p>
<p>— Mini, founder of LuxeMia</p>",LuxeMia,Clothing,Menswear,"light blue,cotton,festive,digital print,menswear,indian ethnic wear,usa,ships from india,in stock",TRUE,,,,,2000,shopify,10,deny,manual,82.35,111.27,TRUE,TRUE,LXM-blue-cotton-kurta-pa,https://kesimg.b-cdn.net/images/650/2025y/December/59783/Blue-Cotton-Ocassional-Wear-Printed-Work-Readymade-Kurta-Pajama-Combo-Set-(32-to-52-Size-and-1-to-14-Size-1222(1).jpg,1,Light blue Digital Print Kurta Pajama with Father-Son Matching Set,FALSE,Light blue Digital Print Kurta Pajama with Father… | LuxeMia,Light blue Digital Print kurta pajama for festive — $82. Ships in 2-3 days. DHL Express 3-5 days. In stock.,active,https://kesimg.b-cdn.net/images/650/2025y/December/59783/Blue-Cotton-Ocassional-Wear-Printed-Work-Readymade-Kurta-Pajama-Combo-Set-(32-to-52-Size-and-1-to-14-Size-1222(1).jpg,kg
black-art-silk-sherwani,Black Embroidered Sherwani with Mandarin Collar,"<p>Black embroidered sherwani with pajama.</p>
<p>For festive events — Navratri, Diwali, weddings, family functions.</p>
<p><strong>SET INCLUDES:</strong> Sherwani, kurta, pajama, and dupatta (where shown).</p>
<p><strong>STITCHING OPTIONS:</strong></p>
<p>&nbsp;&nbsp;&bull; <strong>Standard Size 36-44</strong> (+$23) — we stitch to a standard size before shipping.</p>
<p>&nbsp;&nbsp;&bull; <strong>Custom Stitching</strong> (+$37) — we stitch to your exact measurements (form emailed after order, 4-5 days extra).</p>
<p><strong>CARE:</strong> First Wash Dry Clean. Iron at moderate temperature.</p>
<p><strong>FABRIC:</strong> Art Silk (synthetic). Approx weight: 2 kg (full set).</p>
<p><strong>SHIPPING:</strong> Ships within 2-3 days (processing). Standard delivery time varies by country. <strong>DHL Express delivers in 3-5 days</strong>. <strong>Free shipping is always Standard</strong> — DHL Express available at checkout for an additional fee.</p>
<p><strong>AVAILABILITY:</strong> <span style=""color:#1a7f37"">✓ In stock</span> — limited edition, available while supplier inventory lasts.</p>
<p><strong>QUESTIONS?</strong> Email <a href=""mailto:hello@luxemia.shop"">hello@luxemia.shop</a>, call <a href=""tel:+12153419990"">+1-215-341-9990</a>, or <a href=""https://wa.me/12153419990"" target=""_blank"">WhatsApp Mini</a> — I answer the phone myself in English, Hindi, or Gujarati.</p>
<p><strong>SEE ALSO:</strong> <a href=""https://luxemia.shop/returns"">Returns policy</a> | <a href=""https://luxemia.shop/size-guide"">Size guide</a> | <a href=""https://luxemia.shop/blog/how-to-measure-for-indian-ethnic-wear"">How to measure</a> | <a href=""https://luxemia.shop/menswear"">Browse all menswear</a></p>
<p>— Mini, founder of LuxeMia</p>",LuxeMia,Clothing,Menswear,"black,art silk,festive,embroidery,menswear,indian ethnic wear,usa,ships from india,in stock",TRUE,,,,,2000,shopify,10,deny,manual,296.85,380.58,TRUE,TRUE,LXM-black-art-silk-sherw,https://kesimg.b-cdn.net/images/650/2025y/October/58974/Black-Art-Silk-Wedding-Wear-Embroidery-Work-Readymade-Sherwani-4146(1).jpg,1,Black Embroidered Sherwani with Mandarin Collar,FALSE,Black Embroidered Sherwani with Mandarin Collar | LuxeMia,Black Embroidered sherwani for festive — $297. Ships in 2-3 days. DHL Express 3-5 days. In stock.,active,https://kesimg.b-cdn.net/images/650/2025y/October/58974/Black-Art-Silk-Wedding-Wear-Embroidery-Work-Readymade-Sherwani-4146(1).jpg,kg
white-viscose-kurta-pajama,Off-White or Digital Print Kurta Pajama,"<p>Off-white or digital print kurta pajama with pajama.</p>
<p>For festive events — Navratri, Diwali, weddings, family functions.</p>
<p><strong>SET INCLUDES:</strong> Kurta and pajama.</p>
<p><strong>STITCHING OPTIONS:</strong></p>
<p>&nbsp;&nbsp;&bull; <strong>Standard Size 36-44</strong> (+$23) — we stitch to a standard size before shipping.</p>
<p>&nbsp;&nbsp;&bull; <strong>Custom Stitching</strong> (+$37) — we stitch to your exact measurements (form emailed after order, 4-5 days extra).</p>
<p><strong>CARE:</strong> First Wash Dry Clean. Iron at moderate temperature.</p>
<p><strong>FABRIC:</strong> Viscose (semi-synthetic). Approx weight: 2 kg (full set).</p>
<p><strong>SHIPPING:</strong> Ships within 2-3 days (processing). Standard delivery time varies by country. <strong>DHL Express delivers in 3-5 days</strong>. <strong>Free shipping is always Standard</strong> — DHL Express available at checkout for an additional fee.</p>
<p><strong>AVAILABILITY:</strong> <span style=""color:#1a7f37"">✓ In stock</span> — limited edition, available while supplier inventory lasts.</p>
<p><strong>QUESTIONS?</strong> Email <a href=""mailto:hello@luxemia.shop"">hello@luxemia.shop</a>, call <a href=""tel:+12153419990"">+1-215-341-9990</a>, or <a href=""https://wa.me/12153419990"" target=""_blank"">WhatsApp Mini</a> — I answer the phone myself in English, Hindi, or Gujarati.</p>
<p><strong>SEE ALSO:</strong> <a href=""https://luxemia.shop/returns"">Returns policy</a> | <a href=""https://luxemia.shop/size-guide"">Size guide</a> | <a href=""https://luxemia.shop/blog/how-to-measure-for-indian-ethnic-wear"">How to measure</a> | <a href=""https://luxemia.shop/menswear"">Browse all menswear</a></p>
<p>— Mini, founder of LuxeMia</p>",LuxeMia,Clothing,Menswear,"off-white or,viscose,festive,digital print,menswear,indian ethnic wear,usa,ships from india,in stock",TRUE,,,,,2000,shopify,10,deny,manual,118.35,159.93,TRUE,TRUE,LXM-white-viscose-kurta-,https://kesimg.b-cdn.net/images/650/2025y/December/59783/White-Viscose-Ocassional-Wear-Printed-Work-Readymade-Kurta-Pajama-Combo-Set-(32-to-52-Size-and-1-to-14-Size-1221(1).jpg,1,Off-White or Digital Print Kurta Pajama,FALSE,Off-White or Digital Print Kurta Pajama | LuxeMia,Off-white or Digital Print kurta pajama for festive — $118. Ships in 2-3 days. DHL Express 3-5 days. In stock.,active,https://kesimg.b-cdn.net/images/650/2025y/December/59783/White-Viscose-Ocassional-Wear-Printed-Work-Readymade-Kurta-Pajama-Combo-Set-(32-to-52-Size-and-1-to-14-Size-1221(1).jpg,kg
silk-light-pink-occasional-embroidery-saree,Dusty Rose Mirror Work Saree with Scalloped Hem With Intricate Border,"<p>Dusty rose mirror work saree with blouse piece.</p>
<p>For occasional events — Navratri, Diwali, weddings, family functions.</p>
<p><strong>SET INCLUDES:</strong> Saree with blouse piece and dupatta (where shown).</p>
<p><strong>STITCHING:</strong> Saree is unstitched. Fall and edging available for $10 (request by email after ordering).</p>
<p><strong>CARE:</strong> First Wash Dry Clean. Iron at moderate temperature.</p>
<p><strong>FABRIC:</strong> Silk blend. Approx weight: 2 kg (full set).</p>
<p><strong>SHIPPING:</strong> Ships within 2-3 days (processing). Standard delivery time varies by country. <strong>DHL Express delivers in 3-5 days</strong>. <strong>Free shipping is always Standard</strong> — DHL Express available at checkout for an additional fee.</p>
<p><strong>AVAILABILITY:</strong> <span style=""color:#1a7f37"">✓ In stock</span> — limited edition, available while supplier inventory lasts.</p>
<p><strong>QUESTIONS?</strong> Email <a href=""mailto:hello@luxemia.shop"">hello@luxemia.shop</a>, call <a href=""tel:+12153419990"">+1-215-341-9990</a>, or <a href=""https://wa.me/12153419990"" target=""_blank"">WhatsApp Mini</a> — I answer the phone myself in English, Hindi, or Gujarati.</p>
<p><strong>SEE ALSO:</strong> <a href=""https://luxemia.shop/returns"">Returns policy</a> | <a href=""https://luxemia.shop/size-guide"">Size guide</a> | <a href=""https://luxemia.shop/blog/how-to-measure-for-indian-ethnic-wear"">How to measure</a> | <a href=""https://luxemia.shop/sarees"">Browse all sarees</a></p>
<p>— Mini, founder of LuxeMia</p>",LuxeMia,Clothing,Saree,"dusty rose,silk,occasional,mirror,saree,indian ethnic wear,usa,ships from India,in stock",TRUE,,,,,2000,shopify,10,deny,manual,121.35,155.58,TRUE,TRUE,LXM-silk-light-pink-occa,https://kesimg.b-cdn.net/images/650/2026y/January/59800/Light-Pink-Silk-Occasional-Wear-Embroidery-Work-Saree-3689-6039-C(1).jpg,1,Dusty Rose Mirror Work Saree with Scalloped Hem With Intricate Border,FALSE,Dusty Rose Mirror Work Saree with Scalloped Hem W… | LuxeMia,Dusty rose Mirror Work saree for occasional — $121. Ships in 2-3 days. DHL Express 3-5 days. In stock.,active,https://kesimg.b-cdn.net/images/650/2026y/January/59800/Light-Pink-Silk-Occasional-Wear-Embroidery-Work-Saree-3689-6039-C(1).jpg,kg
silk-green-occasional-embroidery-saree,Sage green Embroidered Saree with Scalloped Hem With Intricate Border,"<p>Sage green embroidered saree with blouse piece.</p>
<p>For occasional events — Navratri, Diwali, weddings, family functions.</p>
<p><strong>SET INCLUDES:</strong> Saree with blouse piece and dupatta (where shown).</p>
<p><strong>STITCHING:</strong> Saree is unstitched. Fall and edging available for $10 (request by email after ordering).</p>
<p><strong>CARE:</strong> First Wash Dry Clean. Iron at moderate temperature.</p>
<p><strong>FABRIC:</strong> Silk blend. Approx weight: 2 kg (full set).</p>
<p><strong>SHIPPING:</strong> Ships within 2-3 days (processing). Standard delivery time varies by country. <strong>DHL Express delivers in 3-5 days</strong>. <strong>Free shipping is always Standard</strong> — DHL Express available at checkout for an additional fee.</p>
<p><strong>AVAILABILITY:</strong> <span style=""color:#1a7f37"">✓ In stock</span> — limited edition, available while supplier inventory lasts.</p>
<p><strong>QUESTIONS?</strong> Email <a href=""mailto:hello@luxemia.shop"">hello@luxemia.shop</a>, call <a href=""tel:+12153419990"">+1-215-341-9990</a>, or <a href=""https://wa.me/12153419990"" target=""_blank"">WhatsApp Mini</a> — I answer the phone myself in English, Hindi, or Gujarati.</p>
<p><strong>SEE ALSO:</strong> <a href=""https://luxemia.shop/returns"">Returns policy</a> | <a href=""https://luxemia.shop/size-guide"">Size guide</a> | <a href=""https://luxemia.shop/blog/how-to-measure-for-indian-ethnic-wear"">How to measure</a> | <a href=""https://luxemia.shop/sarees"">Browse all sarees</a></p>
<p>— Mini, founder of LuxeMia</p>",LuxeMia,Clothing,Saree,"sage green,silk,occasional,embroidery,saree,indian ethnic wear,usa,ships from India,in stock",TRUE,,,,,2000,shopify,10,deny,manual,121.35,155.58,TRUE,TRUE,LXM-silk-green-occasiona,https://kesimg.b-cdn.net/images/650/2026y/January/59800/Green-Silk-Occasional-Wear-Embroidery-Work-Saree-3689-6039-B(1).jpg,1,Sage green Embroidered Saree with Scalloped Hem With Intricate Border,FALSE,Sage green Embroidered Saree with Scalloped Hem W… | LuxeMia,Sage green Embroidered saree for occasional — $121. Ships in 2-3 days. DHL Express 3-5 days. In stock.,active,https://kesimg.b-cdn.net/images/650/2026y/January/59800/Green-Silk-Occasional-Wear-Embroidery-Work-Saree-3689-6039-B(1).jpg,kg
magenta-art-silk-festive-saree,Magenta Saree,"<p>Magenta saree with blouse piece.</p>
<p>For festive events — Navratri, Diwali, weddings, family functions.</p>
<p><strong>SET INCLUDES:</strong> Saree with blouse piece and dupatta (where shown).</p>
<p><strong>STITCHING:</strong> Saree is unstitched. Fall and edging available for $10 (request by email after ordering).</p>
<p><strong>CARE:</strong> First Wash Dry Clean. Iron at moderate temperature.</p>
<p><strong>FABRIC:</strong> Art Silk (synthetic). Approx weight: 2 kg (full set).</p>
<p><strong>SHIPPING:</strong> Ships within 2-3 days (processing). Standard delivery time varies by country. <strong>DHL Express delivers in 3-5 days</strong>. <strong>Free shipping is always Standard</strong> — DHL Express available at checkout for an additional fee.</p>
<p><strong>AVAILABILITY:</strong> <span style=""color:#1a7f37"">✓ In stock</span> — limited edition, available while supplier inventory lasts.</p>
<p><strong>QUESTIONS?</strong> Email <a href=""mailto:hello@luxemia.shop"">hello@luxemia.shop</a>, call <a href=""tel:+12153419990"">+1-215-341-9990</a>, or <a href=""https://wa.me/12153419990"" target=""_blank"">WhatsApp Mini</a> — I answer the phone myself in English, Hindi, or Gujarati.</p>
<p><strong>SEE ALSO:</strong> <a href=""https://luxemia.shop/returns"">Returns policy</a> | <a href=""https://luxemia.shop/size-guide"">Size guide</a> | <a href=""https://luxemia.shop/blog/how-to-measure-for-indian-ethnic-wear"">How to measure</a> | <a href=""https://luxemia.shop/sarees"">Browse all sarees</a></p>
<p>— Mini, founder of LuxeMia</p>",LuxeMia,Clothing,Saree,"magenta,art silk,festive,saree,indian ethnic wear,usa,ships from India,in stock",TRUE,,,,,2000,shopify,10,deny,manual,89.85,124.80,TRUE,TRUE,LXM-magenta-art-silk-fes,https://kesimg.b-cdn.net/images/650/2025y/December/59708/Magenta-Art-Silk-Festival-Wear-Weaving-Work-Saree-Nirmala-Vol-6-3665-K-4277(1).jpg,1,Magenta Saree,FALSE,Magenta Saree | LuxeMia,Magenta saree for festive — $90. Ships in 2-3 days. DHL Express 3-5 days. In stock.,active,https://kesimg.b-cdn.net/images/650/2025y/December/59708/Magenta-Art-Silk-Festival-Wear-Weaving-Work-Saree-Nirmala-Vol-6-3665-K-4277(1).jpg,kg
silk-yellow-occasional-embroidery-saree,Yellow Mirror Work Saree with Scalloped Kundan Border,"<p>Yellow mirror work saree with blouse piece.</p>
<p>For occasional events — Navratri, Diwali, weddings, family functions.</p>
<p><strong>SET INCLUDES:</strong> Saree with blouse piece and dupatta (where shown).</p>
<p><strong>STITCHING:</strong> Saree is unstitched. Fall and edging available for $10 (request by email after ordering).</p>
<p><strong>CARE:</strong> First Wash Dry Clean. Iron at moderate temperature.</p>
<p><strong>FABRIC:</strong> Silk blend. Approx weight: 2 kg (full set).</p>
<p><strong>SHIPPING:</strong> Ships within 2-3 days (processing). Standard delivery time varies by country. <strong>DHL Express delivers in 3-5 days</strong>. <strong>Free shipping is always Standard</strong> — DHL Express available at checkout for an additional fee.</p>
<p><strong>AVAILABILITY:</strong> <span style=""color:#1a7f37"">✓ In stock</span> — limited edition, available while supplier inventory lasts.</p>
<p><strong>QUESTIONS?</strong> Email <a href=""mailto:hello@luxemia.shop"">hello@luxemia.shop</a>, call <a href=""tel:+12153419990"">+1-215-341-9990</a>, or <a href=""https://wa.me/12153419990"" target=""_blank"">WhatsApp Mini</a> — I answer the phone myself in English, Hindi, or Gujarati.</p>
<p><strong>SEE ALSO:</strong> <a href=""https://luxemia.shop/returns"">Returns policy</a> | <a href=""https://luxemia.shop/size-guide"">Size guide</a> | <a href=""https://luxemia.shop/blog/how-to-measure-for-indian-ethnic-wear"">How to measure</a> | <a href=""https://luxemia.shop/sarees"">Browse all sarees</a></p>
<p>— Mini, founder of LuxeMia</p>",LuxeMia,Clothing,Saree,"yellow,silk,occasional,mirror,saree,indian ethnic wear,usa,ships from India,in stock",TRUE,,,,,2000,shopify,10,deny,manual,121.35,155.58,TRUE,TRUE,LXM-silk-yellow-occasion,https://kesimg.b-cdn.net/images/650/2026y/January/59800/Yellow-Silk-Occasional-Wear-Embroidery-Work-Saree-3689-6039-D(1).jpg,1,Yellow Mirror Work Saree with Scalloped Kundan Border,FALSE,Yellow Mirror Work Saree with Scalloped Kundan Bo… | LuxeMia,Yellow Mirror Work saree for occasional — $121. Ships in 2-3 days. DHL Express 3-5 days. In stock.,active,https://kesimg.b-cdn.net/images/650/2026y/January/59800/Yellow-Silk-Occasional-Wear-Embroidery-Work-Saree-3689-6039-D(1).jpg,kg
banarasi-silk-mint-green-festival-weaving-saree,Pastel green Embroidered Saree with Contrasting Pink Blouse,"<p>Pastel green embroidered saree with blouse piece.</p>
<p>For festival events — Navratri, Diwali, weddings, family functions.</p>
<p><strong>SET INCLUDES:</strong> Saree with blouse piece and dupatta (where shown).</p>
<p><strong>STITCHING:</strong> Saree is unstitched. Fall and edging available for $10 (request by email after ordering).</p>
<p><strong>CARE:</strong> First Wash Dry Clean. Iron at moderate temperature.</p>
<p><strong>FABRIC:</strong> Pure Banarasi Silk (handwoven). Approx weight: 2 kg (full set).</p>
<p><strong>SHIPPING:</strong> Ships within 2-3 days (processing). Standard delivery time varies by country. <strong>DHL Express delivers in 3-5 days</strong>. <strong>Free shipping is always Standard</strong> — DHL Express available at checkout for an additional fee.</p>
<p><strong>AVAILABILITY:</strong> <span style=""color:#1a7f37"">✓ In stock</span> — limited edition, available while supplier inventory lasts.</p>
<p><strong>QUESTIONS?</strong> Email <a href=""mailto:hello@luxemia.shop"">hello@luxemia.shop</a>, call <a href=""tel:+12153419990"">+1-215-341-9990</a>, or <a href=""https://wa.me/12153419990"" target=""_blank"">WhatsApp Mini</a> — I answer the phone myself in English, Hindi, or Gujarati.</p>
<p><strong>SEE ALSO:</strong> <a href=""https://luxemia.shop/returns"">Returns policy</a> | <a href=""https://luxemia.shop/size-guide"">Size guide</a> | <a href=""https://luxemia.shop/blog/how-to-measure-for-indian-ethnic-wear"">How to measure</a> | <a href=""https://luxemia.shop/sarees"">Browse all sarees</a></p>
<p>— Mini, founder of LuxeMia</p>",LuxeMia,Clothing,Saree,"pastel green,banarasi silk,festival,embroidery,saree,indian ethnic wear,usa,ships from India,in stock",TRUE,,,,,2000,shopify,10,deny,manual,50.85,66.03,TRUE,TRUE,LXM-banarasi-silk-mint-g,https://kesimg.b-cdn.net/images/650/2025y/December/59780/Mint-Green-Banarasi-Silk-Festival-Wear-Weaving-Work-Saree-Lotus-B(1).jpg,1,Pastel green Embroidered Saree with Contrasting Pink Blouse,FALSE,Pastel green Embroidered Saree with Contrasting P… | LuxeMia,Pastel green Embroidered saree for festival — $51. Ships in 2-3 days. DHL Express 3-5 days. In stock.,active,https://kesimg.b-cdn.net/images/650/2025y/December/59780/Mint-Green-Banarasi-Silk-Festival-Wear-Weaving-Work-Saree-Lotus-B(1).jpg,kg
royal-blue-georgette-party-saree,Royal Blue Saree,"<p>Royal blue saree with blouse piece.</p>
<p>For party events — Navratri, Diwali, weddings, family functions.</p>
<p><strong>SET INCLUDES:</strong> Saree with blouse piece and dupatta (where shown).</p>
<p><strong>STITCHING:</strong> Saree is unstitched. Fall and edging available for $10 (request by email after ordering).</p>
<p><strong>CARE:</strong> First Wash Dry Clean. Iron at moderate temperature.</p>
<p><strong>FABRIC:</strong> Georgette (synthetic). Approx weight: 2 kg (full set).</p>
<p><strong>SHIPPING:</strong> Ships within 2-3 days (processing). Standard delivery time varies by country. <strong>DHL Express delivers in 3-5 days</strong>. <strong>Free shipping is always Standard</strong> — DHL Express available at checkout for an additional fee.</p>
<p><strong>AVAILABILITY:</strong> <span style=""color:#1a7f37"">✓ In stock</span> — limited edition, available while supplier inventory lasts.</p>
<p><strong>QUESTIONS?</strong> Email <a href=""mailto:hello@luxemia.shop"">hello@luxemia.shop</a>, call <a href=""tel:+12153419990"">+1-215-341-9990</a>, or <a href=""https://wa.me/12153419990"" target=""_blank"">WhatsApp Mini</a> — I answer the phone myself in English, Hindi, or Gujarati.</p>
<p><strong>SEE ALSO:</strong> <a href=""https://luxemia.shop/returns"">Returns policy</a> | <a href=""https://luxemia.shop/size-guide"">Size guide</a> | <a href=""https://luxemia.shop/blog/how-to-measure-for-indian-ethnic-wear"">How to measure</a> | <a href=""https://luxemia.shop/sarees"">Browse all sarees</a></p>
<p>— Mini, founder of LuxeMia</p>",LuxeMia,Clothing,Saree,"royal blue,georgette,party,saree,indian ethnic wear,usa,ships from India,in stock",TRUE,,,,,2000,shopify,10,deny,manual,104.85,145.65,TRUE,TRUE,LXM-royal-blue-georgette,https://kesimg.b-cdn.net/images/650/2025y/December/59720/Blue-Georgette-Party-Wear-Sequins-Work-Saree-Nirmala-Vol-7-3668-K-4287(1).jpg,1,Royal Blue Saree,FALSE,Royal Blue Saree | LuxeMia,Royal Blue saree for party — $105. Ships in 2-3 days. DHL Express 3-5 days. In stock.,active,https://kesimg.b-cdn.net/images/650/2025y/December/59720/Blue-Georgette-Party-Wear-Sequins-Work-Saree-Nirmala-Vol-7-3668-K-4287(1).jpg,kg
wine-georgette-party-saree,Wine Saree,"<p>Wine saree with blouse piece.</p>
<p>For party events — Navratri, Diwali, weddings, family functions.</p>
<p><strong>SET INCLUDES:</strong> Saree with blouse piece and dupatta (where shown).</p>
<p><strong>STITCHING:</strong> Saree is unstitched. Fall and edging available for $10 (request by email after ordering).</p>
<p><strong>CARE:</strong> First Wash Dry Clean. Iron at moderate temperature.</p>
<p><strong>FABRIC:</strong> Georgette (synthetic). Approx weight: 2 kg (full set).</p>
<p><strong>SHIPPING:</strong> Ships within 2-3 days (processing). Standard delivery time varies by country. <strong>DHL Express delivers in 3-5 days</strong>. <strong>Free shipping is always Standard</strong> — DHL Express available at checkout for an additional fee.</p>
<p><strong>AVAILABILITY:</strong> <span style=""color:#1a7f37"">✓ In stock</span> — limited edition, available while supplier inventory lasts.</p>
<p><strong>QUESTIONS?</strong> Email <a href=""mailto:hello@luxemia.shop"">hello@luxemia.shop</a>, call <a href=""tel:+12153419990"">+1-215-341-9990</a>, or <a href=""https://wa.me/12153419990"" target=""_blank"">WhatsApp Mini</a> — I answer the phone myself in English, Hindi, or Gujarati.</p>
<p><strong>SEE ALSO:</strong> <a href=""https://luxemia.shop/returns"">Returns policy</a> | <a href=""https://luxemia.shop/size-guide"">Size guide</a> | <a href=""https://luxemia.shop/blog/how-to-measure-for-indian-ethnic-wear"">How to measure</a> | <a href=""https://luxemia.shop/sarees"">Browse all sarees</a></p>
<p>— Mini, founder of LuxeMia</p>",LuxeMia,Clothing,Saree,"wine,georgette,party,saree,indian ethnic wear,usa,ships from India,in stock",TRUE,,,,,2000,shopify,10,deny,manual,104.85,145.65,TRUE,TRUE,LXM-wine-georgette-party,https://kesimg.b-cdn.net/images/650/2025y/December/59720/Wine-Georgette-Party-Wear-Sequins-Work-Saree-Nirmala-Vol-7-3668-K-4286(1).jpg,1,Wine Saree,FALSE,Wine Saree | LuxeMia,Wine saree for party — $105. Ships in 2-3 days. DHL Express 3-5 days. In stock.,active,https://kesimg.b-cdn.net/images/650/2025y/December/59720/Wine-Georgette-Party-Wear-Sequins-Work-Saree-Nirmala-Vol-7-3668-K-4286(1).jpg,kg
emerald-green-georgette-party-saree,Emerald Green Saree,"<p>Emerald green saree with blouse piece.</p>
<p>For party events — Navratri, Diwali, weddings, family functions.</p>
<p><strong>SET INCLUDES:</strong> Saree with blouse piece and dupatta (where shown).</p>
<p><strong>STITCHING:</strong> Saree is unstitched. Fall and edging available for $10 (request by email after ordering).</p>
<p><strong>CARE:</strong> First Wash Dry Clean. Iron at moderate temperature.</p>
<p><strong>FABRIC:</strong> Georgette (synthetic). Approx weight: 2 kg (full set).</p>
<p><strong>SHIPPING:</strong> Ships within 2-3 days (processing). Standard delivery time varies by country. <strong>DHL Express delivers in 3-5 days</strong>. <strong>Free shipping is always Standard</strong> — DHL Express available at checkout for an additional fee.</p>
<p><strong>AVAILABILITY:</strong> <span style=""color:#1a7f37"">✓ In stock</span> — limited edition, available while supplier inventory lasts.</p>
<p><strong>QUESTIONS?</strong> Email <a href=""mailto:hello@luxemia.shop"">hello@luxemia.shop</a>, call <a href=""tel:+12153419990"">+1-215-341-9990</a>, or <a href=""https://wa.me/12153419990"" target=""_blank"">WhatsApp Mini</a> — I answer the phone myself in English, Hindi, or Gujarati.</p>
<p><strong>SEE ALSO:</strong> <a href=""https://luxemia.shop/returns"">Returns policy</a> | <a href=""https://luxemia.shop/size-guide"">Size guide</a> | <a href=""https://luxemia.shop/blog/how-to-measure-for-indian-ethnic-wear"">How to measure</a> | <a href=""https://luxemia.shop/sarees"">Browse all sarees</a></p>
<p>— Mini, founder of LuxeMia</p>",LuxeMia,Clothing,Saree,"emerald green,georgette,party,saree,indian ethnic wear,usa,ships from India,in stock",TRUE,,,,,2000,shopify,10,deny,manual,104.85,145.65,TRUE,TRUE,LXM-emerald-green-george,https://kesimg.b-cdn.net/images/650/2025y/December/59720/Green-Georgette-Party-Wear-Sequins-Work-Saree-Nirmala-Vol-7-3668-K-4285(1).jpg,1,Emerald Green Saree,FALSE,Emerald Green Saree | LuxeMia,Emerald Green saree for party — $105. Ships in 2-3 days. DHL Express 3-5 days. In stock.,active,https://kesimg.b-cdn.net/images/650/2025y/December/59720/Green-Georgette-Party-Wear-Sequins-Work-Saree-Nirmala-Vol-7-3668-K-4285(1).jpg,kg
teal-green-chinnon-silk-sharara-set,Teal Green Sharara Suit with Dupatta,"<p>Teal green sharara suit with dupatta.</p>
<p>For festive events — Navratri, Diwali, weddings, family functions.</p>
<p><strong>SET INCLUDES:</strong> Kurta, bottom (salwar/palazzo/sharara), and dupatta.</p>
<p><strong>STITCHING OPTIONS:</strong></p>
<p>&nbsp;&nbsp;&bull; <strong>Standard Size S-XXL</strong> (+$23) — we stitch to a standard size before shipping.</p>
<p>&nbsp;&nbsp;&bull; <strong>Custom Stitching</strong> (+$37) — we stitch to your exact measurements (form emailed after order, 4-5 days extra).</p>
<p>&nbsp;&nbsp;&bull; <strong>Unstitched</strong> (+$0) — fabric shipped as-is, you arrange stitching locally.</p>
<p><strong>CARE:</strong> First Wash Dry Clean. Iron at moderate temperature.</p>
<p><strong>FABRIC:</strong> Chinnon (synthetic silk blend). Approx weight: 2 kg (full set).</p>
<p><strong>SHIPPING:</strong> Ships within 2-3 days (processing). Standard delivery time varies by country. <strong>DHL Express delivers in 3-5 days</strong>. <strong>Free shipping is always Standard</strong> — DHL Express available at checkout for an additional fee.</p>
<p><strong>AVAILABILITY:</strong> <span style=""color:#1a7f37"">✓ In stock</span> — limited edition, available while supplier inventory lasts.</p>
<p><strong>QUESTIONS?</strong> Email <a href=""mailto:hello@luxemia.shop"">hello@luxemia.shop</a>, call <a href=""tel:+12153419990"">+1-215-341-9990</a>, or <a href=""https://wa.me/12153419990"" target=""_blank"">WhatsApp Mini</a> — I answer the phone myself in English, Hindi, or Gujarati.</p>
<p><strong>SEE ALSO:</strong> <a href=""https://luxemia.shop/returns"">Returns policy</a> | <a href=""https://luxemia.shop/size-guide"">Size guide</a> | <a href=""https://luxemia.shop/blog/how-to-measure-for-indian-ethnic-wear"">How to measure</a> | <a href=""https://luxemia.shop/suits"">Browse all suits</a></p>
<p>— Mini, founder of LuxeMia</p>",LuxeMia,Clothing,Suit,"teal green,chinnon silk,festive,suit,indian ethnic wear,usa,ships from india,in stock",TRUE,,,,,2000,shopify,10,deny,manual,104.97,149.97,TRUE,TRUE,LXM-teal-green-chinnon-s,/images/products/kanchan-chinnon-10200.webp,1,Teal Green Sharara Suit with Dupatta,FALSE,Teal Green Sharara Suit with Dupatta | LuxeMia,Teal Green sharara suit for festive — $105. Ships in 2-3 days. DHL Express 3-5 days. In stock.,active,/images/products/kanchan-chinnon-10200.webp,kg
maroon-roman-silk-anarkali,"Maroon Embroidered Anarkali Suit with Sheer, Embellished Cape-Style Dupatta","<p>Maroon embroidered anarkali suit with dupatta.</p>
<p>For festive events — Navratri, Diwali, weddings, family functions.</p>
<p><strong>SET INCLUDES:</strong> Kurta, bottom (salwar/palazzo/sharara), and dupatta.</p>
<p><strong>STITCHING OPTIONS:</strong></p>
<p>&nbsp;&nbsp;&bull; <strong>Standard Size S-XXL</strong> (+$23) — we stitch to a standard size before shipping.</p>
<p>&nbsp;&nbsp;&bull; <strong>Custom Stitching</strong> (+$37) — we stitch to your exact measurements (form emailed after order, 4-5 days extra).</p>
<p>&nbsp;&nbsp;&bull; <strong>Unstitched</strong> (+$0) — fabric shipped as-is, you arrange stitching locally.</p>
<p><strong>CARE:</strong> First Wash Dry Clean. Iron at moderate temperature.</p>
<p><strong>FABRIC:</strong> Roman Silk (synthetic blend). Approx weight: 2 kg (full set).</p>
<p><strong>SHIPPING:</strong> Ships within 2-3 days (processing). Standard delivery time varies by country. <strong>DHL Express delivers in 3-5 days</strong>. <strong>Free shipping is always Standard</strong> — DHL Express available at checkout for an additional fee.</p>
<p><strong>AVAILABILITY:</strong> <span style=""color:#1a7f37"">✓ In stock</span> — limited edition, available while supplier inventory lasts.</p>
<p><strong>QUESTIONS?</strong> Email <a href=""mailto:hello@luxemia.shop"">hello@luxemia.shop</a>, call <a href=""tel:+12153419990"">+1-215-341-9990</a>, or <a href=""https://wa.me/12153419990"" target=""_blank"">WhatsApp Mini</a> — I answer the phone myself in English, Hindi, or Gujarati.</p>
<p><strong>SEE ALSO:</strong> <a href=""https://luxemia.shop/returns"">Returns policy</a> | <a href=""https://luxemia.shop/size-guide"">Size guide</a> | <a href=""https://luxemia.shop/blog/how-to-measure-for-indian-ethnic-wear"">How to measure</a> | <a href=""https://luxemia.shop/suits"">Browse all suits</a></p>
<p>— Mini, founder of LuxeMia</p>",LuxeMia,Clothing,Suit,"maroon,roman silk,festive,embroidery,suit,indian ethnic wear,usa,ships from india,in stock",TRUE,,,,,2000,shopify,10,deny,manual,77.85,105.21,TRUE,TRUE,LXM-maroon-roman-silk-an,https://kesimg.b-cdn.net/images/650/2025y/December/59703/Maroon-Roman-Silk-Occasional-Wear-Zari-Work-Readymade-Anarkali-Suit-Mitali-Vol-4-5465-3154(1).jpg,1,"Maroon Embroidered Anarkali Suit with Sheer, Embellished Cape-Style Dupatta",FALSE,"Maroon Embroidered Anarkali Suit with Sheer, Embe… | LuxeMia",Maroon Embroidered anarkali suit for festive — $78. Ships in 2-3 days. DHL Express 3-5 days. In stock.,active,https://kesimg.b-cdn.net/images/650/2025y/December/59703/Maroon-Roman-Silk-Occasional-Wear-Zari-Work-Readymade-Anarkali-Suit-Mitali-Vol-4-5465-3154(1).jpg,kg
rust-orange-chinnon-silk-sharara-set,Rust Orange Sharara Suit with Dupatta,"<p>Rust orange sharara suit with dupatta.</p>
<p>For festive events — Navratri, Diwali, weddings, family functions.</p>
<p><strong>SET INCLUDES:</strong> Kurta, bottom (salwar/palazzo/sharara), and dupatta.</p>
<p><strong>STITCHING OPTIONS:</strong></p>
<p>&nbsp;&nbsp;&bull; <strong>Standard Size S-XXL</strong> (+$23) — we stitch to a standard size before shipping.</p>
<p>&nbsp;&nbsp;&bull; <strong>Custom Stitching</strong> (+$37) — we stitch to your exact measurements (form emailed after order, 4-5 days extra).</p>
<p>&nbsp;&nbsp;&bull; <strong>Unstitched</strong> (+$0) — fabric shipped as-is, you arrange stitching locally.</p>
<p><strong>CARE:</strong> First Wash Dry Clean. Iron at moderate temperature.</p>
<p><strong>FABRIC:</strong> Chinnon (synthetic silk blend). Approx weight: 2 kg (full set).</p>
<p><strong>SHIPPING:</strong> Ships within 2-3 days (processing). Standard delivery time varies by country. <strong>DHL Express delivers in 3-5 days</strong>. <strong>Free shipping is always Standard</strong> — DHL Express available at checkout for an additional fee.</p>
<p><strong>AVAILABILITY:</strong> <span style=""color:#1a7f37"">✓ In stock</span> — limited edition, available while supplier inventory lasts.</p>
<p><strong>QUESTIONS?</strong> Email <a href=""mailto:hello@luxemia.shop"">hello@luxemia.shop</a>, call <a href=""tel:+12153419990"">+1-215-341-9990</a>, or <a href=""https://wa.me/12153419990"" target=""_blank"">WhatsApp Mini</a> — I answer the phone myself in English, Hindi, or Gujarati.</p>
<p><strong>SEE ALSO:</strong> <a href=""https://luxemia.shop/returns"">Returns policy</a> | <a href=""https://luxemia.shop/size-guide"">Size guide</a> | <a href=""https://luxemia.shop/blog/how-to-measure-for-indian-ethnic-wear"">How to measure</a> | <a href=""https://luxemia.shop/suits"">Browse all suits</a></p>
<p>— Mini, founder of LuxeMia</p>",LuxeMia,Clothing,Suit,"rust orange,chinnon silk,festive,suit,indian ethnic wear,usa,ships from india,in stock",TRUE,,,,,2000,shopify,10,deny,manual,104.97,149.97,TRUE,TRUE,LXM-rust-orange-chinnon-,/images/products/kanchan-chinnon-10201.webp,1,Rust Orange Sharara Suit with Dupatta,FALSE,Rust Orange Sharara Suit with Dupatta | LuxeMia,Rust Orange sharara suit for festive — $105. Ships in 2-3 days. DHL Express 3-5 days. In stock.,active,/images/products/kanchan-chinnon-10201.webp,kg
green-fendy-silk-casual-anarkali,Sage green Embroidered Anarkali Suit with Contrast Teal Dupatta,"<p>Sage green embroidered anarkali suit with dupatta.</p>
<p>For casual events — Navratri, Diwali, weddings, family functions.</p>
<p><strong>SET INCLUDES:</strong> Kurta, bottom (salwar/palazzo/sharara), and dupatta.</p>
<p><strong>STITCHING OPTIONS:</strong></p>
<p>&nbsp;&nbsp;&bull; <strong>Standard Size S-XXL</strong> (+$23) — we stitch to a standard size before shipping.</p>
<p>&nbsp;&nbsp;&bull; <strong>Custom Stitching</strong> (+$37) — we stitch to your exact measurements (form emailed after order, 4-5 days extra).</p>
<p>&nbsp;&nbsp;&bull; <strong>Unstitched</strong> (+$0) — fabric shipped as-is, you arrange stitching locally.</p>
<p><strong>CARE:</strong> First Wash Dry Clean. Iron at moderate temperature.</p>
<p><strong>FABRIC:</strong> Fendy Silk (synthetic blend). Approx weight: 2 kg (full set).</p>
<p><strong>SHIPPING:</strong> Ships within 2-3 days (processing). Standard delivery time varies by country. <strong>DHL Express delivers in 3-5 days</strong>. <strong>Free shipping is always Standard</strong> — DHL Express available at checkout for an additional fee.</p>
<p><strong>AVAILABILITY:</strong> <span style=""color:#1a7f37"">✓ In stock</span> — limited edition, available while supplier inventory lasts.</p>
<p><strong>QUESTIONS?</strong> Email <a href=""mailto:hello@luxemia.shop"">hello@luxemia.shop</a>, call <a href=""tel:+12153419990"">+1-215-341-9990</a>, or <a href=""https://wa.me/12153419990"" target=""_blank"">WhatsApp Mini</a> — I answer the phone myself in English, Hindi, or Gujarati.</p>
<p><strong>SEE ALSO:</strong> <a href=""https://luxemia.shop/returns"">Returns policy</a> | <a href=""https://luxemia.shop/size-guide"">Size guide</a> | <a href=""https://luxemia.shop/blog/how-to-measure-for-indian-ethnic-wear"">How to measure</a> | <a href=""https://luxemia.shop/suits"">Browse all suits</a></p>
<p>— Mini, founder of LuxeMia</p>",LuxeMia,Clothing,Suit,"sage green,fendy silk,casual,embroidery,suit,indian ethnic wear,usa,ships from india,in stock",TRUE,,,,,2000,shopify,10,deny,manual,80.85,106.38,TRUE,TRUE,LXM-green-fendy-silk-cas,https://kesimg.b-cdn.net/images/650/2025y/December/59743/Green-Fendy-Silk-Casual-Wear-Sequins-Work-Readymade-Anarkali-Suit-Anshika-Vol-2-5519-6101-B(1).jpg,1,Sage green Embroidered Anarkali Suit with Contrast Teal Dupatta,FALSE,Sage green Embroidered Anarkali Suit with Contras… | LuxeMia,Sage green Embroidered anarkali suit for casual — $81. Ships in 2-3 days. DHL Express 3-5 days. In stock.,active,https://kesimg.b-cdn.net/images/650/2025y/December/59743/Green-Fendy-Silk-Casual-Wear-Sequins-Work-Readymade-Anarkali-Suit-Anshika-Vol-2-5519-6101-B(1).jpg,kg
yellow-georgette-anarkali-gown,Yellow Anarkali Suit with Dupatta,"<p>Yellow anarkali suit with dupatta.</p>
<p>For festive events — Navratri, Diwali, weddings, family functions.</p>
<p><strong>SET INCLUDES:</strong> Kurta, bottom (salwar/palazzo/sharara), and dupatta.</p>
<p><strong>STITCHING OPTIONS:</strong></p>
<p>&nbsp;&nbsp;&bull; <strong>Standard Size S-XXL</strong> (+$23) — we stitch to a standard size before shipping.</p>
<p>&nbsp;&nbsp;&bull; <strong>Custom Stitching</strong> (+$37) — we stitch to your exact measurements (form emailed after order, 4-5 days extra).</p>
<p>&nbsp;&nbsp;&bull; <strong>Unstitched</strong> (+$0) — fabric shipped as-is, you arrange stitching locally.</p>
<p><strong>CARE:</strong> First Wash Dry Clean. Iron at moderate temperature.</p>
<p><strong>FABRIC:</strong> Faux Georgette (synthetic). Approx weight: 2 kg (full set).</p>
<p><strong>SHIPPING:</strong> Ships within 2-3 days (processing). Standard delivery time varies by country. <strong>DHL Express delivers in 3-5 days</strong>. <strong>Free shipping is always Standard</strong> — DHL Express available at checkout for an additional fee.</p>
<p><strong>AVAILABILITY:</strong> <span style=""color:#1a7f37"">✓ In stock</span> — limited edition, available while supplier inventory lasts.</p>
<p><strong>QUESTIONS?</strong> Email <a href=""mailto:hello@luxemia.shop"">hello@luxemia.shop</a>, call <a href=""tel:+12153419990"">+1-215-341-9990</a>, or <a href=""https://wa.me/12153419990"" target=""_blank"">WhatsApp Mini</a> — I answer the phone myself in English, Hindi, or Gujarati.</p>
<p><strong>SEE ALSO:</strong> <a href=""https://luxemia.shop/returns"">Returns policy</a> | <a href=""https://luxemia.shop/size-guide"">Size guide</a> | <a href=""https://luxemia.shop/blog/how-to-measure-for-indian-ethnic-wear"">How to measure</a> | <a href=""https://luxemia.shop/suits"">Browse all suits</a></p>
<p>— Mini, founder of LuxeMia</p>",LuxeMia,Clothing,Suit,"yellow,faux georgette,festive,suit,indian ethnic wear,usa,ships from india,in stock",TRUE,,,,,2000,shopify,10,deny,manual,100.35,137.46,TRUE,TRUE,LXM-yellow-georgette-ana,https://kesimg.b-cdn.net/images/650/2025y/December/59679/Yellow-Faux-Georgette-Casual-Wear-Embroidery-Work-Anarkali-Gown-KB-3307-Colour,1,Yellow Anarkali Suit with Dupatta,FALSE,Yellow Anarkali Suit with Dupatta | LuxeMia,Yellow anarkali suit for festive — $100. Ships in 2-3 days. DHL Express 3-5 days. In stock.,active,https://kesimg.b-cdn.net/images/650/2025y/December/59679/Yellow-Faux-Georgette-Casual-Wear-Embroidery-Work-Anarkali-Gown-KB-3307-Colour,kg
dusty-pink-fendy-silk-casual-anarkali,Lavender Embroidered Anarkali Suit with Matching Ombre Dupatta,"<p>Lavender embroidered anarkali suit with dupatta.</p>
<p>For casual events — Navratri, Diwali, weddings, family functions.</p>
<p><strong>SET INCLUDES:</strong> Kurta, bottom (salwar/palazzo/sharara), and dupatta.</p>
<p><strong>STITCHING OPTIONS:</strong></p>
<p>&nbsp;&nbsp;&bull; <strong>Standard Size S-XXL</strong> (+$23) — we stitch to a standard size before shipping.</p>
<p>&nbsp;&nbsp;&bull; <strong>Custom Stitching</strong> (+$37) — we stitch to your exact measurements (form emailed after order, 4-5 days extra).</p>
<p>&nbsp;&nbsp;&bull; <strong>Unstitched</strong> (+$0) — fabric shipped as-is, you arrange stitching locally.</p>
<p><strong>CARE:</strong> First Wash Dry Clean. Iron at moderate temperature.</p>
<p><strong>FABRIC:</strong> Fendy Silk (synthetic blend). Approx weight: 2 kg (full set).</p>
<p><strong>SHIPPING:</strong> Ships within 2-3 days (processing). Standard delivery time varies by country. <strong>DHL Express delivers in 3-5 days</strong>. <strong>Free shipping is always Standard</strong> — DHL Express available at checkout for an additional fee.</p>
<p><strong>AVAILABILITY:</strong> <span style=""color:#1a7f37"">✓ In stock</span> — limited edition, available while supplier inventory lasts.</p>
<p><strong>QUESTIONS?</strong> Email <a href=""mailto:hello@luxemia.shop"">hello@luxemia.shop</a>, call <a href=""tel:+12153419990"">+1-215-341-9990</a>, or <a href=""https://wa.me/12153419990"" target=""_blank"">WhatsApp Mini</a> — I answer the phone myself in English, Hindi, or Gujarati.</p>
<p><strong>SEE ALSO:</strong> <a href=""https://luxemia.shop/returns"">Returns policy</a> | <a href=""https://luxemia.shop/size-guide"">Size guide</a> | <a href=""https://luxemia.shop/blog/how-to-measure-for-indian-ethnic-wear"">How to measure</a> | <a href=""https://luxemia.shop/suits"">Browse all suits</a></p>
<p>— Mini, founder of LuxeMia</p>",LuxeMia,Clothing,Suit,"lavender,fendy silk,casual,embroidery,suit,indian ethnic wear,usa,ships from india,in stock",TRUE,,,,,2000,shopify,10,deny,manual,80.85,106.38,TRUE,TRUE,LXM-dusty-pink-fendy-sil,https://kesimg.b-cdn.net/images/650/2025y/December/59743/Dusty-Pink-Fendy-Silk-Casual-Wear-Sequins-Work-Readymade-Anarkali-Suit-Anshika-Vol-2-5519-6101-A(1).jpg,1,Lavender Embroidered Anarkali Suit with Matching Ombre Dupatta,FALSE,Lavender Embroidered Anarkali Suit with Matching… | LuxeMia,Lavender Embroidered anarkali suit for casual — $81. Ships in 2-3 days. DHL Express 3-5 days. In stock.,active,https://kesimg.b-cdn.net/images/650/2025y/December/59743/Dusty-Pink-Fendy-Silk-Casual-Wear-Sequins-Work-Readymade-Anarkali-Suit-Anshika-Vol-2-5519-6101-A(1).jpg,kg
sky-blue-georgette-anarkali-gown,Sky Blue Anarkali Suit with Dupatta,"<p>Sky blue anarkali suit with dupatta.</p>
<p>For festive events — Navratri, Diwali, weddings, family functions.</p>
<p><strong>SET INCLUDES:</strong> Kurta, bottom (salwar/palazzo/sharara), and dupatta.</p>
<p><strong>STITCHING OPTIONS:</strong></p>
<p>&nbsp;&nbsp;&bull; <strong>Standard Size S-XXL</strong> (+$23) — we stitch to a standard size before shipping.</p>
<p>&nbsp;&nbsp;&bull; <strong>Custom Stitching</strong> (+$37) — we stitch to your exact measurements (form emailed after order, 4-5 days extra).</p>
<p>&nbsp;&nbsp;&bull; <strong>Unstitched</strong> (+$0) — fabric shipped as-is, you arrange stitching locally.</p>
<p><strong>CARE:</strong> First Wash Dry Clean. Iron at moderate temperature.</p>
<p><strong>FABRIC:</strong> Faux Georgette (synthetic). Approx weight: 2 kg (full set).</p>
<p><strong>SHIPPING:</strong> Ships within 2-3 days (processing). Standard delivery time varies by country. <strong>DHL Express delivers in 3-5 days</strong>. <strong>Free shipping is always Standard</strong> — DHL Express available at checkout for an additional fee.</p>
<p><strong>AVAILABILITY:</strong> <span style=""color:#1a7f37"">✓ In stock</span> — limited edition, available while supplier inventory lasts.</p>
<p><strong>QUESTIONS?</strong> Email <a href=""mailto:hello@luxemia.shop"">hello@luxemia.shop</a>, call <a href=""tel:+12153419990"">+1-215-341-9990</a>, or <a href=""https://wa.me/12153419990"" target=""_blank"">WhatsApp Mini</a> — I answer the phone myself in English, Hindi, or Gujarati.</p>
<p><strong>SEE ALSO:</strong> <a href=""https://luxemia.shop/returns"">Returns policy</a> | <a href=""https://luxemia.shop/size-guide"">Size guide</a> | <a href=""https://luxemia.shop/blog/how-to-measure-for-indian-ethnic-wear"">How to measure</a> | <a href=""https://luxemia.shop/suits"">Browse all suits</a></p>
<p>— Mini, founder of LuxeMia</p>",LuxeMia,Clothing,Suit,"sky blue,faux georgette,festive,suit,indian ethnic wear,usa,ships from india,in stock",TRUE,,,,,2000,shopify,10,deny,manual,100.35,137.46,TRUE,TRUE,LXM-sky-blue-georgette-a,https://kesimg.b-cdn.net/images/650/2025y/December/59679/Sky-Blue-Faux-Georgette-Casual-Wear-Embroidery-Work-Anarkali-Gown-KB-3307-Colour,1,Sky Blue Anarkali Suit with Dupatta,FALSE,Sky Blue Anarkali Suit with Dupatta | LuxeMia,Sky Blue anarkali suit for festive — $100. Ships in 2-3 days. DHL Express 3-5 days. In stock.,active,https://kesimg.b-cdn.net/images/650/2025y/December/59679/Sky-Blue-Faux-Georgette-Casual-Wear-Embroidery-Work-Anarkali-Gown-KB-3307-Colour,kg
jwl-008,Maroon Embroidered Necklace Set with Elaborate Kundan Jewelry Set With,"<p>Maroon embroidered necklace set.</p>
<p>For festive events — Navratri, Diwali, weddings, family functions.</p>
<p><strong>SET INCLUDES:</strong> Necklace and matching earrings (where shown).</p>
<p><strong>STITCHING:</strong> Not applicable — jewelry is ready to wear. Adjustable fit where shown.</p>
<p><strong>CARE:</strong> First Wash Dry Clean. Iron at moderate temperature.</p>
<p><strong>MATERIAL:</strong> Gold-plated brass with stones. Approx weight: 200g.</p>
<p><strong>SHIPPING:</strong> Ships within 2-3 days (processing). Standard delivery time varies by country. <strong>DHL Express delivers in 3-5 days</strong>. <strong>Free shipping is always Standard</strong> — DHL Express available at checkout for an additional fee.</p>
<p><strong>AVAILABILITY:</strong> <span style=""color:#1a7f37"">✓ In stock</span> — limited edition, available while supplier inventory lasts.</p>
<p><strong>QUESTIONS?</strong> Email <a href=""mailto:hello@luxemia.shop"">hello@luxemia.shop</a>, call <a href=""tel:+12153419990"">+1-215-341-9990</a>, or <a href=""https://wa.me/12153419990"" target=""_blank"">WhatsApp Mini</a> — I answer the phone myself in English, Hindi, or Gujarati.</p>
<p><strong>SEE ALSO:</strong> <a href=""https://luxemia.shop/returns"">Returns policy</a> | <a href=""https://luxemia.shop/size-guide"">Size guide</a> | <a href=""https://luxemia.shop/blog/how-to-measure-for-indian-ethnic-wear"">How to measure</a> | <a href=""https://luxemia.shop/jewelry"">Browse all jewelry</a></p>
<p>— Mini, founder of LuxeMia</p>",LuxeMia,Accessories,Jewelry,"maroon,festive,embroidery,jewelry,indian ethnic wear,usa,ships from india,in stock",TRUE,,,,,2000,shopify,10,deny,manual,63.00,83.00,TRUE,TRUE,LXM-jwl-008,https://kesimg.b-cdn.net/images/650/2025y/December/59472/Maroon--Wedding-Wear-Kundan-Beauty-Necklace-Set-FNKN103MRN(1).jpg,1,Maroon Embroidered Necklace Set with Elaborate Kundan Jewelry Set With,FALSE,Maroon Embroidered Necklace Set with Elaborate Ku… | LuxeMia,Maroon Embroidered necklace set for festive — $63. Ships in 2-3 days. DHL Express 3-5 days. In stock.,active,https://kesimg.b-cdn.net/images/650/2025y/December/59472/Maroon--Wedding-Wear-Kundan-Beauty-Necklace-Set-FNKN103MRN(1).jpg,kg
jwl-004,Gold Mirror Work Necklace Set with Green Bead,"<p>Gold mirror work necklace set.</p>
<p>For festive events — Navratri, Diwali, weddings, family functions.</p>
<p><strong>SET INCLUDES:</strong> Necklace and matching earrings (where shown).</p>
<p><strong>STITCHING:</strong> Not applicable — jewelry is ready to wear. Adjustable fit where shown.</p>
<p><strong>CARE:</strong> First Wash Dry Clean. Iron at moderate temperature.</p>
<p><strong>MATERIAL:</strong> Gold-plated brass with stones. Approx weight: 200g.</p>
<p><strong>SHIPPING:</strong> Ships within 2-3 days (processing). Standard delivery time varies by country. <strong>DHL Express delivers in 3-5 days</strong>. <strong>Free shipping is always Standard</strong> — DHL Express available at checkout for an additional fee.</p>
<p><strong>AVAILABILITY:</strong> <span style=""color:#1a7f37"">✓ In stock</span> — limited edition, available while supplier inventory lasts.</p>
<p><strong>QUESTIONS?</strong> Email <a href=""mailto:hello@luxemia.shop"">hello@luxemia.shop</a>, call <a href=""tel:+12153419990"">+1-215-341-9990</a>, or <a href=""https://wa.me/12153419990"" target=""_blank"">WhatsApp Mini</a> — I answer the phone myself in English, Hindi, or Gujarati.</p>
<p><strong>SEE ALSO:</strong> <a href=""https://luxemia.shop/returns"">Returns policy</a> | <a href=""https://luxemia.shop/size-guide"">Size guide</a> | <a href=""https://luxemia.shop/blog/how-to-measure-for-indian-ethnic-wear"">How to measure</a> | <a href=""https://luxemia.shop/jewelry"">Browse all jewelry</a></p>
<p>— Mini, founder of LuxeMia</p>",LuxeMia,Accessories,Jewelry,"gold,festive,mirror,jewelry,indian ethnic wear,usa,ships from india,in stock",TRUE,,,,,2000,shopify,10,deny,manual,56.00,74.00,TRUE,TRUE,LXM-jwl-004,https://kesimg.b-cdn.net/images/650/2025y/December/59471/Dark-Green--Wedding-Wear-Kundan-Ethnic-Design-Necklace-Set-FNKN102GRN(1).jpg,1,Gold Mirror Work Necklace Set with Green Bead,FALSE,Gold Mirror Work Necklace Set with Green Bead | LuxeMia,Gold Mirror Work necklace set for festive — $56. Ships in 2-3 days. DHL Express 3-5 days. In stock.,active,https://kesimg.b-cdn.net/images/650/2025y/December/59471/Dark-Green--Wedding-Wear-Kundan-Ethnic-Design-Necklace-Set-FNKN102GRN(1).jpg,kg
jwl-005,Mustard Yellow Embroidered Necklace Set with Dupatta,"<p>Mustard yellow embroidered necklace set.</p>
<p>For festive events — Navratri, Diwali, weddings, family functions.</p>
<p><strong>SET INCLUDES:</strong> Necklace and matching earrings (where shown).</p>
<p><strong>STITCHING:</strong> Not applicable — jewelry is ready to wear. Adjustable fit where shown.</p>
<p><strong>CARE:</strong> First Wash Dry Clean. Iron at moderate temperature.</p>
<p><strong>MATERIAL:</strong> Gold-plated brass with stones. Approx weight: 200g.</p>
<p><strong>SHIPPING:</strong> Ships within 2-3 days (processing). Standard delivery time varies by country. <strong>DHL Express delivers in 3-5 days</strong>. <strong>Free shipping is always Standard</strong> — DHL Express available at checkout for an additional fee.</p>
<p><strong>AVAILABILITY:</strong> <span style=""color:#1a7f37"">✓ In stock</span> — limited edition, available while supplier inventory lasts.</p>
<p><strong>QUESTIONS?</strong> Email <a href=""mailto:hello@luxemia.shop"">hello@luxemia.shop</a>, call <a href=""tel:+12153419990"">+1-215-341-9990</a>, or <a href=""https://wa.me/12153419990"" target=""_blank"">WhatsApp Mini</a> — I answer the phone myself in English, Hindi, or Gujarati.</p>
<p><strong>SEE ALSO:</strong> <a href=""https://luxemia.shop/returns"">Returns policy</a> | <a href=""https://luxemia.shop/size-guide"">Size guide</a> | <a href=""https://luxemia.shop/blog/how-to-measure-for-indian-ethnic-wear"">How to measure</a> | <a href=""https://luxemia.shop/jewelry"">Browse all jewelry</a></p>
<p>— Mini, founder of LuxeMia</p>",LuxeMia,Accessories,Jewelry,"mustard yellow,festive,embroidery,jewelry,indian ethnic wear,usa,ships from india,in stock",TRUE,,,,,2000,shopify,10,deny,manual,63.00,83.00,TRUE,TRUE,LXM-jwl-005,https://kesimg.b-cdn.net/images/650/2025y/December/59472/Yellow--Wedding-Wear-Kundan-Beauty-Necklace-Set-FNKN103YLW(1).jpg,1,Mustard Yellow Embroidered Necklace Set with Dupatta,FALSE,Mustard Yellow Embroidered Necklace Set with Dupa… | LuxeMia,Mustard yellow Embroidered necklace set for festive — $63. Ships in 2-3 days. DHL Express 3-5 days. In stock.,active,https://kesimg.b-cdn.net/images/650/2025y/December/59472/Yellow--Wedding-Wear-Kundan-Beauty-Necklace-Set-FNKN103YLW(1).jpg,kg
jwl-006,Emerald Green Embroidered Necklace Set with Matching Zari-Woven Dupatta,"<p>Emerald green embroidered necklace set.</p>
<p>For festive events — Navratri, Diwali, weddings, family functions.</p>
<p><strong>SET INCLUDES:</strong> Necklace and matching earrings (where shown).</p>
<p><strong>STITCHING:</strong> Not applicable — jewelry is ready to wear. Adjustable fit where shown.</p>
<p><strong>CARE:</strong> First Wash Dry Clean. Iron at moderate temperature.</p>
<p><strong>MATERIAL:</strong> Gold-plated brass with stones. Approx weight: 200g.</p>
<p><strong>SHIPPING:</strong> Ships within 2-3 days (processing). Standard delivery time varies by country. <strong>DHL Express delivers in 3-5 days</strong>. <strong>Free shipping is always Standard</strong> — DHL Express available at checkout for an additional fee.</p>
<p><strong>AVAILABILITY:</strong> <span style=""color:#1a7f37"">✓ In stock</span> — limited edition, available while supplier inventory lasts.</p>
<p><strong>QUESTIONS?</strong> Email <a href=""mailto:hello@luxemia.shop"">hello@luxemia.shop</a>, call <a href=""tel:+12153419990"">+1-215-341-9990</a>, or <a href=""https://wa.me/12153419990"" target=""_blank"">WhatsApp Mini</a> — I answer the phone myself in English, Hindi, or Gujarati.</p>
<p><strong>SEE ALSO:</strong> <a href=""https://luxemia.shop/returns"">Returns policy</a> | <a href=""https://luxemia.shop/size-guide"">Size guide</a> | <a href=""https://luxemia.shop/blog/how-to-measure-for-indian-ethnic-wear"">How to measure</a> | <a href=""https://luxemia.shop/jewelry"">Browse all jewelry</a></p>
<p>— Mini, founder of LuxeMia</p>",LuxeMia,Accessories,Jewelry,"emerald green,festive,embroidery,jewelry,indian ethnic wear,usa,ships from india,in stock",TRUE,,,,,2000,shopify,10,deny,manual,63.00,83.00,TRUE,TRUE,LXM-jwl-006,https://kesimg.b-cdn.net/images/650/2025y/December/59472/White--Wedding-Wear-Kundan-Beauty-Necklace-Set-FNKN103WHT(1).jpg,1,Emerald Green Embroidered Necklace Set with Matching Zari-Woven Dupatta,FALSE,Emerald Green Embroidered Necklace Set with Match… | LuxeMia,Emerald green Embroidered necklace set for festive — $63. Ships in 2-3 days. DHL Express 3-5 days. In stock.,active,https://kesimg.b-cdn.net/images/650/2025y/December/59472/White--Wedding-Wear-Kundan-Beauty-Necklace-Set-FNKN103WHT(1).jpg,kg
jwl-007,Sage green Embroidered Necklace Set with Matching Potli Bag,"<p>Sage green embroidered necklace set.</p>
<p>For festive events — Navratri, Diwali, weddings, family functions.</p>
<p><strong>SET INCLUDES:</strong> Necklace and matching earrings (where shown).</p>
<p><strong>STITCHING:</strong> Not applicable — jewelry is ready to wear. Adjustable fit where shown.</p>
<p><strong>CARE:</strong> First Wash Dry Clean. Iron at moderate temperature.</p>
<p><strong>MATERIAL:</strong> Gold-plated brass with stones. Approx weight: 200g.</p>
<p><strong>SHIPPING:</strong> Ships within 2-3 days (processing). Standard delivery time varies by country. <strong>DHL Express delivers in 3-5 days</strong>. <strong>Free shipping is always Standard</strong> — DHL Express available at checkout for an additional fee.</p>
<p><strong>AVAILABILITY:</strong> <span style=""color:#1a7f37"">✓ In stock</span> — limited edition, available while supplier inventory lasts.</p>
<p><strong>QUESTIONS?</strong> Email <a href=""mailto:hello@luxemia.shop"">hello@luxemia.shop</a>, call <a href=""tel:+12153419990"">+1-215-341-9990</a>, or <a href=""https://wa.me/12153419990"" target=""_blank"">WhatsApp Mini</a> — I answer the phone myself in English, Hindi, or Gujarati.</p>
<p><strong>SEE ALSO:</strong> <a href=""https://luxemia.shop/returns"">Returns policy</a> | <a href=""https://luxemia.shop/size-guide"">Size guide</a> | <a href=""https://luxemia.shop/blog/how-to-measure-for-indian-ethnic-wear"">How to measure</a> | <a href=""https://luxemia.shop/jewelry"">Browse all jewelry</a></p>
<p>— Mini, founder of LuxeMia</p>",LuxeMia,Accessories,Jewelry,"sage green,festive,embroidery,jewelry,indian ethnic wear,usa,ships from india,in stock",TRUE,,,,,2000,shopify,10,deny,manual,63.00,83.00,TRUE,TRUE,LXM-jwl-007,https://kesimg.b-cdn.net/images/650/2025y/December/59472/Pista-Green--Wedding-Wear-Kundan-Beauty-Necklace-Set-FNKN103PGRN(1).jpg,1,Sage green Embroidered Necklace Set with Matching Potli Bag,FALSE,Sage green Embroidered Necklace Set with Matching… | LuxeMia,Sage green Embroidered necklace set for festive — $63. Ships in 2-3 days. DHL Express 3-5 days. In stock.,active,https://kesimg.b-cdn.net/images/650/2025y/December/59472/Pista-Green--Wedding-Wear-Kundan-Beauty-Necklace-Set-FNKN103PGRN(1).jpg,kg
jwl-009,Red Embroidered Necklace Set with Heavy Kundan Jewelry Set,"<p>Red embroidered necklace set.</p>
<p>For festive events — Navratri, Diwali, weddings, family functions.</p>
<p><strong>SET INCLUDES:</strong> Necklace and matching earrings (where shown).</p>
<p><strong>STITCHING:</strong> Not applicable — jewelry is ready to wear. Adjustable fit where shown.</p>
<p><strong>CARE:</strong> First Wash Dry Clean. Iron at moderate temperature.</p>
<p><strong>MATERIAL:</strong> Gold-plated brass with stones. Approx weight: 200g.</p>
<p><strong>SHIPPING:</strong> Ships within 2-3 days (processing). Standard delivery time varies by country. <strong>DHL Express delivers in 3-5 days</strong>. <strong>Free shipping is always Standard</strong> — DHL Express available at checkout for an additional fee.</p>
<p><strong>AVAILABILITY:</strong> <span style=""color:#1a7f37"">✓ In stock</span> — limited edition, available while supplier inventory lasts.</p>
<p><strong>QUESTIONS?</strong> Email <a href=""mailto:hello@luxemia.shop"">hello@luxemia.shop</a>, call <a href=""tel:+12153419990"">+1-215-341-9990</a>, or <a href=""https://wa.me/12153419990"" target=""_blank"">WhatsApp Mini</a> — I answer the phone myself in English, Hindi, or Gujarati.</p>
<p><strong>SEE ALSO:</strong> <a href=""https://luxemia.shop/returns"">Returns policy</a> | <a href=""https://luxemia.shop/size-guide"">Size guide</a> | <a href=""https://luxemia.shop/blog/how-to-measure-for-indian-ethnic-wear"">How to measure</a> | <a href=""https://luxemia.shop/jewelry"">Browse all jewelry</a></p>
<p>— Mini, founder of LuxeMia</p>",LuxeMia,Accessories,Jewelry,"red,festive,embroidery,jewelry,indian ethnic wear,usa,ships from india,in stock",TRUE,,,,,2000,shopify,10,deny,manual,63.00,83.00,TRUE,TRUE,LXM-jwl-009,https://kesimg.b-cdn.net/images/650/2025y/December/59472/Multi-Color--Wedding-Wear-Kundan-Beauty-Necklace-Set-FNKN103MG(1).jpg,1,Red Embroidered Necklace Set with Heavy Kundan Jewelry Set,FALSE,Red Embroidered Necklace Set with Heavy Kundan Je… | LuxeMia,Red Embroidered necklace set for festive — $63. Ships in 2-3 days. DHL Express 3-5 days. In stock.,active,https://kesimg.b-cdn.net/images/650/2025y/December/59472/Multi-Color--Wedding-Wear-Kundan-Beauty-Necklace-Set-FNKN103MG(1).jpg,kg
jwl-010,Emerald Green Embroidered Necklace Set with Dupatta,"<p>Emerald green embroidered necklace set.</p>
<p>For festive events — Navratri, Diwali, weddings, family functions.</p>
<p><strong>SET INCLUDES:</strong> Necklace and matching earrings (where shown).</p>
<p><strong>STITCHING:</strong> Not applicable — jewelry is ready to wear. Adjustable fit where shown.</p>
<p><strong>CARE:</strong> First Wash Dry Clean. Iron at moderate temperature.</p>
<p><strong>MATERIAL:</strong> Gold-plated brass with stones. Approx weight: 200g.</p>
<p><strong>SHIPPING:</strong> Ships within 2-3 days (processing). Standard delivery time varies by country. <strong>DHL Express delivers in 3-5 days</strong>. <strong>Free shipping is always Standard</strong> — DHL Express available at checkout for an additional fee.</p>
<p><strong>AVAILABILITY:</strong> <span style=""color:#1a7f37"">✓ In stock</span> — limited edition, available while supplier inventory lasts.</p>
<p><strong>QUESTIONS?</strong> Email <a href=""mailto:hello@luxemia.shop"">hello@luxemia.shop</a>, call <a href=""tel:+12153419990"">+1-215-341-9990</a>, or <a href=""https://wa.me/12153419990"" target=""_blank"">WhatsApp Mini</a> — I answer the phone myself in English, Hindi, or Gujarati.</p>
<p><strong>SEE ALSO:</strong> <a href=""https://luxemia.shop/returns"">Returns policy</a> | <a href=""https://luxemia.shop/size-guide"">Size guide</a> | <a href=""https://luxemia.shop/blog/how-to-measure-for-indian-ethnic-wear"">How to measure</a> | <a href=""https://luxemia.shop/jewelry"">Browse all jewelry</a></p>
<p>— Mini, founder of LuxeMia</p>",LuxeMia,Accessories,Jewelry,"emerald green,festive,embroidery,jewelry,indian ethnic wear,usa,ships from india,in stock",TRUE,,,,,2000,shopify,10,deny,manual,63.00,83.00,TRUE,TRUE,LXM-jwl-010,https://kesimg.b-cdn.net/images/650/2025y/December/59472/Dark-Green--Wedding-Wear-Kundan-Beauty-Necklace-Set-FNKN103GRN(1).jpg,1,Emerald Green Embroidered Necklace Set with Dupatta,FALSE,Emerald Green Embroidered Necklace Set with Dupat… | LuxeMia,Emerald green Embroidered necklace set for festive — $63. Ships in 2-3 days. DHL Express 3-5 days. In stock.,active,https://kesimg.b-cdn.net/images/650/2025y/December/59472/Dark-Green--Wedding-Wear-Kundan-Beauty-Necklace-Set-FNKN103GRN(1).jpg,kg
jwl-016,Yellow Zari Work Necklace Set with Kundan Border,"<p>Yellow zari work necklace set.</p>
<p>For festive events — Navratri, Diwali, weddings, family functions.</p>
<p><strong>SET INCLUDES:</strong> Necklace and matching earrings (where shown).</p>
<p><strong>STITCHING:</strong> Not applicable — jewelry is ready to wear. Adjustable fit where shown.</p>
<p><strong>CARE:</strong> First Wash Dry Clean. Iron at moderate temperature.</p>
<p><strong>MATERIAL:</strong> Gold-plated brass with stones. Approx weight: 200g.</p>
<p><strong>SHIPPING:</strong> Ships within 2-3 days (processing). Standard delivery time varies by country. <strong>DHL Express delivers in 3-5 days</strong>. <strong>Free shipping is always Standard</strong> — DHL Express available at checkout for an additional fee.</p>
<p><strong>AVAILABILITY:</strong> <span style=""color:#1a7f37"">✓ In stock</span> — limited edition, available while supplier inventory lasts.</p>
<p><strong>QUESTIONS?</strong> Email <a href=""mailto:hello@luxemia.shop"">hello@luxemia.shop</a>, call <a href=""tel:+12153419990"">+1-215-341-9990</a>, or <a href=""https://wa.me/12153419990"" target=""_blank"">WhatsApp Mini</a> — I answer the phone myself in English, Hindi, or Gujarati.</p>
<p><strong>SEE ALSO:</strong> <a href=""https://luxemia.shop/returns"">Returns policy</a> | <a href=""https://luxemia.shop/size-guide"">Size guide</a> | <a href=""https://luxemia.shop/blog/how-to-measure-for-indian-ethnic-wear"">How to measure</a> | <a href=""https://luxemia.shop/jewelry"">Browse all jewelry</a></p>
<p>— Mini, founder of LuxeMia</p>",LuxeMia,Accessories,Jewelry,"yellow,festive,zari,jewelry,indian ethnic wear,usa,ships from india,in stock",TRUE,,,,,2000,shopify,10,deny,manual,70.00,92.00,TRUE,TRUE,LXM-jwl-016,https://kesimg.b-cdn.net/images/650/2025y/December/59473/Yellow--Wedding-Wear-Kundan-Royal-Necklace-Set-FNKN107YLW(1).jpg,1,Yellow Zari Work Necklace Set with Kundan Border,FALSE,Yellow Zari Work Necklace Set with Kundan Border | LuxeMia,Yellow Zari Work necklace set for festive — $70. Ships in 2-3 days. DHL Express 3-5 days. In stock.,active,https://kesimg.b-cdn.net/images/650/2025y/December/59473/Yellow--Wedding-Wear-Kundan-Royal-Necklace-Set-FNKN107YLW(1).jpg,kg
jwl-023,Silver/White Kundan Work Necklace Set with Includes A Matching Maang Tikka,"<p>Silver/white kundan work necklace set.</p>
<p>For festive events — Navratri, Diwali, weddings, family functions.</p>
<p><strong>SET INCLUDES:</strong> Necklace and matching earrings (where shown).</p>
<p><strong>STITCHING:</strong> Not applicable — jewelry is ready to wear. Adjustable fit where shown.</p>
<p><strong>CARE:</strong> First Wash Dry Clean. Iron at moderate temperature.</p>
<p><strong>MATERIAL:</strong> Gold-plated brass with stones. Approx weight: 200g.</p>
<p><strong>SHIPPING:</strong> Ships within 2-3 days (processing). Standard delivery time varies by country. <strong>DHL Express delivers in 3-5 days</strong>. <strong>Free shipping is always Standard</strong> — DHL Express available at checkout for an additional fee.</p>
<p><strong>AVAILABILITY:</strong> <span style=""color:#1a7f37"">✓ In stock</span> — limited edition, available while supplier inventory lasts.</p>
<p><strong>QUESTIONS?</strong> Email <a href=""mailto:hello@luxemia.shop"">hello@luxemia.shop</a>, call <a href=""tel:+12153419990"">+1-215-341-9990</a>, or <a href=""https://wa.me/12153419990"" target=""_blank"">WhatsApp Mini</a> — I answer the phone myself in English, Hindi, or Gujarati.</p>
<p><strong>SEE ALSO:</strong> <a href=""https://luxemia.shop/returns"">Returns policy</a> | <a href=""https://luxemia.shop/size-guide"">Size guide</a> | <a href=""https://luxemia.shop/blog/how-to-measure-for-indian-ethnic-wear"">How to measure</a> | <a href=""https://luxemia.shop/jewelry"">Browse all jewelry</a></p>
<p>— Mini, founder of LuxeMia</p>",LuxeMia,Accessories,Jewelry,"silver/white,festive,kundan,jewelry,indian ethnic wear,usa,ships from india,in stock",TRUE,,,,,2000,shopify,10,deny,manual,66.00,88.00,TRUE,TRUE,LXM-jwl-023,https://kesimg.b-cdn.net/images/650/2025y/December/59478/White--Wedding-Wear-Kundan-Fancy-Necklace-Set-FNKN113WGLD(1).jpg,1,Silver/White Kundan Work Necklace Set with Includes A Matching Maang Tikka,FALSE,Silver/White Kundan Work Necklace Set with Includ… | LuxeMia,Silver/White Kundan Work necklace set for festive — $66. Ships in 2-3 days. DHL Express 3-5 days. In stock.,active,https://kesimg.b-cdn.net/images/650/2025y/December/59478/White--Wedding-Wear-Kundan-Fancy-Necklace-Set-FNKN113WGLD(1).jpg,kg
jwl-024,Teal Kundan Work Necklace Set with Elaborate Matching Jewelry Set With,"<p>Teal kundan work necklace set.</p>
<p>For festive events — Navratri, Diwali, weddings, family functions.</p>
<p><strong>SET INCLUDES:</strong> Necklace and matching earrings (where shown).</p>
<p><strong>STITCHING:</strong> Not applicable — jewelry is ready to wear. Adjustable fit where shown.</p>
<p><strong>CARE:</strong> First Wash Dry Clean. Iron at moderate temperature.</p>
<p><strong>MATERIAL:</strong> Gold-plated brass with stones. Approx weight: 200g.</p>
<p><strong>SHIPPING:</strong> Ships within 2-3 days (processing). Standard delivery time varies by country. <strong>DHL Express delivers in 3-5 days</strong>. <strong>Free shipping is always Standard</strong> — DHL Express available at checkout for an additional fee.</p>
<p><strong>AVAILABILITY:</strong> <span style=""color:#1a7f37"">✓ In stock</span> — limited edition, available while supplier inventory lasts.</p>
<p><strong>QUESTIONS?</strong> Email <a href=""mailto:hello@luxemia.shop"">hello@luxemia.shop</a>, call <a href=""tel:+12153419990"">+1-215-341-9990</a>, or <a href=""https://wa.me/12153419990"" target=""_blank"">WhatsApp Mini</a> — I answer the phone myself in English, Hindi, or Gujarati.</p>
<p><strong>SEE ALSO:</strong> <a href=""https://luxemia.shop/returns"">Returns policy</a> | <a href=""https://luxemia.shop/size-guide"">Size guide</a> | <a href=""https://luxemia.shop/blog/how-to-measure-for-indian-ethnic-wear"">How to measure</a> | <a href=""https://luxemia.shop/jewelry"">Browse all jewelry</a></p>
<p>— Mini, founder of LuxeMia</p>",LuxeMia,Accessories,Jewelry,"teal,festive,kundan,jewelry,indian ethnic wear,usa,ships from india,in stock",TRUE,,,,,2000,shopify,10,deny,manual,66.00,88.00,TRUE,TRUE,LXM-jwl-024,https://kesimg.b-cdn.net/images/650/2025y/December/59478/Dark-Green--Wedding-Wear-Kundan-Fancy-Necklace-Set-FNKN113GRN(1).jpg,1,Teal Kundan Work Necklace Set with Elaborate Matching Jewelry Set With,FALSE,Teal Kundan Work Necklace Set with Elaborate Matc… | LuxeMia,Teal Kundan Work necklace set for festive — $66. Ships in 2-3 days. DHL Express 3-5 days. In stock.,active,https://kesimg.b-cdn.net/images/650/2025y/December/59478/Dark-Green--Wedding-Wear-Kundan-Fancy-Necklace-Set-FNKN113GRN(1).jpg,kg
jwl-014,Teal Mirror Work Necklace Set with Matching Kundan Necklace Set,"<p>Teal mirror work necklace set.</p>
<p>For festive events — Navratri, Diwali, weddings, family functions.</p>
<p><strong>SET INCLUDES:</strong> Necklace and matching earrings (where shown).</p>
<p><strong>STITCHING:</strong> Not applicable — jewelry is ready to wear. Adjustable fit where shown.</p>
<p><strong>CARE:</strong> First Wash Dry Clean. Iron at moderate temperature.</p>
<p><strong>MATERIAL:</strong> Gold-plated brass with stones. Approx weight: 200g.</p>
<p><strong>SHIPPING:</strong> Ships within 2-3 days (processing). Standard delivery time varies by country. <strong>DHL Express delivers in 3-5 days</strong>. <strong>Free shipping is always Standard</strong> — DHL Express available at checkout for an additional fee.</p>
<p><strong>AVAILABILITY:</strong> <span style=""color:#1a7f37"">✓ In stock</span> — limited edition, available while supplier inventory lasts.</p>
<p><strong>QUESTIONS?</strong> Email <a href=""mailto:hello@luxemia.shop"">hello@luxemia.shop</a>, call <a href=""tel:+12153419990"">+1-215-341-9990</a>, or <a href=""https://wa.me/12153419990"" target=""_blank"">WhatsApp Mini</a> — I answer the phone myself in English, Hindi, or Gujarati.</p>
<p><strong>SEE ALSO:</strong> <a href=""https://luxemia.shop/returns"">Returns policy</a> | <a href=""https://luxemia.shop/size-guide"">Size guide</a> | <a href=""https://luxemia.shop/blog/how-to-measure-for-indian-ethnic-wear"">How to measure</a> | <a href=""https://luxemia.shop/jewelry"">Browse all jewelry</a></p>
<p>— Mini, founder of LuxeMia</p>",LuxeMia,Accessories,Jewelry,"teal,festive,mirror,jewelry,indian ethnic wear,usa,ships from india,in stock",TRUE,,,,,2000,shopify,10,deny,manual,26.00,35.00,TRUE,TRUE,LXM-jwl-014,https://kesimg.b-cdn.net/images/650/2025y/December/59473/Red--Wedding-Wear-Kundan-Royal-Necklace-Set-FNKN110RNI(1).jpg,1,Teal Mirror Work Necklace Set with Matching Kundan Necklace Set,FALSE,Teal Mirror Work Necklace Set with Matching Kunda… | LuxeMia,Teal Mirror Work necklace set for festive — $26. Ships in 2-3 days. DHL Express 3-5 days. In stock.,active,https://kesimg.b-cdn.net/images/650/2025y/December/59473/Red--Wedding-Wear-Kundan-Royal-Necklace-Set-FNKN110RNI(1).jpg,kg
jwl-013,Mustard Yellow Kundan Work Necklace Set,"<p>Mustard yellow kundan work necklace set.</p>
<p>For festive events — Navratri, Diwali, weddings, family functions.</p>
<p><strong>SET INCLUDES:</strong> Necklace and matching earrings (where shown).</p>
<p><strong>STITCHING:</strong> Not applicable — jewelry is ready to wear. Adjustable fit where shown.</p>
<p><strong>CARE:</strong> First Wash Dry Clean. Iron at moderate temperature.</p>
<p><strong>MATERIAL:</strong> Gold-plated brass with stones. Approx weight: 200g.</p>
<p><strong>SHIPPING:</strong> Ships within 2-3 days (processing). Standard delivery time varies by country. <strong>DHL Express delivers in 3-5 days</strong>. <strong>Free shipping is always Standard</strong> — DHL Express available at checkout for an additional fee.</p>
<p><strong>AVAILABILITY:</strong> <span style=""color:#1a7f37"">✓ In stock</span> — limited edition, available while supplier inventory lasts.</p>
<p><strong>QUESTIONS?</strong> Email <a href=""mailto:hello@luxemia.shop"">hello@luxemia.shop</a>, call <a href=""tel:+12153419990"">+1-215-341-9990</a>, or <a href=""https://wa.me/12153419990"" target=""_blank"">WhatsApp Mini</a> — I answer the phone myself in English, Hindi, or Gujarati.</p>
<p><strong>SEE ALSO:</strong> <a href=""https://luxemia.shop/returns"">Returns policy</a> | <a href=""https://luxemia.shop/size-guide"">Size guide</a> | <a href=""https://luxemia.shop/blog/how-to-measure-for-indian-ethnic-wear"">How to measure</a> | <a href=""https://luxemia.shop/jewelry"">Browse all jewelry</a></p>
<p>— Mini, founder of LuxeMia</p>",LuxeMia,Accessories,Jewelry,"mustard yellow,festive,kundan,jewelry,indian ethnic wear,usa,ships from india,in stock",TRUE,,,,,2000,shopify,10,deny,manual,26.00,35.00,TRUE,TRUE,LXM-jwl-013,https://kesimg.b-cdn.net/images/650/2025y/December/59473/Yellow--Wedding-Wear-Kundan-Royal-Necklace-Set-FNKN110YLW(1).jpg,1,Mustard Yellow Kundan Work Necklace Set,FALSE,Mustard Yellow Kundan Work Necklace Set | LuxeMia,Mustard yellow Kundan Work necklace set for festive — $26. Ships in 2-3 days. DHL Express 3-5 days. In stock.,active,https://kesimg.b-cdn.net/images/650/2025y/December/59473/Yellow--Wedding-Wear-Kundan-Royal-Necklace-Set-FNKN110YLW(1).jpg,kg
jwl-033,Maroon Mirror Work Earring Set with Red Bead And Pearl Tassels,"<p>Maroon mirror work earring set.</p>
<p>For party events — Navratri, Diwali, weddings, family functions.</p>
<p><strong>SET INCLUDES:</strong> Earring pair.</p>
<p><strong>STITCHING:</strong> Not applicable — jewelry is ready to wear. Adjustable fit where shown.</p>
<p><strong>CARE:</strong> First Wash Dry Clean. Iron at moderate temperature.</p>
<p><strong>MATERIAL:</strong> Gold-plated brass with stones. Approx weight: 200g.</p>
<p><strong>SHIPPING:</strong> Ships within 2-3 days (processing). Standard delivery time varies by country. <strong>DHL Express delivers in 3-5 days</strong>. <strong>Free shipping is always Standard</strong> — DHL Express available at checkout for an additional fee.</p>
<p><strong>AVAILABILITY:</strong> <span style=""color:#1a7f37"">✓ In stock</span> — limited edition, available while supplier inventory lasts.</p>
<p><strong>QUESTIONS?</strong> Email <a href=""mailto:hello@luxemia.shop"">hello@luxemia.shop</a>, call <a href=""tel:+12153419990"">+1-215-341-9990</a>, or <a href=""https://wa.me/12153419990"" target=""_blank"">WhatsApp Mini</a> — I answer the phone myself in English, Hindi, or Gujarati.</p>
<p><strong>SEE ALSO:</strong> <a href=""https://luxemia.shop/returns"">Returns policy</a> | <a href=""https://luxemia.shop/size-guide"">Size guide</a> | <a href=""https://luxemia.shop/blog/how-to-measure-for-indian-ethnic-wear"">How to measure</a> | <a href=""https://luxemia.shop/jewelry"">Browse all jewelry</a></p>
<p>— Mini, founder of LuxeMia</p>",LuxeMia,Accessories,Jewelry,"maroon,party,mirror,jewelry,indian ethnic wear,usa,ships from india,in stock",TRUE,,,,,2000,shopify,10,deny,manual,24.00,31.00,TRUE,TRUE,LXM-jwl-033,https://kesimg.b-cdn.net/images/650/2025y/December/59481/Red--Party-Wear-Diamond-Work-Pretty-Earrings-FNKDE126RNI(1).jpg,1,Maroon Mirror Work Earring Set with Red Bead And Pearl Tassels,FALSE,Maroon Mirror Work Earring Set with Red Bead And… | LuxeMia,Maroon Mirror Work earring set for party — $24. Ships in 2-3 days. DHL Express 3-5 days. In stock.,active,https://kesimg.b-cdn.net/images/650/2025y/December/59481/Red--Party-Wear-Diamond-Work-Pretty-Earrings-FNKDE126RNI(1).jpg,kg
jwl-035,Red and Kundan Work Earring Set with Dangling Crystal Beads,"<p>Red and kundan work earring set.</p>
<p>For festival events — Navratri, Diwali, weddings, family functions.</p>
<p><strong>SET INCLUDES:</strong> Earring pair.</p>
<p><strong>STITCHING:</strong> Not applicable — jewelry is ready to wear. Adjustable fit where shown.</p>
<p><strong>CARE:</strong> First Wash Dry Clean. Iron at moderate temperature.</p>
<p><strong>MATERIAL:</strong> Gold-plated brass with stones. Approx weight: 200g.</p>
<p><strong>SHIPPING:</strong> Ships within 2-3 days (processing). Standard delivery time varies by country. <strong>DHL Express delivers in 3-5 days</strong>. <strong>Free shipping is always Standard</strong> — DHL Express available at checkout for an additional fee.</p>
<p><strong>AVAILABILITY:</strong> <span style=""color:#1a7f37"">✓ In stock</span> — limited edition, available while supplier inventory lasts.</p>
<p><strong>QUESTIONS?</strong> Email <a href=""mailto:hello@luxemia.shop"">hello@luxemia.shop</a>, call <a href=""tel:+12153419990"">+1-215-341-9990</a>, or <a href=""https://wa.me/12153419990"" target=""_blank"">WhatsApp Mini</a> — I answer the phone myself in English, Hindi, or Gujarati.</p>
<p><strong>SEE ALSO:</strong> <a href=""https://luxemia.shop/returns"">Returns policy</a> | <a href=""https://luxemia.shop/size-guide"">Size guide</a> | <a href=""https://luxemia.shop/blog/how-to-measure-for-indian-ethnic-wear"">How to measure</a> | <a href=""https://luxemia.shop/jewelry"">Browse all jewelry</a></p>
<p>— Mini, founder of LuxeMia</p>",LuxeMia,Accessories,Jewelry,"red and,festival,kundan,jewelry,indian ethnic wear,usa,ships from india,in stock",TRUE,,,,,2000,shopify,10,deny,manual,18.00,23.00,TRUE,TRUE,LXM-jwl-035,https://kesimg.b-cdn.net/images/650/2025y/December/59482/Red--Festival-Wear-Kundan-Shining-Earrings-FNKDE142RNI(1).jpg,1,Red and Kundan Work Earring Set with Dangling Crystal Beads,FALSE,Red and Kundan Work Earring Set with Dangling Cry… | LuxeMia,Red and Kundan Work earring set for festival — $18. Ships in 2-3 days. DHL Express 3-5 days. In stock.,active,https://kesimg.b-cdn.net/images/650/2025y/December/59482/Red--Festival-Wear-Kundan-Shining-Earrings-FNKDE142RNI(1).jpg,kg
jwl-037,Antique gold Kundan Work Earring Set with Cascading Crystal Drops,"<p>Antique gold kundan work earring set.</p>
<p>For festival events — Navratri, Diwali, weddings, family functions.</p>
<p><strong>SET INCLUDES:</strong> Earring pair.</p>
<p><strong>STITCHING:</strong> Not applicable — jewelry is ready to wear. Adjustable fit where shown.</p>
<p><strong>CARE:</strong> First Wash Dry Clean. Iron at moderate temperature.</p>
<p><strong>MATERIAL:</strong> Gold-plated brass with stones. Approx weight: 200g.</p>
<p><strong>SHIPPING:</strong> Ships within 2-3 days (processing). Standard delivery time varies by country. <strong>DHL Express delivers in 3-5 days</strong>. <strong>Free shipping is always Standard</strong> — DHL Express available at checkout for an additional fee.</p>
<p><strong>AVAILABILITY:</strong> <span style=""color:#1a7f37"">✓ In stock</span> — limited edition, available while supplier inventory lasts.</p>
<p><strong>QUESTIONS?</strong> Email <a href=""mailto:hello@luxemia.shop"">hello@luxemia.shop</a>, call <a href=""tel:+12153419990"">+1-215-341-9990</a>, or <a href=""https://wa.me/12153419990"" target=""_blank"">WhatsApp Mini</a> — I answer the phone myself in English, Hindi, or Gujarati.</p>
<p><strong>SEE ALSO:</strong> <a href=""https://luxemia.shop/returns"">Returns policy</a> | <a href=""https://luxemia.shop/size-guide"">Size guide</a> | <a href=""https://luxemia.shop/blog/how-to-measure-for-indian-ethnic-wear"">How to measure</a> | <a href=""https://luxemia.shop/jewelry"">Browse all jewelry</a></p>
<p>— Mini, founder of LuxeMia</p>",LuxeMia,Accessories,Jewelry,"antique gold,festival,kundan,jewelry,indian ethnic wear,usa,ships from india,in stock",TRUE,,,,,2000,shopify,10,deny,manual,18.00,23.00,TRUE,TRUE,LXM-jwl-037,https://kesimg.b-cdn.net/images/650/2025y/December/59482/Pink--Festival-Wear-Kundan-Shining-Earrings-FNKDE142PNK(1).jpg,1,Antique gold Kundan Work Earring Set with Cascading Crystal Drops,FALSE,Antique gold Kundan Work Earring Set with Cascadi… | LuxeMia,Antique gold Kundan Work earring set for festival — $18. Ships in 2-3 days. DHL Express 3-5 days. In stock.,active,https://kesimg.b-cdn.net/images/650/2025y/December/59482/Pink--Festival-Wear-Kundan-Shining-Earrings-FNKDE142PNK(1).jpg,kg
jwl-052,Antique gold Mirror Work Jewelry Set,"<p>Antique gold mirror work jewelry set.</p>
<p>For festival events — Navratri, Diwali, weddings, family functions.</p>
<p><strong>SET INCLUDES:</strong> Jewelry set (see image for included pieces).</p>
<p><strong>STITCHING:</strong> Not applicable — jewelry is ready to wear. Adjustable fit where shown.</p>
<p><strong>CARE:</strong> First Wash Dry Clean. Iron at moderate temperature.</p>
<p><strong>MATERIAL:</strong> Gold-plated brass with stones. Approx weight: 200g.</p>
<p><strong>SHIPPING:</strong> Ships within 2-3 days (processing). Standard delivery time varies by country. <strong>DHL Express delivers in 3-5 days</strong>. <strong>Free shipping is always Standard</strong> — DHL Express available at checkout for an additional fee.</p>
<p><strong>AVAILABILITY:</strong> <span style=""color:#1a7f37"">✓ In stock</span> — limited edition, available while supplier inventory lasts.</p>
<p><strong>QUESTIONS?</strong> Email <a href=""mailto:hello@luxemia.shop"">hello@luxemia.shop</a>, call <a href=""tel:+12153419990"">+1-215-341-9990</a>, or <a href=""https://wa.me/12153419990"" target=""_blank"">WhatsApp Mini</a> — I answer the phone myself in English, Hindi, or Gujarati.</p>
<p><strong>SEE ALSO:</strong> <a href=""https://luxemia.shop/returns"">Returns policy</a> | <a href=""https://luxemia.shop/size-guide"">Size guide</a> | <a href=""https://luxemia.shop/blog/how-to-measure-for-indian-ethnic-wear"">How to measure</a> | <a href=""https://luxemia.shop/jewelry"">Browse all jewelry</a></p>
<p>— Mini, founder of LuxeMia</p>",LuxeMia,Accessories,Jewelry,"antique gold,festival,mirror,jewelry,indian ethnic wear,usa,ships from india,in stock",TRUE,,,,,200,shopify,10,deny,manual,23.00,29.00,TRUE,TRUE,LXM-jwl-052,https://kesimg.b-cdn.net/images/650/2025y/December/59483/Sky-Blue--Festival-Wear-Kundan-Beautiful-Earrings-FNKDE144SBLU(1).jpg,1,Antique gold Mirror Work Jewelry Set,FALSE,Antique gold Mirror Work Jewelry Set | LuxeMia,Antique gold Mirror Work jewelry set for festival — $23. Ships in 2-3 days. DHL Express 3-5 days. In stock.,active,https://kesimg.b-cdn.net/images/650/2025y/December/59483/Sky-Blue--Festival-Wear-Kundan-Beautiful-Earrings-FNKDE144SBLU(1).jpg,kg
jwl-011,Gold and Kundan Work Necklace Set with Pastel Bead Drops,"<p>Gold and kundan work necklace set.</p>
<p>For festive events — Navratri, Diwali, weddings, family functions.</p>
<p><strong>SET INCLUDES:</strong> Necklace and matching earrings (where shown).</p>
<p><strong>STITCHING:</strong> Not applicable — jewelry is ready to wear. Adjustable fit where shown.</p>
<p><strong>CARE:</strong> First Wash Dry Clean. Iron at moderate temperature.</p>
<p><strong>MATERIAL:</strong> Gold-plated brass with stones. Approx weight: 200g.</p>
<p><strong>SHIPPING:</strong> Ships within 2-3 days (processing). Standard delivery time varies by country. <strong>DHL Express delivers in 3-5 days</strong>. <strong>Free shipping is always Standard</strong> — DHL Express available at checkout for an additional fee.</p>
<p><strong>AVAILABILITY:</strong> <span style=""color:#1a7f37"">✓ In stock</span> — limited edition, available while supplier inventory lasts.</p>
<p><strong>QUESTIONS?</strong> Email <a href=""mailto:hello@luxemia.shop"">hello@luxemia.shop</a>, call <a href=""tel:+12153419990"">+1-215-341-9990</a>, or <a href=""https://wa.me/12153419990"" target=""_blank"">WhatsApp Mini</a> — I answer the phone myself in English, Hindi, or Gujarati.</p>
<p><strong>SEE ALSO:</strong> <a href=""https://luxemia.shop/returns"">Returns policy</a> | <a href=""https://luxemia.shop/size-guide"">Size guide</a> | <a href=""https://luxemia.shop/blog/how-to-measure-for-indian-ethnic-wear"">How to measure</a> | <a href=""https://luxemia.shop/jewelry"">Browse all jewelry</a></p>
<p>— Mini, founder of LuxeMia</p>",LuxeMia,Accessories,Jewelry,"gold and,festive,kundan,jewelry,indian ethnic wear,usa,ships from india,in stock",TRUE,,,,,2000,shopify,10,deny,manual,46.00,60.00,TRUE,TRUE,LXM-jwl-011,https://kesimg.b-cdn.net/images/650/2025y/December/59473/Multi-Color--Wedding-Wear-Kundan-Royal-Necklace-Set-FNKN112PGPNK(1).jpg,1,Gold and Kundan Work Necklace Set with Pastel Bead Drops,FALSE,Gold and Kundan Work Necklace Set with Pastel Bea… | LuxeMia,Gold and Kundan Work necklace set for festive — $46. Ships in 2-3 days. DHL Express 3-5 days. In stock.,active,https://kesimg.b-cdn.net/images/650/2025y/December/59473/Multi-Color--Wedding-Wear-Kundan-Royal-Necklace-Set-FNKN112PGPNK(1).jpg,kg
jwl-012,Green and Kundan Work Necklace Set with Green Bead Drops,"<p>Green and kundan work necklace set.</p>
<p>For festive events — Navratri, Diwali, weddings, family functions.</p>
<p><strong>SET INCLUDES:</strong> Necklace and matching earrings (where shown).</p>
<p><strong>STITCHING:</strong> Not applicable — jewelry is ready to wear. Adjustable fit where shown.</p>
<p><strong>CARE:</strong> First Wash Dry Clean. Iron at moderate temperature.</p>
<p><strong>MATERIAL:</strong> Gold-plated brass with stones. Approx weight: 200g.</p>
<p><strong>SHIPPING:</strong> Ships within 2-3 days (processing). Standard delivery time varies by country. <strong>DHL Express delivers in 3-5 days</strong>. <strong>Free shipping is always Standard</strong> — DHL Express available at checkout for an additional fee.</p>
<p><strong>AVAILABILITY:</strong> <span style=""color:#1a7f37"">✓ In stock</span> — limited edition, available while supplier inventory lasts.</p>
<p><strong>QUESTIONS?</strong> Email <a href=""mailto:hello@luxemia.shop"">hello@luxemia.shop</a>, call <a href=""tel:+12153419990"">+1-215-341-9990</a>, or <a href=""https://wa.me/12153419990"" target=""_blank"">WhatsApp Mini</a> — I answer the phone myself in English, Hindi, or Gujarati.</p>
<p><strong>SEE ALSO:</strong> <a href=""https://luxemia.shop/returns"">Returns policy</a> | <a href=""https://luxemia.shop/size-guide"">Size guide</a> | <a href=""https://luxemia.shop/blog/how-to-measure-for-indian-ethnic-wear"">How to measure</a> | <a href=""https://luxemia.shop/jewelry"">Browse all jewelry</a></p>
<p>— Mini, founder of LuxeMia</p>",LuxeMia,Accessories,Jewelry,"green and,festive,kundan,jewelry,indian ethnic wear,usa,ships from india,in stock",TRUE,,,,,2000,shopify,10,deny,manual,46.00,60.00,TRUE,TRUE,LXM-jwl-012,https://kesimg.b-cdn.net/images/650/2025y/December/59473/Dark-Green--Wedding-Wear-Kundan-Royal-Necklace-Set-FNKN112GRN(1).jpg,1,Green and Kundan Work Necklace Set with Green Bead Drops,FALSE,Green and Kundan Work Necklace Set with Green Bea… | LuxeMia,Green and Kundan Work necklace set for festive — $46. Ships in 2-3 days. DHL Express 3-5 days. In stock.,active,https://kesimg.b-cdn.net/images/650/2025y/December/59473/Dark-Green--Wedding-Wear-Kundan-Royal-Necklace-Set-FNKN112GRN(1).jpg,kg
jwl-015,Navy Blue Mirror Work Necklace Set with Coordinated Jewelry Set With A,"<p>Navy blue mirror work necklace set.</p>
<p>For festive events — Navratri, Diwali, weddings, family functions.</p>
<p><strong>SET INCLUDES:</strong> Necklace and matching earrings (where shown).</p>
<p><strong>STITCHING:</strong> Not applicable — jewelry is ready to wear. Adjustable fit where shown.</p>
<p><strong>CARE:</strong> First Wash Dry Clean. Iron at moderate temperature.</p>
<p><strong>MATERIAL:</strong> Gold-plated brass with stones. Approx weight: 200g.</p>
<p><strong>SHIPPING:</strong> Ships within 2-3 days (processing). Standard delivery time varies by country. <strong>DHL Express delivers in 3-5 days</strong>. <strong>Free shipping is always Standard</strong> — DHL Express available at checkout for an additional fee.</p>
<p><strong>AVAILABILITY:</strong> <span style=""color:#1a7f37"">✓ In stock</span> — limited edition, available while supplier inventory lasts.</p>
<p><strong>QUESTIONS?</strong> Email <a href=""mailto:hello@luxemia.shop"">hello@luxemia.shop</a>, call <a href=""tel:+12153419990"">+1-215-341-9990</a>, or <a href=""https://wa.me/12153419990"" target=""_blank"">WhatsApp Mini</a> — I answer the phone myself in English, Hindi, or Gujarati.</p>
<p><strong>SEE ALSO:</strong> <a href=""https://luxemia.shop/returns"">Returns policy</a> | <a href=""https://luxemia.shop/size-guide"">Size guide</a> | <a href=""https://luxemia.shop/blog/how-to-measure-for-indian-ethnic-wear"">How to measure</a> | <a href=""https://luxemia.shop/jewelry"">Browse all jewelry</a></p>
<p>— Mini, founder of LuxeMia</p>",LuxeMia,Accessories,Jewelry,"navy blue,festive,mirror,jewelry,indian ethnic wear,usa,ships from india,in stock",TRUE,,,,,2000,shopify,10,deny,manual,26.00,35.00,TRUE,TRUE,LXM-jwl-015,https://kesimg.b-cdn.net/images/650/2025y/December/59473/Blue--Wedding-Wear-Kundan-Royal-Necklace-Set-FNKN110BLU(1).jpg,1,Navy Blue Mirror Work Necklace Set with Coordinated Jewelry Set With A,FALSE,Navy Blue Mirror Work Necklace Set with Coordinat… | LuxeMia,Navy blue Mirror Work necklace set for festive — $26. Ships in 2-3 days. DHL Express 3-5 days. In stock.,active,https://kesimg.b-cdn.net/images/650/2025y/December/59473/Blue--Wedding-Wear-Kundan-Royal-Necklace-Set-FNKN110BLU(1).jpg,kg
jwl-018,Emerald Green Embroidered Necklace Set with Heavy Pearl,"<p>Emerald green embroidered necklace set.</p>
<p>For festive events — Navratri, Diwali, weddings, family functions.</p>
<p><strong>SET INCLUDES:</strong> Necklace and matching earrings (where shown).</p>
<p><strong>STITCHING:</strong> Not applicable — jewelry is ready to wear. Adjustable fit where shown.</p>
<p><strong>CARE:</strong> First Wash Dry Clean. Iron at moderate temperature.</p>
<p><strong>MATERIAL:</strong> Gold-plated brass with stones. Approx weight: 200g.</p>
<p><strong>SHIPPING:</strong> Ships within 2-3 days (processing). Standard delivery time varies by country. <strong>DHL Express delivers in 3-5 days</strong>. <strong>Free shipping is always Standard</strong> — DHL Express available at checkout for an additional fee.</p>
<p><strong>AVAILABILITY:</strong> <span style=""color:#1a7f37"">✓ In stock</span> — limited edition, available while supplier inventory lasts.</p>
<p><strong>QUESTIONS?</strong> Email <a href=""mailto:hello@luxemia.shop"">hello@luxemia.shop</a>, call <a href=""tel:+12153419990"">+1-215-341-9990</a>, or <a href=""https://wa.me/12153419990"" target=""_blank"">WhatsApp Mini</a> — I answer the phone myself in English, Hindi, or Gujarati.</p>
<p><strong>SEE ALSO:</strong> <a href=""https://luxemia.shop/returns"">Returns policy</a> | <a href=""https://luxemia.shop/size-guide"">Size guide</a> | <a href=""https://luxemia.shop/blog/how-to-measure-for-indian-ethnic-wear"">How to measure</a> | <a href=""https://luxemia.shop/jewelry"">Browse all jewelry</a></p>
<p>— Mini, founder of LuxeMia</p>",LuxeMia,Accessories,Jewelry,"emerald green,festive,embroidery,jewelry,indian ethnic wear,usa,ships from india,in stock",TRUE,,,,,2000,shopify,10,deny,manual,25.00,33.00,TRUE,TRUE,LXM-jwl-018,https://kesimg.b-cdn.net/images/650/2025y/December/59473/Dark-Green--Wedding-Wear-Kundan-Royal-Necklace-Set-FNKN105GRN(1).jpg,1,Emerald Green Embroidered Necklace Set with Heavy Pearl,FALSE,Emerald Green Embroidered Necklace Set with Heavy… | LuxeMia,Emerald green Embroidered necklace set for festive — $25. Ships in 2-3 days. DHL Express 3-5 days. In stock.,active,https://kesimg.b-cdn.net/images/650/2025y/December/59473/Dark-Green--Wedding-Wear-Kundan-Royal-Necklace-Set-FNKN105GRN(1).jpg,kg
jwl-019,Cream Embroidered Jewelry Set with Heavy Kundan And Pearl Bridal,"<p>Cream embroidered jewelry set.</p>
<p>For festive events — Navratri, Diwali, weddings, family functions.</p>
<p><strong>SET INCLUDES:</strong> Jewelry set (see image for included pieces).</p>
<p><strong>STITCHING:</strong> Not applicable — jewelry is ready to wear. Adjustable fit where shown.</p>
<p><strong>CARE:</strong> First Wash Dry Clean. Iron at moderate temperature.</p>
<p><strong>MATERIAL:</strong> Gold-plated brass with stones. Approx weight: 200g.</p>
<p><strong>SHIPPING:</strong> Ships within 2-3 days (processing). Standard delivery time varies by country. <strong>DHL Express delivers in 3-5 days</strong>. <strong>Free shipping is always Standard</strong> — DHL Express available at checkout for an additional fee.</p>
<p><strong>AVAILABILITY:</strong> <span style=""color:#1a7f37"">✓ In stock</span> — limited edition, available while supplier inventory lasts.</p>
<p><strong>QUESTIONS?</strong> Email <a href=""mailto:hello@luxemia.shop"">hello@luxemia.shop</a>, call <a href=""tel:+12153419990"">+1-215-341-9990</a>, or <a href=""https://wa.me/12153419990"" target=""_blank"">WhatsApp Mini</a> — I answer the phone myself in English, Hindi, or Gujarati.</p>
<p><strong>SEE ALSO:</strong> <a href=""https://luxemia.shop/returns"">Returns policy</a> | <a href=""https://luxemia.shop/size-guide"">Size guide</a> | <a href=""https://luxemia.shop/blog/how-to-measure-for-indian-ethnic-wear"">How to measure</a> | <a href=""https://luxemia.shop/jewelry"">Browse all jewelry</a></p>
<p>— Mini, founder of LuxeMia</p>",LuxeMia,Accessories,Jewelry,"cream,festive,embroidery,jewelry,indian ethnic wear,usa,ships from india,in stock",TRUE,,,,,200,shopify,10,deny,manual,46.00,60.00,TRUE,TRUE,LXM-jwl-019,https://kesimg.b-cdn.net/images/650/2025y/December/59473/White--Wedding-Wear-Kundan-Royal-Necklace-Set-FNKN104WHT(1).jpg,1,Cream Embroidered Jewelry Set with Heavy Kundan And Pearl Bridal,FALSE,Cream Embroidered Jewelry Set with Heavy Kundan A… | LuxeMia,Cream Embroidered jewelry set for festive — $46. Ships in 2-3 days. DHL Express 3-5 days. In stock.,active,https://kesimg.b-cdn.net/images/650/2025y/December/59473/White--Wedding-Wear-Kundan-Royal-Necklace-Set-FNKN104WHT(1).jpg,kg
jwl-020,Mint Green Embroidered Necklace Set with Heavy Kundan,"<p>Mint green embroidered necklace set.</p>
<p>For festive events — Navratri, Diwali, weddings, family functions.</p>
<p><strong>SET INCLUDES:</strong> Necklace and matching earrings (where shown).</p>
<p><strong>STITCHING:</strong> Not applicable — jewelry is ready to wear. Adjustable fit where shown.</p>
<p><strong>CARE:</strong> First Wash Dry Clean. Iron at moderate temperature.</p>
<p><strong>MATERIAL:</strong> Gold-plated brass with stones. Approx weight: 200g.</p>
<p><strong>SHIPPING:</strong> Ships within 2-3 days (processing). Standard delivery time varies by country. <strong>DHL Express delivers in 3-5 days</strong>. <strong>Free shipping is always Standard</strong> — DHL Express available at checkout for an additional fee.</p>
<p><strong>AVAILABILITY:</strong> <span style=""color:#1a7f37"">✓ In stock</span> — limited edition, available while supplier inventory lasts.</p>
<p><strong>QUESTIONS?</strong> Email <a href=""mailto:hello@luxemia.shop"">hello@luxemia.shop</a>, call <a href=""tel:+12153419990"">+1-215-341-9990</a>, or <a href=""https://wa.me/12153419990"" target=""_blank"">WhatsApp Mini</a> — I answer the phone myself in English, Hindi, or Gujarati.</p>
<p><strong>SEE ALSO:</strong> <a href=""https://luxemia.shop/returns"">Returns policy</a> | <a href=""https://luxemia.shop/size-guide"">Size guide</a> | <a href=""https://luxemia.shop/blog/how-to-measure-for-indian-ethnic-wear"">How to measure</a> | <a href=""https://luxemia.shop/jewelry"">Browse all jewelry</a></p>
<p>— Mini, founder of LuxeMia</p>",LuxeMia,Accessories,Jewelry,"mint green,festive,embroidery,jewelry,indian ethnic wear,usa,ships from india,in stock",TRUE,,,,,2000,shopify,10,deny,manual,46.00,60.00,TRUE,TRUE,LXM-jwl-020,https://kesimg.b-cdn.net/images/650/2025y/December/59473/Pista-Green--Wedding-Wear-Kundan-Royal-Necklace-Set-FNKN104PGRN(1).jpg,1,Mint Green Embroidered Necklace Set with Heavy Kundan,FALSE,Mint Green Embroidered Necklace Set with Heavy Ku… | LuxeMia,Mint green Embroidered necklace set for festive — $46. Ships in 2-3 days. DHL Express 3-5 days. In stock.,active,https://kesimg.b-cdn.net/images/650/2025y/December/59473/Pista-Green--Wedding-Wear-Kundan-Royal-Necklace-Set-FNKN104PGRN(1).jpg,kg
jwl-021,Maroon Embroidered Necklace Set with Contrast Red Dupatta,"<p>Maroon embroidered necklace set.</p>
<p>For festive events — Navratri, Diwali, weddings, family functions.</p>
<p><strong>SET INCLUDES:</strong> Necklace and matching earrings (where shown).</p>
<p><strong>STITCHING:</strong> Not applicable — jewelry is ready to wear. Adjustable fit where shown.</p>
<p><strong>CARE:</strong> First Wash Dry Clean. Iron at moderate temperature.</p>
<p><strong>MATERIAL:</strong> Gold-plated brass with stones. Approx weight: 200g.</p>
<p><strong>SHIPPING:</strong> Ships within 2-3 days (processing). Standard delivery time varies by country. <strong>DHL Express delivers in 3-5 days</strong>. <strong>Free shipping is always Standard</strong> — DHL Express available at checkout for an additional fee.</p>
<p><strong>AVAILABILITY:</strong> <span style=""color:#1a7f37"">✓ In stock</span> — limited edition, available while supplier inventory lasts.</p>
<p><strong>QUESTIONS?</strong> Email <a href=""mailto:hello@luxemia.shop"">hello@luxemia.shop</a>, call <a href=""tel:+12153419990"">+1-215-341-9990</a>, or <a href=""https://wa.me/12153419990"" target=""_blank"">WhatsApp Mini</a> — I answer the phone myself in English, Hindi, or Gujarati.</p>
<p><strong>SEE ALSO:</strong> <a href=""https://luxemia.shop/returns"">Returns policy</a> | <a href=""https://luxemia.shop/size-guide"">Size guide</a> | <a href=""https://luxemia.shop/blog/how-to-measure-for-indian-ethnic-wear"">How to measure</a> | <a href=""https://luxemia.shop/jewelry"">Browse all jewelry</a></p>
<p>— Mini, founder of LuxeMia</p>",LuxeMia,Accessories,Jewelry,"maroon,festive,embroidery,jewelry,indian ethnic wear,usa,ships from india,in stock",TRUE,,,,,2000,shopify,10,deny,manual,46.00,60.00,TRUE,TRUE,LXM-jwl-021,https://kesimg.b-cdn.net/images/650/2025y/December/59473/Maroon--Wedding-Wear-Kundan-Royal-Necklace-Set-FNKN104MRN(1).jpg,1,Maroon Embroidered Necklace Set with Contrast Red Dupatta,FALSE,Maroon Embroidered Necklace Set with Contrast Red… | LuxeMia,Maroon Embroidered necklace set for festive — $46. Ships in 2-3 days. DHL Express 3-5 days. In stock.,active,https://kesimg.b-cdn.net/images/650/2025y/December/59473/Maroon--Wedding-Wear-Kundan-Royal-Necklace-Set-FNKN104MRN(1).jpg,kg
jwl-022,Emerald Green Embroidered Necklace Set with Heavy Kundan,"<p>Emerald green embroidered necklace set.</p>
<p>For festive events — Navratri, Diwali, weddings, family functions.</p>
<p><strong>SET INCLUDES:</strong> Necklace and matching earrings (where shown).</p>
<p><strong>STITCHING:</strong> Not applicable — jewelry is ready to wear. Adjustable fit where shown.</p>
<p><strong>CARE:</strong> First Wash Dry Clean. Iron at moderate temperature.</p>
<p><strong>MATERIAL:</strong> Gold-plated brass with stones. Approx weight: 200g.</p>
<p><strong>SHIPPING:</strong> Ships within 2-3 days (processing). Standard delivery time varies by country. <strong>DHL Express delivers in 3-5 days</strong>. <strong>Free shipping is always Standard</strong> — DHL Express available at checkout for an additional fee.</p>
<p><strong>AVAILABILITY:</strong> <span style=""color:#1a7f37"">✓ In stock</span> — limited edition, available while supplier inventory lasts.</p>
<p><strong>QUESTIONS?</strong> Email <a href=""mailto:hello@luxemia.shop"">hello@luxemia.shop</a>, call <a href=""tel:+12153419990"">+1-215-341-9990</a>, or <a href=""https://wa.me/12153419990"" target=""_blank"">WhatsApp Mini</a> — I answer the phone myself in English, Hindi, or Gujarati.</p>
<p><strong>SEE ALSO:</strong> <a href=""https://luxemia.shop/returns"">Returns policy</a> | <a href=""https://luxemia.shop/size-guide"">Size guide</a> | <a href=""https://luxemia.shop/blog/how-to-measure-for-indian-ethnic-wear"">How to measure</a> | <a href=""https://luxemia.shop/jewelry"">Browse all jewelry</a></p>
<p>— Mini, founder of LuxeMia</p>",LuxeMia,Accessories,Jewelry,"emerald green,festive,embroidery,jewelry,indian ethnic wear,usa,ships from india,in stock",TRUE,,,,,2000,shopify,10,deny,manual,46.00,60.00,TRUE,TRUE,LXM-jwl-022,https://kesimg.b-cdn.net/images/650/2025y/December/59473/Dark-Green--Wedding-Wear-Kundan-Royal-Necklace-Set-FNKN104GRN(1).jpg,1,Emerald Green Embroidered Necklace Set with Heavy Kundan,FALSE,Emerald Green Embroidered Necklace Set with Heavy… | LuxeMia,Emerald green Embroidered necklace set for festive — $46. Ships in 2-3 days. DHL Express 3-5 days. In stock.,active,https://kesimg.b-cdn.net/images/650/2025y/December/59473/Dark-Green--Wedding-Wear-Kundan-Royal-Necklace-Set-FNKN104GRN(1).jpg,kg
jwl-025,Green Kundan Work Necklace Set with Pearl Drop Detailing,"<p>Green kundan work necklace set.</p>
<p>For party events — Navratri, Diwali, weddings, family functions.</p>
<p><strong>SET INCLUDES:</strong> Necklace and matching earrings (where shown).</p>
<p><strong>STITCHING:</strong> Not applicable — jewelry is ready to wear. Adjustable fit where shown.</p>
<p><strong>CARE:</strong> First Wash Dry Clean. Iron at moderate temperature.</p>
<p><strong>MATERIAL:</strong> Gold-plated brass with stones. Approx weight: 200g.</p>
<p><strong>SHIPPING:</strong> Ships within 2-3 days (processing). Standard delivery time varies by country. <strong>DHL Express delivers in 3-5 days</strong>. <strong>Free shipping is always Standard</strong> — DHL Express available at checkout for an additional fee.</p>
<p><strong>AVAILABILITY:</strong> <span style=""color:#1a7f37"">✓ In stock</span> — limited edition, available while supplier inventory lasts.</p>
<p><strong>QUESTIONS?</strong> Email <a href=""mailto:hello@luxemia.shop"">hello@luxemia.shop</a>, call <a href=""tel:+12153419990"">+1-215-341-9990</a>, or <a href=""https://wa.me/12153419990"" target=""_blank"">WhatsApp Mini</a> — I answer the phone myself in English, Hindi, or Gujarati.</p>
<p><strong>SEE ALSO:</strong> <a href=""https://luxemia.shop/returns"">Returns policy</a> | <a href=""https://luxemia.shop/size-guide"">Size guide</a> | <a href=""https://luxemia.shop/blog/how-to-measure-for-indian-ethnic-wear"">How to measure</a> | <a href=""https://luxemia.shop/jewelry"">Browse all jewelry</a></p>
<p>— Mini, founder of LuxeMia</p>",LuxeMia,Accessories,Jewelry,"green,party,kundan,jewelry,indian ethnic wear,usa,ships from india,in stock",TRUE,,,,,2000,shopify,10,deny,manual,42.00,55.00,TRUE,TRUE,LXM-jwl-025,https://kesimg.b-cdn.net/images/650/2025y/December/59479/White--Party-Wear-Kundan-Elegant-Necklace-Set-FNKN121WHT(1).jpg,1,Green Kundan Work Necklace Set with Pearl Drop Detailing,FALSE,Green Kundan Work Necklace Set with Pearl Drop De… | LuxeMia,Green Kundan Work necklace set for party — $42. Ships in 2-3 days. DHL Express 3-5 days. In stock.,active,https://kesimg.b-cdn.net/images/650/2025y/December/59479/White--Party-Wear-Kundan-Elegant-Necklace-Set-FNKN121WHT(1).jpg,kg
jwl-026,Maroon (or Kundan Work Necklace Set with Maroon Bead,"<p>Maroon (or kundan work necklace set.</p>
<p>For party events — Navratri, Diwali, weddings, family functions.</p>
<p><strong>SET INCLUDES:</strong> Necklace and matching earrings (where shown).</p>
<p><strong>STITCHING:</strong> Not applicable — jewelry is ready to wear. Adjustable fit where shown.</p>
<p><strong>CARE:</strong> First Wash Dry Clean. Iron at moderate temperature.</p>
<p><strong>MATERIAL:</strong> Gold-plated brass with stones. Approx weight: 200g.</p>
<p><strong>SHIPPING:</strong> Ships within 2-3 days (processing). Standard delivery time varies by country. <strong>DHL Express delivers in 3-5 days</strong>. <strong>Free shipping is always Standard</strong> — DHL Express available at checkout for an additional fee.</p>
<p><strong>AVAILABILITY:</strong> <span style=""color:#1a7f37"">✓ In stock</span> — limited edition, available while supplier inventory lasts.</p>
<p><strong>QUESTIONS?</strong> Email <a href=""mailto:hello@luxemia.shop"">hello@luxemia.shop</a>, call <a href=""tel:+12153419990"">+1-215-341-9990</a>, or <a href=""https://wa.me/12153419990"" target=""_blank"">WhatsApp Mini</a> — I answer the phone myself in English, Hindi, or Gujarati.</p>
<p><strong>SEE ALSO:</strong> <a href=""https://luxemia.shop/returns"">Returns policy</a> | <a href=""https://luxemia.shop/size-guide"">Size guide</a> | <a href=""https://luxemia.shop/blog/how-to-measure-for-indian-ethnic-wear"">How to measure</a> | <a href=""https://luxemia.shop/jewelry"">Browse all jewelry</a></p>
<p>— Mini, founder of LuxeMia</p>",LuxeMia,Accessories,Jewelry,"maroon (or,party,kundan,jewelry,indian ethnic wear,usa,ships from india,in stock",TRUE,,,,,2000,shopify,10,deny,manual,42.00,55.00,TRUE,TRUE,LXM-jwl-026,https://kesimg.b-cdn.net/images/650/2025y/December/59479/Maroon--Party-Wear-Kundan-Elegant-Necklace-Set-FNKN121MRN(1).jpg,1,Maroon (or Kundan Work Necklace Set with Maroon Bead,FALSE,Maroon (or Kundan Work Necklace Set with Maroon B… | LuxeMia,Maroon (or Kundan Work necklace set for party — $42. Ships in 2-3 days. DHL Express 3-5 days. In stock.,active,https://kesimg.b-cdn.net/images/650/2025y/December/59479/Maroon--Party-Wear-Kundan-Elegant-Necklace-Set-FNKN121MRN(1).jpg,kg
jwl-027,Gold and Mirror Work Necklace Set with Pearl Drop Embellishments,"<p>Gold and mirror work necklace set.</p>
<p>For party events — Navratri, Diwali, weddings, family functions.</p>
<p><strong>SET INCLUDES:</strong> Necklace and matching earrings (where shown).</p>
<p><strong>STITCHING:</strong> Not applicable — jewelry is ready to wear. Adjustable fit where shown.</p>
<p><strong>CARE:</strong> First Wash Dry Clean. Iron at moderate temperature.</p>
<p><strong>MATERIAL:</strong> Gold-plated brass with stones. Approx weight: 200g.</p>
<p><strong>SHIPPING:</strong> Ships within 2-3 days (processing). Standard delivery time varies by country. <strong>DHL Express delivers in 3-5 days</strong>. <strong>Free shipping is always Standard</strong> — DHL Express available at checkout for an additional fee.</p>
<p><strong>AVAILABILITY:</strong> <span style=""color:#1a7f37"">✓ In stock</span> — limited edition, available while supplier inventory lasts.</p>
<p><strong>QUESTIONS?</strong> Email <a href=""mailto:hello@luxemia.shop"">hello@luxemia.shop</a>, call <a href=""tel:+12153419990"">+1-215-341-9990</a>, or <a href=""https://wa.me/12153419990"" target=""_blank"">WhatsApp Mini</a> — I answer the phone myself in English, Hindi, or Gujarati.</p>
<p><strong>SEE ALSO:</strong> <a href=""https://luxemia.shop/returns"">Returns policy</a> | <a href=""https://luxemia.shop/size-guide"">Size guide</a> | <a href=""https://luxemia.shop/blog/how-to-measure-for-indian-ethnic-wear"">How to measure</a> | <a href=""https://luxemia.shop/jewelry"">Browse all jewelry</a></p>
<p>— Mini, founder of LuxeMia</p>",LuxeMia,Accessories,Jewelry,"gold and,party,mirror,jewelry,indian ethnic wear,usa,ships from india,in stock",TRUE,,,,,2000,shopify,10,deny,manual,40.00,52.00,TRUE,TRUE,LXM-jwl-027,https://kesimg.b-cdn.net/images/650/2025y/December/59479/White--Party-Wear-Kundan-Elegant-Necklace-Set-FNKN120WHT(1).jpg,1,Gold and Mirror Work Necklace Set with Pearl Drop Embellishments,FALSE,Gold and Mirror Work Necklace Set with Pearl Drop… | LuxeMia,Gold and Mirror Work necklace set for party — $40. Ships in 2-3 days. DHL Express 3-5 days. In stock.,active,https://kesimg.b-cdn.net/images/650/2025y/December/59479/White--Party-Wear-Kundan-Elegant-Necklace-Set-FNKN120WHT(1).jpg,kg
jwl-028,Maroon Kundan Party Necklace Set,"<p>Gold kundan work necklace set.</p>
<p>For party events — Navratri, Diwali, weddings, family functions.</p>
<p><strong>SET INCLUDES:</strong> Necklace and matching earrings (where shown).</p>
<p><strong>STITCHING:</strong> Not applicable — jewelry is ready to wear. Adjustable fit where shown.</p>
<p><strong>CARE:</strong> First Wash Dry Clean. Iron at moderate temperature.</p>
<p><strong>MATERIAL:</strong> Gold-plated brass with stones. Approx weight: 200g.</p>
<p><strong>SHIPPING:</strong> Ships within 2-3 days (processing). Standard delivery time varies by country. <strong>DHL Express delivers in 3-5 days</strong>. <strong>Free shipping is always Standard</strong> — DHL Express available at checkout for an additional fee.</p>
<p><strong>AVAILABILITY:</strong> <span style=""color:#1a7f37"">✓ In stock</span> — limited edition, available while supplier inventory lasts.</p>
<p><strong>QUESTIONS?</strong> Email <a href=""mailto:hello@luxemia.shop"">hello@luxemia.shop</a>, call <a href=""tel:+12153419990"">+1-215-341-9990</a>, or <a href=""https://wa.me/12153419990"" target=""_blank"">WhatsApp Mini</a> — I answer the phone myself in English, Hindi, or Gujarati.</p>
<p><strong>SEE ALSO:</strong> <a href=""https://luxemia.shop/returns"">Returns policy</a> | <a href=""https://luxemia.shop/size-guide"">Size guide</a> | <a href=""https://luxemia.shop/blog/how-to-measure-for-indian-ethnic-wear"">How to measure</a> | <a href=""https://luxemia.shop/jewelry"">Browse all jewelry</a></p>
<p>— Mini, founder of LuxeMia</p>",LuxeMia,Accessories,Jewelry,"gold,party,kundan,jewelry,indian ethnic wear,usa,ships from india,in stock",TRUE,,,,,2000,shopify,10,deny,manual,40.00,52.00,TRUE,TRUE,LXM-jwl-028,https://kesimg.b-cdn.net/images/650/2025y/December/59479/Maroon--Party-Wear-Kundan-Elegant-Necklace-Set-FNKN120MRN(1).jpg,1,Maroon Kundan Party Necklace Set,FALSE,Maroon Kundan Party Necklace Set | LuxeMia,Gold Kundan Work necklace set for party — $40. Ships in 2-3 days. DHL Express 3-5 days. In stock.,active,https://kesimg.b-cdn.net/images/650/2025y/December/59479/Maroon--Party-Wear-Kundan-Elegant-Necklace-Set-FNKN120MRN(1).jpg,kg
jwl-029,Gold and Kundan Work Necklace Set with Pink Bead Drops,"<p>Gold and kundan work necklace set.</p>
<p>For party events — Navratri, Diwali, weddings, family functions.</p>
<p><strong>SET INCLUDES:</strong> Necklace and matching earrings (where shown).</p>
<p><strong>STITCHING:</strong> Not applicable — jewelry is ready to wear. Adjustable fit where shown.</p>
<p><strong>CARE:</strong> First Wash Dry Clean. Iron at moderate temperature.</p>
<p><strong>MATERIAL:</strong> Gold-plated brass with stones. Approx weight: 200g.</p>
<p><strong>SHIPPING:</strong> Ships within 2-3 days (processing). Standard delivery time varies by country. <strong>DHL Express delivers in 3-5 days</strong>. <strong>Free shipping is always Standard</strong> — DHL Express available at checkout for an additional fee.</p>
<p><strong>AVAILABILITY:</strong> <span style=""color:#1a7f37"">✓ In stock</span> — limited edition, available while supplier inventory lasts.</p>
<p><strong>QUESTIONS?</strong> Email <a href=""mailto:hello@luxemia.shop"">hello@luxemia.shop</a>, call <a href=""tel:+12153419990"">+1-215-341-9990</a>, or <a href=""https://wa.me/12153419990"" target=""_blank"">WhatsApp Mini</a> — I answer the phone myself in English, Hindi, or Gujarati.</p>
<p><strong>SEE ALSO:</strong> <a href=""https://luxemia.shop/returns"">Returns policy</a> | <a href=""https://luxemia.shop/size-guide"">Size guide</a> | <a href=""https://luxemia.shop/blog/how-to-measure-for-indian-ethnic-wear"">How to measure</a> | <a href=""https://luxemia.shop/jewelry"">Browse all jewelry</a></p>
<p>— Mini, founder of LuxeMia</p>",LuxeMia,Accessories,Jewelry,"gold and,party,kundan,jewelry,indian ethnic wear,usa,ships from india,in stock",TRUE,,,,,2000,shopify,10,deny,manual,41.00,54.00,TRUE,TRUE,LXM-jwl-029,https://kesimg.b-cdn.net/images/650/2025y/December/59479/Pink--Party-Wear-Kundan-Elegant-Necklace-Set-FNKN119PNK(1).jpg,1,Gold and Kundan Work Necklace Set with Pink Bead Drops,FALSE,Gold and Kundan Work Necklace Set with Pink Bead… | LuxeMia,Gold and Kundan Work necklace set for party — $41. Ships in 2-3 days. DHL Express 3-5 days. In stock.,active,https://kesimg.b-cdn.net/images/650/2025y/December/59479/Pink--Party-Wear-Kundan-Elegant-Necklace-Set-FNKN119PNK(1).jpg,kg
jwl-030,Gold and Kundan Work Necklace Set with Pearl Embellishments,"<p>Gold and kundan work necklace set.</p>
<p>For party events — Navratri, Diwali, weddings, family functions.</p>
<p><strong>SET INCLUDES:</strong> Necklace and matching earrings (where shown).</p>
<p><strong>STITCHING:</strong> Not applicable — jewelry is ready to wear. Adjustable fit where shown.</p>
<p><strong>CARE:</strong> First Wash Dry Clean. Iron at moderate temperature.</p>
<p><strong>MATERIAL:</strong> Gold-plated brass with stones. Approx weight: 200g.</p>
<p><strong>SHIPPING:</strong> Ships within 2-3 days (processing). Standard delivery time varies by country. <strong>DHL Express delivers in 3-5 days</strong>. <strong>Free shipping is always Standard</strong> — DHL Express available at checkout for an additional fee.</p>
<p><strong>AVAILABILITY:</strong> <span style=""color:#1a7f37"">✓ In stock</span> — limited edition, available while supplier inventory lasts.</p>
<p><strong>QUESTIONS?</strong> Email <a href=""mailto:hello@luxemia.shop"">hello@luxemia.shop</a>, call <a href=""tel:+12153419990"">+1-215-341-9990</a>, or <a href=""https://wa.me/12153419990"" target=""_blank"">WhatsApp Mini</a> — I answer the phone myself in English, Hindi, or Gujarati.</p>
<p><strong>SEE ALSO:</strong> <a href=""https://luxemia.shop/returns"">Returns policy</a> | <a href=""https://luxemia.shop/size-guide"">Size guide</a> | <a href=""https://luxemia.shop/blog/how-to-measure-for-indian-ethnic-wear"">How to measure</a> | <a href=""https://luxemia.shop/jewelry"">Browse all jewelry</a></p>
<p>— Mini, founder of LuxeMia</p>",LuxeMia,Accessories,Jewelry,"gold and,party,kundan,jewelry,indian ethnic wear,usa,ships from india,in stock",TRUE,,,,,2000,shopify,10,deny,manual,38.00,51.00,TRUE,TRUE,LXM-jwl-030,https://kesimg.b-cdn.net/images/650/2025y/December/59479/White--Party-Wear-Kundan-Elegant-Necklace-Set-FNKN116WHT(1).jpg,1,Gold and Kundan Work Necklace Set with Pearl Embellishments,FALSE,Gold and Kundan Work Necklace Set with Pearl Embe… | LuxeMia,Gold and Kundan Work necklace set for party — $38. Ships in 2-3 days. DHL Express 3-5 days. In stock.,active,https://kesimg.b-cdn.net/images/650/2025y/December/59479/White--Party-Wear-Kundan-Elegant-Necklace-Set-FNKN116WHT(1).jpg,kg
jwl-031,Gold Mirror Work Earring Set with Pearl Tassels,"<p>Gold mirror work earring set.</p>
<p>For party events — Navratri, Diwali, weddings, family functions.</p>
<p><strong>SET INCLUDES:</strong> Earring pair.</p>
<p><strong>STITCHING:</strong> Not applicable — jewelry is ready to wear. Adjustable fit where shown.</p>
<p><strong>CARE:</strong> First Wash Dry Clean. Iron at moderate temperature.</p>
<p><strong>MATERIAL:</strong> Gold-plated brass with stones. Approx weight: 200g.</p>
<p><strong>SHIPPING:</strong> Ships within 2-3 days (processing). Standard delivery time varies by country. <strong>DHL Express delivers in 3-5 days</strong>. <strong>Free shipping is always Standard</strong> — DHL Express available at checkout for an additional fee.</p>
<p><strong>AVAILABILITY:</strong> <span style=""color:#1a7f37"">✓ In stock</span> — limited edition, available while supplier inventory lasts.</p>
<p><strong>QUESTIONS?</strong> Email <a href=""mailto:hello@luxemia.shop"">hello@luxemia.shop</a>, call <a href=""tel:+12153419990"">+1-215-341-9990</a>, or <a href=""https://wa.me/12153419990"" target=""_blank"">WhatsApp Mini</a> — I answer the phone myself in English, Hindi, or Gujarati.</p>
<p><strong>SEE ALSO:</strong> <a href=""https://luxemia.shop/returns"">Returns policy</a> | <a href=""https://luxemia.shop/size-guide"">Size guide</a> | <a href=""https://luxemia.shop/blog/how-to-measure-for-indian-ethnic-wear"">How to measure</a> | <a href=""https://luxemia.shop/jewelry"">Browse all jewelry</a></p>
<p>— Mini, founder of LuxeMia</p>",LuxeMia,Accessories,Jewelry,"gold,party,mirror,jewelry,indian ethnic wear,usa,ships from india,in stock",TRUE,,,,,2000,shopify,10,deny,manual,18.00,23.00,TRUE,TRUE,LXM-jwl-031,https://kesimg.b-cdn.net/images/650/2025y/December/59481/Multi-Color--Party-Wear-Diamond-Work-Pretty-Earrings-FNKDE133MLT(1).jpg,1,Gold Mirror Work Earring Set with Pearl Tassels,FALSE,Gold Mirror Work Earring Set with Pearl Tassels | LuxeMia,Gold Mirror Work earring set for party — $18. Ships in 2-3 days. DHL Express 3-5 days. In stock.,active,https://kesimg.b-cdn.net/images/650/2025y/December/59481/Multi-Color--Party-Wear-Diamond-Work-Pretty-Earrings-FNKDE133MLT(1).jpg,kg
jwl-032,Antique Gold Kundan Work Earring Set with Elaborate Pearl Tassels,"<p>Antique gold kundan work earring set.</p>
<p>For festive events — Navratri, Diwali, weddings, family functions.</p>
<p><strong>SET INCLUDES:</strong> Earring pair.</p>
<p><strong>STITCHING:</strong> Not applicable — jewelry is ready to wear. Adjustable fit where shown.</p>
<p><strong>CARE:</strong> First Wash Dry Clean. Iron at moderate temperature.</p>
<p><strong>MATERIAL:</strong> Gold-plated brass with stones. Approx weight: 200g.</p>
<p><strong>SHIPPING:</strong> Ships within 2-3 days (processing). Standard delivery time varies by country. <strong>DHL Express delivers in 3-5 days</strong>. <strong>Free shipping is always Standard</strong> — DHL Express available at checkout for an additional fee.</p>
<p><strong>AVAILABILITY:</strong> <span style=""color:#1a7f37"">✓ In stock</span> — limited edition, available while supplier inventory lasts.</p>
<p><strong>QUESTIONS?</strong> Email <a href=""mailto:hello@luxemia.shop"">hello@luxemia.shop</a>, call <a href=""tel:+12153419990"">+1-215-341-9990</a>, or <a href=""https://wa.me/12153419990"" target=""_blank"">WhatsApp Mini</a> — I answer the phone myself in English, Hindi, or Gujarati.</p>
<p><strong>SEE ALSO:</strong> <a href=""https://luxemia.shop/returns"">Returns policy</a> | <a href=""https://luxemia.shop/size-guide"">Size guide</a> | <a href=""https://luxemia.shop/blog/how-to-measure-for-indian-ethnic-wear"">How to measure</a> | <a href=""https://luxemia.shop/jewelry"">Browse all jewelry</a></p>
<p>— Mini, founder of LuxeMia</p>",LuxeMia,Accessories,Jewelry,"antique gold,festive,kundan,jewelry,indian ethnic wear,usa,ships from india,in stock",TRUE,,,,,2000,shopify,10,deny,manual,24.00,31.00,TRUE,TRUE,LXM-jwl-032,https://kesimg.b-cdn.net/images/650/2025y/December/59481/White--Party-Wear-Diamond-Work-Pretty-Earrings-FNKDE131WHT(1).jpg,1,Antique Gold Kundan Work Earring Set with Elaborate Pearl Tassels,FALSE,Antique Gold Kundan Work Earring Set with Elabora… | LuxeMia,Antique Gold Kundan Work earring set for festive — $24. Ships in 2-3 days. DHL Express 3-5 days. In stock.,active,https://kesimg.b-cdn.net/images/650/2025y/December/59481/White--Party-Wear-Diamond-Work-Pretty-Earrings-FNKDE131WHT(1).jpg,kg
jwl-034,Navy Blue Kundan Work Earring Set with Pearl And Bead Tassels,"<p>Navy blue kundan work earring set.</p>
<p>For party events — Navratri, Diwali, weddings, family functions.</p>
<p><strong>SET INCLUDES:</strong> Earring pair.</p>
<p><strong>STITCHING:</strong> Not applicable — jewelry is ready to wear. Adjustable fit where shown.</p>
<p><strong>CARE:</strong> First Wash Dry Clean. Iron at moderate temperature.</p>
<p><strong>MATERIAL:</strong> Gold-plated brass with stones. Approx weight: 200g.</p>
<p><strong>SHIPPING:</strong> Ships within 2-3 days (processing). Standard delivery time varies by country. <strong>DHL Express delivers in 3-5 days</strong>. <strong>Free shipping is always Standard</strong> — DHL Express available at checkout for an additional fee.</p>
<p><strong>AVAILABILITY:</strong> <span style=""color:#1a7f37"">✓ In stock</span> — limited edition, available while supplier inventory lasts.</p>
<p><strong>QUESTIONS?</strong> Email <a href=""mailto:hello@luxemia.shop"">hello@luxemia.shop</a>, call <a href=""tel:+12153419990"">+1-215-341-9990</a>, or <a href=""https://wa.me/12153419990"" target=""_blank"">WhatsApp Mini</a> — I answer the phone myself in English, Hindi, or Gujarati.</p>
<p><strong>SEE ALSO:</strong> <a href=""https://luxemia.shop/returns"">Returns policy</a> | <a href=""https://luxemia.shop/size-guide"">Size guide</a> | <a href=""https://luxemia.shop/blog/how-to-measure-for-indian-ethnic-wear"">How to measure</a> | <a href=""https://luxemia.shop/jewelry"">Browse all jewelry</a></p>
<p>— Mini, founder of LuxeMia</p>",LuxeMia,Accessories,Jewelry,"navy blue,party,kundan,jewelry,indian ethnic wear,usa,ships from india,in stock",TRUE,,,,,2000,shopify,10,deny,manual,24.00,31.00,TRUE,TRUE,LXM-jwl-034,https://kesimg.b-cdn.net/images/650/2025y/December/59481/Blue--Party-Wear-Diamond-Work-Pretty-Earrings-FNKDE126BLU(1).jpg,1,Navy Blue Kundan Work Earring Set with Pearl And Bead Tassels,FALSE,Navy Blue Kundan Work Earring Set with Pearl And… | LuxeMia,Navy blue Kundan Work earring set for party — $24. Ships in 2-3 days. DHL Express 3-5 days. In stock.,active,https://kesimg.b-cdn.net/images/650/2025y/December/59481/Blue--Party-Wear-Diamond-Work-Pretty-Earrings-FNKDE126BLU(1).jpg,kg
jwl-036,Purple and Kundan Work Earring Set with Cascading Amber Crystal Drops,"<p>Purple and kundan work earring set.</p>
<p>For festival events — Navratri, Diwali, weddings, family functions.</p>
<p><strong>SET INCLUDES:</strong> Earring pair.</p>
<p><strong>STITCHING:</strong> Not applicable — jewelry is ready to wear. Adjustable fit where shown.</p>
<p><strong>CARE:</strong> First Wash Dry Clean. Iron at moderate temperature.</p>
<p><strong>MATERIAL:</strong> Gold-plated brass with stones. Approx weight: 200g.</p>
<p><strong>SHIPPING:</strong> Ships within 2-3 days (processing). Standard delivery time varies by country. <strong>DHL Express delivers in 3-5 days</strong>. <strong>Free shipping is always Standard</strong> — DHL Express available at checkout for an additional fee.</p>
<p><strong>AVAILABILITY:</strong> <span style=""color:#1a7f37"">✓ In stock</span> — limited edition, available while supplier inventory lasts.</p>
<p><strong>QUESTIONS?</strong> Email <a href=""mailto:hello@luxemia.shop"">hello@luxemia.shop</a>, call <a href=""tel:+12153419990"">+1-215-341-9990</a>, or <a href=""https://wa.me/12153419990"" target=""_blank"">WhatsApp Mini</a> — I answer the phone myself in English, Hindi, or Gujarati.</p>
<p><strong>SEE ALSO:</strong> <a href=""https://luxemia.shop/returns"">Returns policy</a> | <a href=""https://luxemia.shop/size-guide"">Size guide</a> | <a href=""https://luxemia.shop/blog/how-to-measure-for-indian-ethnic-wear"">How to measure</a> | <a href=""https://luxemia.shop/jewelry"">Browse all jewelry</a></p>
<p>— Mini, founder of LuxeMia</p>",LuxeMia,Accessories,Jewelry,"purple and,festival,kundan,jewelry,indian ethnic wear,usa,ships from india,in stock",TRUE,,,,,2000,shopify,10,deny,manual,18.00,23.00,TRUE,TRUE,LXM-jwl-036,https://kesimg.b-cdn.net/images/650/2025y/December/59482/Purple--Festival-Wear-Kundan-Shining-Earrings-FNKDE142PRP(1).jpg,1,Purple and Kundan Work Earring Set with Cascading Amber Crystal Drops,FALSE,Purple and Kundan Work Earring Set with Cascading… | LuxeMia,Purple and Kundan Work earring set for festival — $18. Ships in 2-3 days. DHL Express 3-5 days. In stock.,active,https://kesimg.b-cdn.net/images/650/2025y/December/59482/Purple--Festival-Wear-Kundan-Shining-Earrings-FNKDE142PRP(1).jpg,kg
jwl-038,Antique Gold Kundan Work Earring Set,"<p>Antique gold kundan work earring set.</p>
<p>For festival events — Navratri, Diwali, weddings, family functions.</p>
<p><strong>SET INCLUDES:</strong> Earring pair.</p>
<p><strong>STITCHING:</strong> Not applicable — jewelry is ready to wear. Adjustable fit where shown.</p>
<p><strong>CARE:</strong> First Wash Dry Clean. Iron at moderate temperature.</p>
<p><strong>MATERIAL:</strong> Gold-plated brass with stones. Approx weight: 200g.</p>
<p><strong>SHIPPING:</strong> Ships within 2-3 days (processing). Standard delivery time varies by country. <strong>DHL Express delivers in 3-5 days</strong>. <strong>Free shipping is always Standard</strong> — DHL Express available at checkout for an additional fee.</p>
<p><strong>AVAILABILITY:</strong> <span style=""color:#1a7f37"">✓ In stock</span> — limited edition, available while supplier inventory lasts.</p>
<p><strong>QUESTIONS?</strong> Email <a href=""mailto:hello@luxemia.shop"">hello@luxemia.shop</a>, call <a href=""tel:+12153419990"">+1-215-341-9990</a>, or <a href=""https://wa.me/12153419990"" target=""_blank"">WhatsApp Mini</a> — I answer the phone myself in English, Hindi, or Gujarati.</p>
<p><strong>SEE ALSO:</strong> <a href=""https://luxemia.shop/returns"">Returns policy</a> | <a href=""https://luxemia.shop/size-guide"">Size guide</a> | <a href=""https://luxemia.shop/blog/how-to-measure-for-indian-ethnic-wear"">How to measure</a> | <a href=""https://luxemia.shop/jewelry"">Browse all jewelry</a></p>
<p>— Mini, founder of LuxeMia</p>",LuxeMia,Accessories,Jewelry,"antique gold,festival,kundan,jewelry,indian ethnic wear,usa,ships from india,in stock",TRUE,,,,,2000,shopify,10,deny,manual,18.00,23.00,TRUE,TRUE,LXM-jwl-038,https://kesimg.b-cdn.net/images/650/2025y/December/59482/Green--Festival-Wear-Kundan-Shining-Earrings-FNKDE142GRN(1).jpg,1,Antique Gold Kundan Work Earring Set,FALSE,Antique Gold Kundan Work Earring Set | LuxeMia,Antique Gold Kundan Work earring set for festival — $18. Ships in 2-3 days. DHL Express 3-5 days. In stock.,active,https://kesimg.b-cdn.net/images/650/2025y/December/59482/Green--Festival-Wear-Kundan-Shining-Earrings-FNKDE142GRN(1).jpg,kg
jwl-039,Magenta and Kundan Work Earring Set with Pearl-Embellished Jhumka Drops,"<p>Magenta and kundan work earring set.</p>
<p>For festive events — Navratri, Diwali, weddings, family functions.</p>
<p><strong>SET INCLUDES:</strong> Earring pair.</p>
<p><strong>STITCHING:</strong> Not applicable — jewelry is ready to wear. Adjustable fit where shown.</p>
<p><strong>CARE:</strong> First Wash Dry Clean. Iron at moderate temperature.</p>
<p><strong>MATERIAL:</strong> Gold-plated brass with stones. Approx weight: 200g.</p>
<p><strong>SHIPPING:</strong> Ships within 2-3 days (processing). Standard delivery time varies by country. <strong>DHL Express delivers in 3-5 days</strong>. <strong>Free shipping is always Standard</strong> — DHL Express available at checkout for an additional fee.</p>
<p><strong>AVAILABILITY:</strong> <span style=""color:#1a7f37"">✓ In stock</span> — limited edition, available while supplier inventory lasts.</p>
<p><strong>QUESTIONS?</strong> Email <a href=""mailto:hello@luxemia.shop"">hello@luxemia.shop</a>, call <a href=""tel:+12153419990"">+1-215-341-9990</a>, or <a href=""https://wa.me/12153419990"" target=""_blank"">WhatsApp Mini</a> — I answer the phone myself in English, Hindi, or Gujarati.</p>
<p><strong>SEE ALSO:</strong> <a href=""https://luxemia.shop/returns"">Returns policy</a> | <a href=""https://luxemia.shop/size-guide"">Size guide</a> | <a href=""https://luxemia.shop/blog/how-to-measure-for-indian-ethnic-wear"">How to measure</a> | <a href=""https://luxemia.shop/jewelry"">Browse all jewelry</a></p>
<p>— Mini, founder of LuxeMia</p>",LuxeMia,Accessories,Jewelry,"magenta and,festive,kundan,jewelry,indian ethnic wear,usa,ships from india,in stock",TRUE,,,,,2000,shopify,10,deny,manual,28.00,35.00,TRUE,TRUE,LXM-jwl-039,https://kesimg.b-cdn.net/images/650/2025y/December/59482/Red--Festival-Wear-Kundan-Shining-Earrings-FNKDE140RNI(1).jpg,1,Magenta and Kundan Work Earring Set with Pearl-Embellished Jhumka Drops,FALSE,Magenta and Kundan Work Earring Set with Pearl-Em… | LuxeMia,Magenta and Kundan Work earring set for festive — $28. Ships in 2-3 days. DHL Express 3-5 days. In stock.,active,https://kesimg.b-cdn.net/images/650/2025y/December/59482/Red--Festival-Wear-Kundan-Shining-Earrings-FNKDE140RNI(1).jpg,kg
jwl-040,Pastel pink Mirror Work Earring Set with Pearl-Embellished Jhumki Drops,"<p>Pastel pink mirror work earring set.</p>
<p>For festive events — Navratri, Diwali, weddings, family functions.</p>
<p><strong>SET INCLUDES:</strong> Earring pair.</p>
<p><strong>STITCHING:</strong> Not applicable — jewelry is ready to wear. Adjustable fit where shown.</p>
<p><strong>CARE:</strong> First Wash Dry Clean. Iron at moderate temperature.</p>
<p><strong>MATERIAL:</strong> Gold-plated brass with stones. Approx weight: 200g.</p>
<p><strong>SHIPPING:</strong> Ships within 2-3 days (processing). Standard delivery time varies by country. <strong>DHL Express delivers in 3-5 days</strong>. <strong>Free shipping is always Standard</strong> — DHL Express available at checkout for an additional fee.</p>
<p><strong>AVAILABILITY:</strong> <span style=""color:#1a7f37"">✓ In stock</span> — limited edition, available while supplier inventory lasts.</p>
<p><strong>QUESTIONS?</strong> Email <a href=""mailto:hello@luxemia.shop"">hello@luxemia.shop</a>, call <a href=""tel:+12153419990"">+1-215-341-9990</a>, or <a href=""https://wa.me/12153419990"" target=""_blank"">WhatsApp Mini</a> — I answer the phone myself in English, Hindi, or Gujarati.</p>
<p><strong>SEE ALSO:</strong> <a href=""https://luxemia.shop/returns"">Returns policy</a> | <a href=""https://luxemia.shop/size-guide"">Size guide</a> | <a href=""https://luxemia.shop/blog/how-to-measure-for-indian-ethnic-wear"">How to measure</a> | <a href=""https://luxemia.shop/jewelry"">Browse all jewelry</a></p>
<p>— Mini, founder of LuxeMia</p>",LuxeMia,Accessories,Jewelry,"pastel pink,festive,mirror,jewelry,indian ethnic wear,usa,ships from india,in stock",TRUE,,,,,2000,shopify,10,deny,manual,28.00,35.00,TRUE,TRUE,LXM-jwl-040,https://kesimg.b-cdn.net/images/650/2025y/December/59482/Pink--Festival-Wear-Kundan-Shining-Earrings-FNKDE140PNK(1).jpg,1,Pastel pink Mirror Work Earring Set with Pearl-Embellished Jhumki Drops,FALSE,Pastel pink Mirror Work Earring Set with Pearl-Em… | LuxeMia,Pastel pink Mirror Work earring set for festive — $28. Ships in 2-3 days. DHL Express 3-5 days. In stock.,active,https://kesimg.b-cdn.net/images/650/2025y/December/59482/Pink--Festival-Wear-Kundan-Shining-Earrings-FNKDE140PNK(1).jpg,kg
jwl-041,Gold Kundan Work Jewelry Set with Dangling Ghungroo Bells,"<p>Gold kundan work jewelry set.</p>
<p>For festive events — Navratri, Diwali, weddings, family functions.</p>
<p><strong>SET INCLUDES:</strong> Jewelry set (see image for included pieces).</p>
<p><strong>STITCHING:</strong> Not applicable — jewelry is ready to wear. Adjustable fit where shown.</p>
<p><strong>CARE:</strong> First Wash Dry Clean. Iron at moderate temperature.</p>
<p><strong>MATERIAL:</strong> Gold-plated brass with stones. Approx weight: 200g.</p>
<p><strong>SHIPPING:</strong> Ships within 2-3 days (processing). Standard delivery time varies by country. <strong>DHL Express delivers in 3-5 days</strong>. <strong>Free shipping is always Standard</strong> — DHL Express available at checkout for an additional fee.</p>
<p><strong>AVAILABILITY:</strong> <span style=""color:#1a7f37"">✓ In stock</span> — limited edition, available while supplier inventory lasts.</p>
<p><strong>QUESTIONS?</strong> Email <a href=""mailto:hello@luxemia.shop"">hello@luxemia.shop</a>, call <a href=""tel:+12153419990"">+1-215-341-9990</a>, or <a href=""https://wa.me/12153419990"" target=""_blank"">WhatsApp Mini</a> — I answer the phone myself in English, Hindi, or Gujarati.</p>
<p><strong>SEE ALSO:</strong> <a href=""https://luxemia.shop/returns"">Returns policy</a> | <a href=""https://luxemia.shop/size-guide"">Size guide</a> | <a href=""https://luxemia.shop/blog/how-to-measure-for-indian-ethnic-wear"">How to measure</a> | <a href=""https://luxemia.shop/jewelry"">Browse all jewelry</a></p>
<p>— Mini, founder of LuxeMia</p>",LuxeMia,Accessories,Jewelry,"gold,festive,kundan,jewelry,indian ethnic wear,usa,ships from india,in stock",TRUE,,,,,200,shopify,10,deny,manual,36.00,46.00,TRUE,TRUE,LXM-jwl-041,https://kesimg.b-cdn.net/images/650/2025y/December/59484/Blue--Party-Wear-Kundan-Traditional-Long-Jhumkas-FNKE104BLU(1).jpg,1,Gold Kundan Work Jewelry Set with Dangling Ghungroo Bells,FALSE,Gold Kundan Work Jewelry Set with Dangling Ghungr… | LuxeMia,Gold Kundan Work jewelry set for festive — $36. Ships in 2-3 days. DHL Express 3-5 days. In stock.,active,https://kesimg.b-cdn.net/images/650/2025y/December/59484/Blue--Party-Wear-Kundan-Traditional-Long-Jhumkas-FNKE104BLU(1).jpg,kg
jwl-042,Maroon Kundan Jhumka Earrings with Ghungroo Bells,"<p>Gold kundan work jewelry set.</p>
<p>For festive events — Navratri, Diwali, weddings, family functions.</p>
<p><strong>SET INCLUDES:</strong> Jewelry set (see image for included pieces).</p>
<p><strong>STITCHING:</strong> Not applicable — jewelry is ready to wear. Adjustable fit where shown.</p>
<p><strong>CARE:</strong> First Wash Dry Clean. Iron at moderate temperature.</p>
<p><strong>MATERIAL:</strong> Gold-plated brass with stones. Approx weight: 200g.</p>
<p><strong>SHIPPING:</strong> Ships within 2-3 days (processing). Standard delivery time varies by country. <strong>DHL Express delivers in 3-5 days</strong>. <strong>Free shipping is always Standard</strong> — DHL Express available at checkout for an additional fee.</p>
<p><strong>AVAILABILITY:</strong> <span style=""color:#1a7f37"">✓ In stock</span> — limited edition, available while supplier inventory lasts.</p>
<p><strong>QUESTIONS?</strong> Email <a href=""mailto:hello@luxemia.shop"">hello@luxemia.shop</a>, call <a href=""tel:+12153419990"">+1-215-341-9990</a>, or <a href=""https://wa.me/12153419990"" target=""_blank"">WhatsApp Mini</a> — I answer the phone myself in English, Hindi, or Gujarati.</p>
<p><strong>SEE ALSO:</strong> <a href=""https://luxemia.shop/returns"">Returns policy</a> | <a href=""https://luxemia.shop/size-guide"">Size guide</a> | <a href=""https://luxemia.shop/blog/how-to-measure-for-indian-ethnic-wear"">How to measure</a> | <a href=""https://luxemia.shop/jewelry"">Browse all jewelry</a></p>
<p>— Mini, founder of LuxeMia</p>",LuxeMia,Accessories,Jewelry,"gold,festive,kundan,jewelry,indian ethnic wear,usa,ships from india,in stock",TRUE,,,,,200,shopify,10,deny,manual,36.00,46.00,TRUE,TRUE,LXM-jwl-042,https://kesimg.b-cdn.net/images/650/2025y/December/59484/Maroon--Party-Wear-Kundan-Traditional-Long-Jhumkas-FNKE102MRN(1).jpg,1,Maroon Kundan Jhumka Earrings with Ghungroo Bells,FALSE,Maroon Kundan Jhumka Earrings with Ghungroo Bells | LuxeMia,Gold Kundan Work jewelry set for festive — $36. Ships in 2-3 days. DHL Express 3-5 days. In stock.,active,https://kesimg.b-cdn.net/images/650/2025y/December/59484/Maroon--Party-Wear-Kundan-Traditional-Long-Jhumkas-FNKE102MRN(1).jpg,kg
jwl-043,Black Kundan Jhumka Earrings with Ghungroo Bells,"<p>Gold kundan work jewelry set.</p>
<p>For festive events — Navratri, Diwali, weddings, family functions.</p>
<p><strong>SET INCLUDES:</strong> Jewelry set (see image for included pieces).</p>
<p><strong>STITCHING:</strong> Not applicable — jewelry is ready to wear. Adjustable fit where shown.</p>
<p><strong>CARE:</strong> First Wash Dry Clean. Iron at moderate temperature.</p>
<p><strong>MATERIAL:</strong> Gold-plated brass with stones. Approx weight: 200g.</p>
<p><strong>SHIPPING:</strong> Ships within 2-3 days (processing). Standard delivery time varies by country. <strong>DHL Express delivers in 3-5 days</strong>. <strong>Free shipping is always Standard</strong> — DHL Express available at checkout for an additional fee.</p>
<p><strong>AVAILABILITY:</strong> <span style=""color:#1a7f37"">✓ In stock</span> — limited edition, available while supplier inventory lasts.</p>
<p><strong>QUESTIONS?</strong> Email <a href=""mailto:hello@luxemia.shop"">hello@luxemia.shop</a>, call <a href=""tel:+12153419990"">+1-215-341-9990</a>, or <a href=""https://wa.me/12153419990"" target=""_blank"">WhatsApp Mini</a> — I answer the phone myself in English, Hindi, or Gujarati.</p>
<p><strong>SEE ALSO:</strong> <a href=""https://luxemia.shop/returns"">Returns policy</a> | <a href=""https://luxemia.shop/size-guide"">Size guide</a> | <a href=""https://luxemia.shop/blog/how-to-measure-for-indian-ethnic-wear"">How to measure</a> | <a href=""https://luxemia.shop/jewelry"">Browse all jewelry</a></p>
<p>— Mini, founder of LuxeMia</p>",LuxeMia,Accessories,Jewelry,"gold,festive,kundan,jewelry,indian ethnic wear,usa,ships from india,in stock",TRUE,,,,,200,shopify,10,deny,manual,36.00,46.00,TRUE,TRUE,LXM-jwl-043,https://kesimg.b-cdn.net/images/650/2025y/December/59484/Black--Party-Wear-Kundan-Traditional-Long-Jhumkas-FNKE102BLK(1).jpg,1,Black Kundan Jhumka Earrings with Ghungroo Bells,FALSE,Black Kundan Jhumka Earrings with Ghungroo Bells | LuxeMia,Gold Kundan Work jewelry set for festive — $36. Ships in 2-3 days. DHL Express 3-5 days. In stock.,active,https://kesimg.b-cdn.net/images/650/2025y/December/59484/Black--Party-Wear-Kundan-Traditional-Long-Jhumkas-FNKE102BLK(1).jpg,kg
jwl-044,Gold Mirror Work Earring Set with Dangling Golden Bells (Ghungroos),"<p>Gold mirror work earring set.</p>
<p>For party events — Navratri, Diwali, weddings, family functions.</p>
<p><strong>SET INCLUDES:</strong> Earring pair.</p>
<p><strong>STITCHING:</strong> Not applicable — jewelry is ready to wear. Adjustable fit where shown.</p>
<p><strong>CARE:</strong> First Wash Dry Clean. Iron at moderate temperature.</p>
<p><strong>MATERIAL:</strong> Gold-plated brass with stones. Approx weight: 200g.</p>
<p><strong>SHIPPING:</strong> Ships within 2-3 days (processing). Standard delivery time varies by country. <strong>DHL Express delivers in 3-5 days</strong>. <strong>Free shipping is always Standard</strong> — DHL Express available at checkout for an additional fee.</p>
<p><strong>AVAILABILITY:</strong> <span style=""color:#1a7f37"">✓ In stock</span> — limited edition, available while supplier inventory lasts.</p>
<p><strong>QUESTIONS?</strong> Email <a href=""mailto:hello@luxemia.shop"">hello@luxemia.shop</a>, call <a href=""tel:+12153419990"">+1-215-341-9990</a>, or <a href=""https://wa.me/12153419990"" target=""_blank"">WhatsApp Mini</a> — I answer the phone myself in English, Hindi, or Gujarati.</p>
<p><strong>SEE ALSO:</strong> <a href=""https://luxemia.shop/returns"">Returns policy</a> | <a href=""https://luxemia.shop/size-guide"">Size guide</a> | <a href=""https://luxemia.shop/blog/how-to-measure-for-indian-ethnic-wear"">How to measure</a> | <a href=""https://luxemia.shop/jewelry"">Browse all jewelry</a></p>
<p>— Mini, founder of LuxeMia</p>",LuxeMia,Accessories,Jewelry,"gold,party,mirror,jewelry,indian ethnic wear,usa,ships from india,in stock",TRUE,,,,,2000,shopify,10,deny,manual,30.00,38.00,TRUE,TRUE,LXM-jwl-044,https://kesimg.b-cdn.net/images/650/2025y/December/59485/Red--Party-Wear-Kundan-Stylish-Earrings-FNKE111RED(1).jpg,1,Gold Mirror Work Earring Set with Dangling Golden Bells (Ghungroos),FALSE,Gold Mirror Work Earring Set with Dangling Golden… | LuxeMia,Gold Mirror Work earring set for party — $30. Ships in 2-3 days. DHL Express 3-5 days. In stock.,active,https://kesimg.b-cdn.net/images/650/2025y/December/59485/Red--Party-Wear-Kundan-Stylish-Earrings-FNKE111RED(1).jpg,kg
jwl-045,Gold Mirror Work Earring Set with Green Stone And Pearl Detailing,"<p>Gold mirror work earring set.</p>
<p>For party events — Navratri, Diwali, weddings, family functions.</p>
<p><strong>SET INCLUDES:</strong> Earring pair.</p>
<p><strong>STITCHING:</strong> Not applicable — jewelry is ready to wear. Adjustable fit where shown.</p>
<p><strong>CARE:</strong> First Wash Dry Clean. Iron at moderate temperature.</p>
<p><strong>MATERIAL:</strong> Gold-plated brass with stones. Approx weight: 200g.</p>
<p><strong>SHIPPING:</strong> Ships within 2-3 days (processing). Standard delivery time varies by country. <strong>DHL Express delivers in 3-5 days</strong>. <strong>Free shipping is always Standard</strong> — DHL Express available at checkout for an additional fee.</p>
<p><strong>AVAILABILITY:</strong> <span style=""color:#1a7f37"">✓ In stock</span> — limited edition, available while supplier inventory lasts.</p>
<p><strong>QUESTIONS?</strong> Email <a href=""mailto:hello@luxemia.shop"">hello@luxemia.shop</a>, call <a href=""tel:+12153419990"">+1-215-341-9990</a>, or <a href=""https://wa.me/12153419990"" target=""_blank"">WhatsApp Mini</a> — I answer the phone myself in English, Hindi, or Gujarati.</p>
<p><strong>SEE ALSO:</strong> <a href=""https://luxemia.shop/returns"">Returns policy</a> | <a href=""https://luxemia.shop/size-guide"">Size guide</a> | <a href=""https://luxemia.shop/blog/how-to-measure-for-indian-ethnic-wear"">How to measure</a> | <a href=""https://luxemia.shop/jewelry"">Browse all jewelry</a></p>
<p>— Mini, founder of LuxeMia</p>",LuxeMia,Accessories,Jewelry,"gold,party,mirror,jewelry,indian ethnic wear,usa,ships from india,in stock",TRUE,,,,,2000,shopify,10,deny,manual,30.00,38.00,TRUE,TRUE,LXM-jwl-045,https://kesimg.b-cdn.net/images/650/2025y/December/59485/Pista-Green--Party-Wear-Kundan-Stylish-Earrings-FNKE111PG(1).jpg,1,Gold Mirror Work Earring Set with Green Stone And Pearl Detailing,FALSE,Gold Mirror Work Earring Set with Green Stone And… | LuxeMia,Gold Mirror Work earring set for party — $30. Ships in 2-3 days. DHL Express 3-5 days. In stock.,active,https://kesimg.b-cdn.net/images/650/2025y/December/59485/Pista-Green--Party-Wear-Kundan-Stylish-Earrings-FNKE111PG(1).jpg,kg
jwl-046,"Gold Kundan Work Bangle Set with Scalloped, Wavy Edge Design","<p>Gold kundan work bangle set.</p>
<p>For party events — Navratri, Diwali, weddings, family functions.</p>
<p><strong>SET INCLUDES:</strong> Bangle set.</p>
<p><strong>STITCHING:</strong> Not applicable — jewelry is ready to wear. Adjustable fit where shown.</p>
<p><strong>CARE:</strong> First Wash Dry Clean. Iron at moderate temperature.</p>
<p><strong>MATERIAL:</strong> Gold-plated brass with stones. Approx weight: 200g.</p>
<p><strong>SHIPPING:</strong> Ships within 2-3 days (processing). Standard delivery time varies by country. <strong>DHL Express delivers in 3-5 days</strong>. <strong>Free shipping is always Standard</strong> — DHL Express available at checkout for an additional fee.</p>
<p><strong>AVAILABILITY:</strong> <span style=""color:#1a7f37"">✓ In stock</span> — limited edition, available while supplier inventory lasts.</p>
<p><strong>QUESTIONS?</strong> Email <a href=""mailto:hello@luxemia.shop"">hello@luxemia.shop</a>, call <a href=""tel:+12153419990"">+1-215-341-9990</a>, or <a href=""https://wa.me/12153419990"" target=""_blank"">WhatsApp Mini</a> — I answer the phone myself in English, Hindi, or Gujarati.</p>
<p><strong>SEE ALSO:</strong> <a href=""https://luxemia.shop/returns"">Returns policy</a> | <a href=""https://luxemia.shop/size-guide"">Size guide</a> | <a href=""https://luxemia.shop/blog/how-to-measure-for-indian-ethnic-wear"">How to measure</a> | <a href=""https://luxemia.shop/jewelry"">Browse all jewelry</a></p>
<p>— Mini, founder of LuxeMia</p>",LuxeMia,Accessories,Jewelry,"gold,party,kundan,jewelry,indian ethnic wear,usa,ships from india,in stock",TRUE,,,,,2000,shopify,10,deny,manual,19.00,25.00,TRUE,TRUE,LXM-jwl-046,https://kesimg.b-cdn.net/images/650/2025y/December/59480/Golden--Party-Wear-Diamond-Work-Pretty-Bangles-FNADB116GLD(1).jpg,1,"Gold Kundan Work Bangle Set with Scalloped, Wavy Edge Design",FALSE,"Gold Kundan Work Bangle Set with Scalloped, Wavy… | LuxeMia",Gold Kundan Work bangle set for party — $19. Ships in 2-3 days. DHL Express 3-5 days. In stock.,active,https://kesimg.b-cdn.net/images/650/2025y/December/59480/Golden--Party-Wear-Diamond-Work-Pretty-Bangles-FNADB116GLD(1).jpg,kg
jwl-047,Gold Kundan Work Bangle Set with Greek Key Geometric Cutout Design,"<p>Gold kundan work bangle set.</p>
<p>For festive events — Navratri, Diwali, weddings, family functions.</p>
<p><strong>SET INCLUDES:</strong> Bangle set.</p>
<p><strong>STITCHING:</strong> Not applicable — jewelry is ready to wear. Adjustable fit where shown.</p>
<p><strong>CARE:</strong> First Wash Dry Clean. Iron at moderate temperature.</p>
<p><strong>MATERIAL:</strong> Gold-plated brass with stones. Approx weight: 200g.</p>
<p><strong>SHIPPING:</strong> Ships within 2-3 days (processing). Standard delivery time varies by country. <strong>DHL Express delivers in 3-5 days</strong>. <strong>Free shipping is always Standard</strong> — DHL Express available at checkout for an additional fee.</p>
<p><strong>AVAILABILITY:</strong> <span style=""color:#1a7f37"">✓ In stock</span> — limited edition, available while supplier inventory lasts.</p>
<p><strong>QUESTIONS?</strong> Email <a href=""mailto:hello@luxemia.shop"">hello@luxemia.shop</a>, call <a href=""tel:+12153419990"">+1-215-341-9990</a>, or <a href=""https://wa.me/12153419990"" target=""_blank"">WhatsApp Mini</a> — I answer the phone myself in English, Hindi, or Gujarati.</p>
<p><strong>SEE ALSO:</strong> <a href=""https://luxemia.shop/returns"">Returns policy</a> | <a href=""https://luxemia.shop/size-guide"">Size guide</a> | <a href=""https://luxemia.shop/blog/how-to-measure-for-indian-ethnic-wear"">How to measure</a> | <a href=""https://luxemia.shop/jewelry"">Browse all jewelry</a></p>
<p>— Mini, founder of LuxeMia</p>",LuxeMia,Accessories,Jewelry,"gold,festive,kundan,jewelry,indian ethnic wear,usa,ships from india,in stock",TRUE,,,,,2000,shopify,10,deny,manual,19.00,25.00,TRUE,TRUE,LXM-jwl-047,https://kesimg.b-cdn.net/images/650/2025y/December/59480/Golden--Party-Wear-Diamond-Work-Pretty-Bangles-FNADB112GLD(1).jpg,1,Gold Kundan Work Bangle Set with Greek Key Geometric Cutout Design,FALSE,Gold Kundan Work Bangle Set with Greek Key Geomet… | LuxeMia,Gold Kundan Work bangle set for festive — $19. Ships in 2-3 days. DHL Express 3-5 days. In stock.,active,https://kesimg.b-cdn.net/images/650/2025y/December/59480/Golden--Party-Wear-Diamond-Work-Pretty-Bangles-FNADB112GLD(1).jpg,kg
jwl-048,Gold Kundan Work Bangle Set with Open-Ended Cuff Design With A,"<p>Gold kundan work bangle set.</p>
<p>For festive events — Navratri, Diwali, weddings, family functions.</p>
<p><strong>SET INCLUDES:</strong> Bangle set.</p>
<p><strong>STITCHING:</strong> Not applicable — jewelry is ready to wear. Adjustable fit where shown.</p>
<p><strong>CARE:</strong> First Wash Dry Clean. Iron at moderate temperature.</p>
<p><strong>MATERIAL:</strong> Gold-plated brass with stones. Approx weight: 200g.</p>
<p><strong>SHIPPING:</strong> Ships within 2-3 days (processing). Standard delivery time varies by country. <strong>DHL Express delivers in 3-5 days</strong>. <strong>Free shipping is always Standard</strong> — DHL Express available at checkout for an additional fee.</p>
<p><strong>AVAILABILITY:</strong> <span style=""color:#1a7f37"">✓ In stock</span> — limited edition, available while supplier inventory lasts.</p>
<p><strong>QUESTIONS?</strong> Email <a href=""mailto:hello@luxemia.shop"">hello@luxemia.shop</a>, call <a href=""tel:+12153419990"">+1-215-341-9990</a>, or <a href=""https://wa.me/12153419990"" target=""_blank"">WhatsApp Mini</a> — I answer the phone myself in English, Hindi, or Gujarati.</p>
<p><strong>SEE ALSO:</strong> <a href=""https://luxemia.shop/returns"">Returns policy</a> | <a href=""https://luxemia.shop/size-guide"">Size guide</a> | <a href=""https://luxemia.shop/blog/how-to-measure-for-indian-ethnic-wear"">How to measure</a> | <a href=""https://luxemia.shop/jewelry"">Browse all jewelry</a></p>
<p>— Mini, founder of LuxeMia</p>",LuxeMia,Accessories,Jewelry,"gold,festive,kundan,jewelry,indian ethnic wear,usa,ships from india,in stock",TRUE,,,,,2000,shopify,10,deny,manual,19.00,25.00,TRUE,TRUE,LXM-jwl-048,https://kesimg.b-cdn.net/images/650/2025y/December/59480/Golden--Party-Wear-Diamond-Work-Pretty-Bangles-FNADB111GLD(1).jpg,1,Gold Kundan Work Bangle Set with Open-Ended Cuff Design With A,FALSE,Gold Kundan Work Bangle Set with Open-Ended Cuff… | LuxeMia,Gold Kundan Work bangle set for festive — $19. Ships in 2-3 days. DHL Express 3-5 days. In stock.,active,https://kesimg.b-cdn.net/images/650/2025y/December/59480/Golden--Party-Wear-Diamond-Work-Pretty-Bangles-FNADB111GLD(1).jpg,kg
jwl-049,"Gold Bangle Set with Open, Multi-Layered Geometric Design","<p>Gold bangle set.</p>
<p>For festive events — Navratri, Diwali, weddings, family functions.</p>
<p><strong>SET INCLUDES:</strong> Bangle set.</p>
<p><strong>STITCHING:</strong> Not applicable — jewelry is ready to wear. Adjustable fit where shown.</p>
<p><strong>CARE:</strong> First Wash Dry Clean. Iron at moderate temperature.</p>
<p><strong>MATERIAL:</strong> Gold-plated brass with stones. Approx weight: 200g.</p>
<p><strong>SHIPPING:</strong> Ships within 2-3 days (processing). Standard delivery time varies by country. <strong>DHL Express delivers in 3-5 days</strong>. <strong>Free shipping is always Standard</strong> — DHL Express available at checkout for an additional fee.</p>
<p><strong>AVAILABILITY:</strong> <span style=""color:#1a7f37"">✓ In stock</span> — limited edition, available while supplier inventory lasts.</p>
<p><strong>QUESTIONS?</strong> Email <a href=""mailto:hello@luxemia.shop"">hello@luxemia.shop</a>, call <a href=""tel:+12153419990"">+1-215-341-9990</a>, or <a href=""https://wa.me/12153419990"" target=""_blank"">WhatsApp Mini</a> — I answer the phone myself in English, Hindi, or Gujarati.</p>
<p><strong>SEE ALSO:</strong> <a href=""https://luxemia.shop/returns"">Returns policy</a> | <a href=""https://luxemia.shop/size-guide"">Size guide</a> | <a href=""https://luxemia.shop/blog/how-to-measure-for-indian-ethnic-wear"">How to measure</a> | <a href=""https://luxemia.shop/jewelry"">Browse all jewelry</a></p>
<p>— Mini, founder of LuxeMia</p>",LuxeMia,Accessories,Jewelry,"gold,festive,jewelry,indian ethnic wear,usa,ships from india,in stock",TRUE,,,,,2000,shopify,10,deny,manual,19.00,25.00,TRUE,TRUE,LXM-jwl-049,https://kesimg.b-cdn.net/images/650/2025y/December/59480/Golden--Party-Wear-Diamond-Work-Pretty-Bangles-FNADB110GLD(1).jpg,1,"Gold Bangle Set with Open, Multi-Layered Geometric Design",FALSE,"Gold Bangle Set with Open, Multi-Layered Geometri… | LuxeMia",Gold bangle set for festive — $19. Ships in 2-3 days. DHL Express 3-5 days. In stock.,active,https://kesimg.b-cdn.net/images/650/2025y/December/59480/Golden--Party-Wear-Diamond-Work-Pretty-Bangles-FNADB110GLD(1).jpg,kg
jwl-050,Gold Bangle Set with Openwork Geometric Design With Interlocking,"<p>Gold bangle set.</p>
<p>For festive events — Navratri, Diwali, weddings, family functions.</p>
<p><strong>SET INCLUDES:</strong> Bangle set.</p>
<p><strong>STITCHING:</strong> Not applicable — jewelry is ready to wear. Adjustable fit where shown.</p>
<p><strong>CARE:</strong> First Wash Dry Clean. Iron at moderate temperature.</p>
<p><strong>MATERIAL:</strong> Gold-plated brass with stones. Approx weight: 200g.</p>
<p><strong>SHIPPING:</strong> Ships within 2-3 days (processing). Standard delivery time varies by country. <strong>DHL Express delivers in 3-5 days</strong>. <strong>Free shipping is always Standard</strong> — DHL Express available at checkout for an additional fee.</p>
<p><strong>AVAILABILITY:</strong> <span style=""color:#1a7f37"">✓ In stock</span> — limited edition, available while supplier inventory lasts.</p>
<p><strong>QUESTIONS?</strong> Email <a href=""mailto:hello@luxemia.shop"">hello@luxemia.shop</a>, call <a href=""tel:+12153419990"">+1-215-341-9990</a>, or <a href=""https://wa.me/12153419990"" target=""_blank"">WhatsApp Mini</a> — I answer the phone myself in English, Hindi, or Gujarati.</p>
<p><strong>SEE ALSO:</strong> <a href=""https://luxemia.shop/returns"">Returns policy</a> | <a href=""https://luxemia.shop/size-guide"">Size guide</a> | <a href=""https://luxemia.shop/blog/how-to-measure-for-indian-ethnic-wear"">How to measure</a> | <a href=""https://luxemia.shop/jewelry"">Browse all jewelry</a></p>
<p>— Mini, founder of LuxeMia</p>",LuxeMia,Accessories,Jewelry,"gold,festive,jewelry,indian ethnic wear,usa,ships from india,in stock",TRUE,,,,,2000,shopify,10,deny,manual,19.00,25.00,TRUE,TRUE,LXM-jwl-050,https://kesimg.b-cdn.net/images/650/2025y/December/59480/Golden--Party-Wear-Diamond-Work-Pretty-Bangles-FNADB109GLD(1).jpg,1,Gold Bangle Set with Openwork Geometric Design With Interlocking,FALSE,Gold Bangle Set with Openwork Geometric Design Wi… | LuxeMia,Gold bangle set for festive — $19. Ships in 2-3 days. DHL Express 3-5 days. In stock.,active,https://kesimg.b-cdn.net/images/650/2025y/December/59480/Golden--Party-Wear-Diamond-Work-Pretty-Bangles-FNADB109GLD(1).jpg,kg
jwl-051,Gold Bangle Set with Open-Ended Cuff Design With A,"<p>Gold bangle set.</p>
<p>For festive events — Navratri, Diwali, weddings, family functions.</p>
<p><strong>SET INCLUDES:</strong> Bangle set.</p>
<p><strong>STITCHING:</strong> Not applicable — jewelry is ready to wear. Adjustable fit where shown.</p>
<p><strong>CARE:</strong> First Wash Dry Clean. Iron at moderate temperature.</p>
<p><strong>MATERIAL:</strong> Gold-plated brass with stones. Approx weight: 200g.</p>
<p><strong>SHIPPING:</strong> Ships within 2-3 days (processing). Standard delivery time varies by country. <strong>DHL Express delivers in 3-5 days</strong>. <strong>Free shipping is always Standard</strong> — DHL Express available at checkout for an additional fee.</p>
<p><strong>AVAILABILITY:</strong> <span style=""color:#1a7f37"">✓ In stock</span> — limited edition, available while supplier inventory lasts.</p>
<p><strong>QUESTIONS?</strong> Email <a href=""mailto:hello@luxemia.shop"">hello@luxemia.shop</a>, call <a href=""tel:+12153419990"">+1-215-341-9990</a>, or <a href=""https://wa.me/12153419990"" target=""_blank"">WhatsApp Mini</a> — I answer the phone myself in English, Hindi, or Gujarati.</p>
<p><strong>SEE ALSO:</strong> <a href=""https://luxemia.shop/returns"">Returns policy</a> | <a href=""https://luxemia.shop/size-guide"">Size guide</a> | <a href=""https://luxemia.shop/blog/how-to-measure-for-indian-ethnic-wear"">How to measure</a> | <a href=""https://luxemia.shop/jewelry"">Browse all jewelry</a></p>
<p>— Mini, founder of LuxeMia</p>",LuxeMia,Accessories,Jewelry,"gold,festive,jewelry,indian ethnic wear,usa,ships from india,in stock",TRUE,,,,,2000,shopify,10,deny,manual,19.00,25.00,TRUE,TRUE,LXM-jwl-051,https://kesimg.b-cdn.net/images/650/2025y/December/59480/Golden--Party-Wear-Diamond-Work-Pretty-Bangles-FNADB108GLD(1).jpg,1,Gold Bangle Set with Open-Ended Cuff Design With A,FALSE,Gold Bangle Set with Open-Ended Cuff Design With A | LuxeMia,Gold bangle set for festive — $19. Ships in 2-3 days. DHL Express 3-5 days. In stock.,active,https://kesimg.b-cdn.net/images/650/2025y/December/59480/Golden--Party-Wear-Diamond-Work-Pretty-Bangles-FNADB108GLD(1).jpg,kg
jwl-053,Gold Mirror Work Jewelry Set with Dangling Jhumka Bells,"<p>Gold mirror work jewelry set.</p>
<p>For festival events — Navratri, Diwali, weddings, family functions.</p>
<p><strong>SET INCLUDES:</strong> Jewelry set (see image for included pieces).</p>
<p><strong>STITCHING:</strong> Not applicable — jewelry is ready to wear. Adjustable fit where shown.</p>
<p><strong>CARE:</strong> First Wash Dry Clean. Iron at moderate temperature.</p>
<p><strong>MATERIAL:</strong> Gold-plated brass with stones. Approx weight: 200g.</p>
<p><strong>SHIPPING:</strong> Ships within 2-3 days (processing). Standard delivery time varies by country. <strong>DHL Express delivers in 3-5 days</strong>. <strong>Free shipping is always Standard</strong> — DHL Express available at checkout for an additional fee.</p>
<p><strong>AVAILABILITY:</strong> <span style=""color:#1a7f37"">✓ In stock</span> — limited edition, available while supplier inventory lasts.</p>
<p><strong>QUESTIONS?</strong> Email <a href=""mailto:hello@luxemia.shop"">hello@luxemia.shop</a>, call <a href=""tel:+12153419990"">+1-215-341-9990</a>, or <a href=""https://wa.me/12153419990"" target=""_blank"">WhatsApp Mini</a> — I answer the phone myself in English, Hindi, or Gujarati.</p>
<p><strong>SEE ALSO:</strong> <a href=""https://luxemia.shop/returns"">Returns policy</a> | <a href=""https://luxemia.shop/size-guide"">Size guide</a> | <a href=""https://luxemia.shop/blog/how-to-measure-for-indian-ethnic-wear"">How to measure</a> | <a href=""https://luxemia.shop/jewelry"">Browse all jewelry</a></p>
<p>— Mini, founder of LuxeMia</p>",LuxeMia,Accessories,Jewelry,"gold,festival,mirror,jewelry,indian ethnic wear,usa,ships from india,in stock",TRUE,,,,,200,shopify,10,deny,manual,23.00,29.00,TRUE,TRUE,LXM-jwl-053,https://kesimg.b-cdn.net/images/650/2025y/December/59483/Black--Festival-Wear-Kundan-Beautiful-Earrings-FNKDE144BLK(1).jpg,1,Gold Mirror Work Jewelry Set with Dangling Jhumka Bells,FALSE,Gold Mirror Work Jewelry Set with Dangling Jhumka… | LuxeMia,Gold Mirror Work jewelry set for festival — $23. Ships in 2-3 days. DHL Express 3-5 days. In stock.,active,https://kesimg.b-cdn.net/images/650/2025y/December/59483/Black--Festival-Wear-Kundan-Beautiful-Earrings-FNKDE144BLK(1).jpg,kg
jwl-054,Emerald Green Kundan Work Jewelry Set,"<p>Emerald green kundan work jewelry set.</p>
<p>For festival events — Navratri, Diwali, weddings, family functions.</p>
<p><strong>SET INCLUDES:</strong> Jewelry set (see image for included pieces).</p>
<p><strong>STITCHING:</strong> Not applicable — jewelry is ready to wear. Adjustable fit where shown.</p>
<p><strong>CARE:</strong> First Wash Dry Clean. Iron at moderate temperature.</p>
<p><strong>MATERIAL:</strong> Gold-plated brass with stones. Approx weight: 200g.</p>
<p><strong>SHIPPING:</strong> Ships within 2-3 days (processing). Standard delivery time varies by country. <strong>DHL Express delivers in 3-5 days</strong>. <strong>Free shipping is always Standard</strong> — DHL Express available at checkout for an additional fee.</p>
<p><strong>AVAILABILITY:</strong> <span style=""color:#1a7f37"">✓ In stock</span> — limited edition, available while supplier inventory lasts.</p>
<p><strong>QUESTIONS?</strong> Email <a href=""mailto:hello@luxemia.shop"">hello@luxemia.shop</a>, call <a href=""tel:+12153419990"">+1-215-341-9990</a>, or <a href=""https://wa.me/12153419990"" target=""_blank"">WhatsApp Mini</a> — I answer the phone myself in English, Hindi, or Gujarati.</p>
<p><strong>SEE ALSO:</strong> <a href=""https://luxemia.shop/returns"">Returns policy</a> | <a href=""https://luxemia.shop/size-guide"">Size guide</a> | <a href=""https://luxemia.shop/blog/how-to-measure-for-indian-ethnic-wear"">How to measure</a> | <a href=""https://luxemia.shop/jewelry"">Browse all jewelry</a></p>
<p>— Mini, founder of LuxeMia</p>",LuxeMia,Accessories,Jewelry,"emerald green,festival,kundan,jewelry,indian ethnic wear,usa,ships from india,in stock",TRUE,,,,,200,shopify,10,deny,manual,18.00,23.00,TRUE,TRUE,LXM-jwl-054,https://kesimg.b-cdn.net/images/650/2025y/December/59483/Dark-Green--Festival-Wear-Kundan-Beautiful-Earrings-FNKDE143GRN(1).jpg,1,Emerald Green Kundan Work Jewelry Set,FALSE,Emerald Green Kundan Work Jewelry Set | LuxeMia,Emerald green Kundan Work jewelry set for festival — $18. Ships in 2-3 days. DHL Express 3-5 days. In stock.,active,https://kesimg.b-cdn.net/images/650/2025y/December/59483/Dark-Green--Festival-Wear-Kundan-Beautiful-Earrings-FNKDE143GRN(1).jpg,kg
jwl-055,Green Kundan Work Jewelry Set with Pearl Jhumka Drops,"<p>Green kundan work jewelry set.</p>
<p>For festive events — Navratri, Diwali, weddings, family functions.</p>
<p><strong>SET INCLUDES:</strong> Jewelry set (see image for included pieces).</p>
<p><strong>STITCHING:</strong> Not applicable — jewelry is ready to wear. Adjustable fit where shown.</p>
<p><strong>CARE:</strong> First Wash Dry Clean. Iron at moderate temperature.</p>
<p><strong>MATERIAL:</strong> Gold-plated brass with stones. Approx weight: 200g.</p>
<p><strong>SHIPPING:</strong> Ships within 2-3 days (processing). Standard delivery time varies by country. <strong>DHL Express delivers in 3-5 days</strong>. <strong>Free shipping is always Standard</strong> — DHL Express available at checkout for an additional fee.</p>
<p><strong>AVAILABILITY:</strong> <span style=""color:#1a7f37"">✓ In stock</span> — limited edition, available while supplier inventory lasts.</p>
<p><strong>QUESTIONS?</strong> Email <a href=""mailto:hello@luxemia.shop"">hello@luxemia.shop</a>, call <a href=""tel:+12153419990"">+1-215-341-9990</a>, or <a href=""https://wa.me/12153419990"" target=""_blank"">WhatsApp Mini</a> — I answer the phone myself in English, Hindi, or Gujarati.</p>
<p><strong>SEE ALSO:</strong> <a href=""https://luxemia.shop/returns"">Returns policy</a> | <a href=""https://luxemia.shop/size-guide"">Size guide</a> | <a href=""https://luxemia.shop/blog/how-to-measure-for-indian-ethnic-wear"">How to measure</a> | <a href=""https://luxemia.shop/jewelry"">Browse all jewelry</a></p>
<p>— Mini, founder of LuxeMia</p>",LuxeMia,Accessories,Jewelry,"green,festive,kundan,jewelry,indian ethnic wear,usa,ships from india,in stock",TRUE,,,,,200,shopify,10,deny,manual,28.00,35.00,TRUE,TRUE,LXM-jwl-055,https://kesimg.b-cdn.net/images/650/2025y/December/59482/Green--Festival-Wear-Kundan-Shining-Earrings-FNKDE140GRN(1).jpg,1,Green Kundan Work Jewelry Set with Pearl Jhumka Drops,FALSE,Green Kundan Work Jewelry Set with Pearl Jhumka D… | LuxeMia,Green Kundan Work jewelry set for festive — $28. Ships in 2-3 days. DHL Express 3-5 days. In stock.,active,https://kesimg.b-cdn.net/images/650/2025y/December/59482/Green--Festival-Wear-Kundan-Shining-Earrings-FNKDE140GRN(1).jpg,kg
jwl-056,Gold Mirror Work Jewelry Set with Small Golden Ghungroo (Bell) Tassels,"<p>Gold mirror work jewelry set.</p>
<p>For party events — Navratri, Diwali, weddings, family functions.</p>
<p><strong>SET INCLUDES:</strong> Jewelry set (see image for included pieces).</p>
<p><strong>STITCHING:</strong> Not applicable — jewelry is ready to wear. Adjustable fit where shown.</p>
<p><strong>CARE:</strong> First Wash Dry Clean. Iron at moderate temperature.</p>
<p><strong>MATERIAL:</strong> Gold-plated brass with stones. Approx weight: 200g.</p>
<p><strong>SHIPPING:</strong> Ships within 2-3 days (processing). Standard delivery time varies by country. <strong>DHL Express delivers in 3-5 days</strong>. <strong>Free shipping is always Standard</strong> — DHL Express available at checkout for an additional fee.</p>
<p><strong>AVAILABILITY:</strong> <span style=""color:#1a7f37"">✓ In stock</span> — limited edition, available while supplier inventory lasts.</p>
<p><strong>QUESTIONS?</strong> Email <a href=""mailto:hello@luxemia.shop"">hello@luxemia.shop</a>, call <a href=""tel:+12153419990"">+1-215-341-9990</a>, or <a href=""https://wa.me/12153419990"" target=""_blank"">WhatsApp Mini</a> — I answer the phone myself in English, Hindi, or Gujarati.</p>
<p><strong>SEE ALSO:</strong> <a href=""https://luxemia.shop/returns"">Returns policy</a> | <a href=""https://luxemia.shop/size-guide"">Size guide</a> | <a href=""https://luxemia.shop/blog/how-to-measure-for-indian-ethnic-wear"">How to measure</a> | <a href=""https://luxemia.shop/jewelry"">Browse all jewelry</a></p>
<p>— Mini, founder of LuxeMia</p>",LuxeMia,Accessories,Jewelry,"gold,party,mirror,jewelry,indian ethnic wear,usa,ships from india,in stock",TRUE,,,,,200,shopify,10,deny,manual,30.00,38.00,TRUE,TRUE,LXM-jwl-056,https://kesimg.b-cdn.net/images/650/2025y/December/59485/Golden--Party-Wear-Kundan-Stylish-Earrings-FNKE111PCH(1).jpg,1,Gold Mirror Work Jewelry Set with Small Golden Ghungroo (Bell) Tassels,FALSE,Gold Mirror Work Jewelry Set with Small Golden Gh… | LuxeMia,Gold Mirror Work jewelry set for party — $30. Ships in 2-3 days. DHL Express 3-5 days. In stock.,active,https://kesimg.b-cdn.net/images/650/2025y/December/59485/Golden--Party-Wear-Kundan-Stylish-Earrings-FNKE111PCH(1).jpg,kg
jwl-057,Gold Kundan Work Jewelry Set with Pearl And Ghungroo Tassels,"<p>Gold kundan work jewelry set.</p>
<p>For party events — Navratri, Diwali, weddings, family functions.</p>
<p><strong>SET INCLUDES:</strong> Jewelry set (see image for included pieces).</p>
<p><strong>STITCHING:</strong> Not applicable — jewelry is ready to wear. Adjustable fit where shown.</p>
<p><strong>CARE:</strong> First Wash Dry Clean. Iron at moderate temperature.</p>
<p><strong>MATERIAL:</strong> Gold-plated brass with stones. Approx weight: 200g.</p>
<p><strong>SHIPPING:</strong> Ships within 2-3 days (processing). Standard delivery time varies by country. <strong>DHL Express delivers in 3-5 days</strong>. <strong>Free shipping is always Standard</strong> — DHL Express available at checkout for an additional fee.</p>
<p><strong>AVAILABILITY:</strong> <span style=""color:#1a7f37"">✓ In stock</span> — limited edition, available while supplier inventory lasts.</p>
<p><strong>QUESTIONS?</strong> Email <a href=""mailto:hello@luxemia.shop"">hello@luxemia.shop</a>, call <a href=""tel:+12153419990"">+1-215-341-9990</a>, or <a href=""https://wa.me/12153419990"" target=""_blank"">WhatsApp Mini</a> — I answer the phone myself in English, Hindi, or Gujarati.</p>
<p><strong>SEE ALSO:</strong> <a href=""https://luxemia.shop/returns"">Returns policy</a> | <a href=""https://luxemia.shop/size-guide"">Size guide</a> | <a href=""https://luxemia.shop/blog/how-to-measure-for-indian-ethnic-wear"">How to measure</a> | <a href=""https://luxemia.shop/jewelry"">Browse all jewelry</a></p>
<p>— Mini, founder of LuxeMia</p>",LuxeMia,Accessories,Jewelry,"gold,party,kundan,jewelry,indian ethnic wear,usa,ships from india,in stock",TRUE,,,,,200,shopify,10,deny,manual,26.00,33.00,TRUE,TRUE,LXM-jwl-057,https://kesimg.b-cdn.net/images/650/2025y/December/59485/White--Party-Wear-Kundan-Stylish-Earrings-FNKE110WHT(1).jpg,1,Gold Kundan Work Jewelry Set with Pearl And Ghungroo Tassels,FALSE,Gold Kundan Work Jewelry Set with Pearl And Ghung… | LuxeMia,Gold Kundan Work jewelry set for party — $26. Ships in 2-3 days. DHL Express 3-5 days. In stock.,active,https://kesimg.b-cdn.net/images/650/2025y/December/59485/White--Party-Wear-Kundan-Stylish-Earrings-FNKE110WHT(1).jpg,kg
jwl-058,Gold Kundan Work Jewelry Set with Pearl And Gold Bell Tassels,"<p>Gold kundan work jewelry set.</p>
<p>For party events — Navratri, Diwali, weddings, family functions.</p>
<p><strong>SET INCLUDES:</strong> Jewelry set (see image for included pieces).</p>
<p><strong>STITCHING:</strong> Not applicable — jewelry is ready to wear. Adjustable fit where shown.</p>
<p><strong>CARE:</strong> First Wash Dry Clean. Iron at moderate temperature.</p>
<p><strong>MATERIAL:</strong> Gold-plated brass with stones. Approx weight: 200g.</p>
<p><strong>SHIPPING:</strong> Ships within 2-3 days (processing). Standard delivery time varies by country. <strong>DHL Express delivers in 3-5 days</strong>. <strong>Free shipping is always Standard</strong> — DHL Express available at checkout for an additional fee.</p>
<p><strong>AVAILABILITY:</strong> <span style=""color:#1a7f37"">✓ In stock</span> — limited edition, available while supplier inventory lasts.</p>
<p><strong>QUESTIONS?</strong> Email <a href=""mailto:hello@luxemia.shop"">hello@luxemia.shop</a>, call <a href=""tel:+12153419990"">+1-215-341-9990</a>, or <a href=""https://wa.me/12153419990"" target=""_blank"">WhatsApp Mini</a> — I answer the phone myself in English, Hindi, or Gujarati.</p>
<p><strong>SEE ALSO:</strong> <a href=""https://luxemia.shop/returns"">Returns policy</a> | <a href=""https://luxemia.shop/size-guide"">Size guide</a> | <a href=""https://luxemia.shop/blog/how-to-measure-for-indian-ethnic-wear"">How to measure</a> | <a href=""https://luxemia.shop/jewelry"">Browse all jewelry</a></p>
<p>— Mini, founder of LuxeMia</p>",LuxeMia,Accessories,Jewelry,"gold,party,kundan,jewelry,indian ethnic wear,usa,ships from india,in stock",TRUE,,,,,200,shopify,10,deny,manual,26.00,33.00,TRUE,TRUE,LXM-jwl-058,https://kesimg.b-cdn.net/images/650/2025y/December/59485/Pink--Party-Wear-Kundan-Stylish-Earrings-FNKE110PNK(1).jpg,1,Gold Kundan Work Jewelry Set with Pearl And Gold Bell Tassels,FALSE,Gold Kundan Work Jewelry Set with Pearl And Gold… | LuxeMia,Gold Kundan Work jewelry set for party — $26. Ships in 2-3 days. DHL Express 3-5 days. In stock.,active,https://kesimg.b-cdn.net/images/650/2025y/December/59485/Pink--Party-Wear-Kundan-Stylish-Earrings-FNKE110PNK(1).jpg,kg
pink-party-wear-georgette-lehenga-choli-with-dupatta-7088,Pink Sequin Lehenga Choli with Contrast Dupatta,"<p>Pink sequin lehenga choli with dupatta.</p>
<p>For party events — Navratri, Diwali, weddings, family functions.</p>
<p><strong>SET INCLUDES:</strong> Lehenga, choli, and dupatta.</p>
<p><strong>STITCHING OPTIONS:</strong></p>
<p>&nbsp;&nbsp;&bull; <strong>Standard Size S-XXL</strong> (+$23) — we stitch to a standard size before shipping.</p>
<p>&nbsp;&nbsp;&bull; <strong>Custom Stitching</strong> (+$37) — we stitch to your exact measurements (form emailed after order, 4-5 days extra).</p>
<p>&nbsp;&nbsp;&bull; <strong>Unstitched</strong> (+$0) — fabric shipped as-is, you arrange stitching locally.</p>
<p><strong>CARE:</strong> First Wash Dry Clean. Iron at moderate temperature.</p>
<p><strong>FABRIC:</strong> Georgette (synthetic). Approx weight: 2 kg (full set).</p>
<p><strong>SHIPPING:</strong> Ships within 2-3 days (processing). Standard delivery time varies by country. <strong>DHL Express delivers in 3-5 days</strong>. <strong>Free shipping is always Standard</strong> — DHL Express available at checkout for an additional fee.</p>
<p><strong>AVAILABILITY:</strong> <span style=""color:#1a7f37"">✓ In stock</span> — limited edition, available while supplier inventory lasts.</p>
<p><strong>QUESTIONS?</strong> Email <a href=""mailto:hello@luxemia.shop"">hello@luxemia.shop</a>, call <a href=""tel:+12153419990"">+1-215-341-9990</a>, or <a href=""https://wa.me/12153419990"" target=""_blank"">WhatsApp Mini</a> — I answer the phone myself in English, Hindi, or Gujarati.</p>
<p><strong>SEE ALSO:</strong> <a href=""https://luxemia.shop/returns"">Returns policy</a> | <a href=""https://luxemia.shop/size-guide"">Size guide</a> | <a href=""https://luxemia.shop/blog/how-to-measure-for-indian-ethnic-wear"">How to measure</a> | <a href=""https://luxemia.shop/lehengas"">Browse all lehengas</a></p>
<p>— Mini, founder of LuxeMia</p>",LuxeMia,Clothing,Lehenga,"pink,georgette,party,sequins,lehenga,lehenga choli,indian ethnic wear,usa,ships from india,in stock",TRUE,,,,,2000,shopify,10,deny,manual,83.99,120.99,TRUE,TRUE,LXM-pink-party-wear-geor,https://fashidwholesale.in/images/product/sub_images/2026/05/2026-05-06_13_59_22-VOL-34%20By%20ZEEL%20COTHING%207088%20PINK.jpeg,1,Pink Sequin Lehenga Choli with Contrast Dupatta,FALSE,Pink Sequin Lehenga Choli with Contrast Dupatta | LuxeMia,Pink Sequin lehenga choli for party — $84. Ships in 2-3 days. DHL Express 3-5 days. In stock.,active,https://fashidwholesale.in/images/product/sub_images/2026/05/2026-05-06_13_59_22-VOL-34%20By%20ZEEL%20COTHING%207088%20PINK.jpeg,kg
olive-occasion-wear-georgette-lehenga-choli-with-dupatta-7084,"Olive Green Embroidered Lehenga Choli with Sheer, Scalloped-Edge Dupatta","<p>Olive green embroidered lehenga choli with dupatta.</p>
<p>For festive events — Navratri, Diwali, weddings, family functions.</p>
<p><strong>SET INCLUDES:</strong> Lehenga, choli, and dupatta.</p>
<p><strong>STITCHING OPTIONS:</strong></p>
<p>&nbsp;&nbsp;&bull; <strong>Standard Size S-XXL</strong> (+$23) — we stitch to a standard size before shipping.</p>
<p>&nbsp;&nbsp;&bull; <strong>Custom Stitching</strong> (+$37) — we stitch to your exact measurements (form emailed after order, 4-5 days extra).</p>
<p>&nbsp;&nbsp;&bull; <strong>Unstitched</strong> (+$0) — fabric shipped as-is, you arrange stitching locally.</p>
<p><strong>CARE:</strong> First Wash Dry Clean. Iron at moderate temperature.</p>
<p><strong>FABRIC:</strong> Georgette (synthetic). Approx weight: 2 kg (full set).</p>
<p><strong>SHIPPING:</strong> Ships within 2-3 days (processing). Standard delivery time varies by country. <strong>DHL Express delivers in 3-5 days</strong>. <strong>Free shipping is always Standard</strong> — DHL Express available at checkout for an additional fee.</p>
<p><strong>AVAILABILITY:</strong> <span style=""color:#1a7f37"">✓ In stock</span> — limited edition, available while supplier inventory lasts.</p>
<p><strong>QUESTIONS?</strong> Email <a href=""mailto:hello@luxemia.shop"">hello@luxemia.shop</a>, call <a href=""tel:+12153419990"">+1-215-341-9990</a>, or <a href=""https://wa.me/12153419990"" target=""_blank"">WhatsApp Mini</a> — I answer the phone myself in English, Hindi, or Gujarati.</p>
<p><strong>SEE ALSO:</strong> <a href=""https://luxemia.shop/returns"">Returns policy</a> | <a href=""https://luxemia.shop/size-guide"">Size guide</a> | <a href=""https://luxemia.shop/blog/how-to-measure-for-indian-ethnic-wear"">How to measure</a> | <a href=""https://luxemia.shop/lehengas"">Browse all lehengas</a></p>
<p>— Mini, founder of LuxeMia</p>",LuxeMia,Clothing,Lehenga,"olive green,georgette,festive,embroidery,lehenga,lehenga choli,indian ethnic wear,usa,ships from india,in stock",TRUE,,,,,2000,shopify,10,deny,manual,91.99,131.99,TRUE,TRUE,LXM-olive-occasion-wear-,https://fashidwholesale.in/images/product/sub_images/2026/05/2026-05-06_13_59_22-VOL-34%20By%20ZEEL%20COTHING%207084%20OLIVE.jpeg,1,"Olive Green Embroidered Lehenga Choli with Sheer, Scalloped-Edge Dupatta",FALSE,"Olive Green Embroidered Lehenga Choli with Sheer,… | LuxeMia",Olive green Embroidered lehenga choli for festive — $92. Ships in 2-3 days. DHL Express 3-5 days. In stock.,active,https://fashidwholesale.in/images/product/sub_images/2026/05/2026-05-06_13_59_22-VOL-34%20By%20ZEEL%20COTHING%207084%20OLIVE.jpeg,kg
blue-party-wear-georgette-lehenga-choli-with-dupatta-7093,Navy Blue Embroidered Lehenga Choli with Scalloped Hem On The Lehenga,"<p>Navy blue embroidered lehenga choli with dupatta.</p>
<p>For party events — Navratri, Diwali, weddings, family functions.</p>
<p><strong>SET INCLUDES:</strong> Lehenga, choli, and dupatta.</p>
<p><strong>STITCHING OPTIONS:</strong></p>
<p>&nbsp;&nbsp;&bull; <strong>Standard Size S-XXL</strong> (+$23) — we stitch to a standard size before shipping.</p>
<p>&nbsp;&nbsp;&bull; <strong>Custom Stitching</strong> (+$37) — we stitch to your exact measurements (form emailed after order, 4-5 days extra).</p>
<p>&nbsp;&nbsp;&bull; <strong>Unstitched</strong> (+$0) — fabric shipped as-is, you arrange stitching locally.</p>
<p><strong>CARE:</strong> First Wash Dry Clean. Iron at moderate temperature.</p>
<p><strong>FABRIC:</strong> Georgette (synthetic). Approx weight: 2 kg (full set).</p>
<p><strong>SHIPPING:</strong> Ships within 2-3 days (processing). Standard delivery time varies by country. <strong>DHL Express delivers in 3-5 days</strong>. <strong>Free shipping is always Standard</strong> — DHL Express available at checkout for an additional fee.</p>
<p><strong>AVAILABILITY:</strong> <span style=""color:#1a7f37"">✓ In stock</span> — limited edition, available while supplier inventory lasts.</p>
<p><strong>QUESTIONS?</strong> Email <a href=""mailto:hello@luxemia.shop"">hello@luxemia.shop</a>, call <a href=""tel:+12153419990"">+1-215-341-9990</a>, or <a href=""https://wa.me/12153419990"" target=""_blank"">WhatsApp Mini</a> — I answer the phone myself in English, Hindi, or Gujarati.</p>
<p><strong>SEE ALSO:</strong> <a href=""https://luxemia.shop/returns"">Returns policy</a> | <a href=""https://luxemia.shop/size-guide"">Size guide</a> | <a href=""https://luxemia.shop/blog/how-to-measure-for-indian-ethnic-wear"">How to measure</a> | <a href=""https://luxemia.shop/lehengas"">Browse all lehengas</a></p>
<p>— Mini, founder of LuxeMia</p>",LuxeMia,Clothing,Lehenga,"navy blue,georgette,party,embroidery,lehenga,lehenga choli,indian ethnic wear,usa,ships from india,in stock",TRUE,,,,,2000,shopify,10,deny,manual,72.99,104.99,TRUE,TRUE,LXM-blue-party-wear-geor,https://fashidwholesale.in/images/product/sub_images/2026/05/2026-05-06_13_59_23-VOL-34%20By%20ZEEL%20COTHING%207093%20BLUE.jpeg,1,Navy Blue Embroidered Lehenga Choli with Scalloped Hem On The Lehenga,FALSE,Navy Blue Embroidered Lehenga Choli with Scallope… | LuxeMia,Navy Blue Embroidered lehenga choli for party — $73. Ships in 2-3 days. DHL Express 3-5 days. In stock.,active,https://fashidwholesale.in/images/product/sub_images/2026/05/2026-05-06_13_59_23-VOL-34%20By%20ZEEL%20COTHING%207093%20BLUE.jpeg,kg
green-party-wear-georgette-lehenga-choli-with-dupatta-7093,Olive Green Embroidered Lehenga Choli with Scalloped Hem On The Lehenga,"<p>Olive green embroidered lehenga choli with dupatta.</p>
<p>For party events — Navratri, Diwali, weddings, family functions.</p>
<p><strong>SET INCLUDES:</strong> Lehenga, choli, and dupatta.</p>
<p><strong>STITCHING OPTIONS:</strong></p>
<p>&nbsp;&nbsp;&bull; <strong>Standard Size S-XXL</strong> (+$23) — we stitch to a standard size before shipping.</p>
<p>&nbsp;&nbsp;&bull; <strong>Custom Stitching</strong> (+$37) — we stitch to your exact measurements (form emailed after order, 4-5 days extra).</p>
<p>&nbsp;&nbsp;&bull; <strong>Unstitched</strong> (+$0) — fabric shipped as-is, you arrange stitching locally.</p>
<p><strong>CARE:</strong> First Wash Dry Clean. Iron at moderate temperature.</p>
<p><strong>FABRIC:</strong> Georgette (synthetic). Approx weight: 2 kg (full set).</p>
<p><strong>SHIPPING:</strong> Ships within 2-3 days (processing). Standard delivery time varies by country. <strong>DHL Express delivers in 3-5 days</strong>. <strong>Free shipping is always Standard</strong> — DHL Express available at checkout for an additional fee.</p>
<p><strong>AVAILABILITY:</strong> <span style=""color:#1a7f37"">✓ In stock</span> — limited edition, available while supplier inventory lasts.</p>
<p><strong>QUESTIONS?</strong> Email <a href=""mailto:hello@luxemia.shop"">hello@luxemia.shop</a>, call <a href=""tel:+12153419990"">+1-215-341-9990</a>, or <a href=""https://wa.me/12153419990"" target=""_blank"">WhatsApp Mini</a> — I answer the phone myself in English, Hindi, or Gujarati.</p>
<p><strong>SEE ALSO:</strong> <a href=""https://luxemia.shop/returns"">Returns policy</a> | <a href=""https://luxemia.shop/size-guide"">Size guide</a> | <a href=""https://luxemia.shop/blog/how-to-measure-for-indian-ethnic-wear"">How to measure</a> | <a href=""https://luxemia.shop/lehengas"">Browse all lehengas</a></p>
<p>— Mini, founder of LuxeMia</p>",LuxeMia,Clothing,Lehenga,"olive green,georgette,party,embroidery,lehenga,lehenga choli,indian ethnic wear,usa,ships from india,in stock",TRUE,,,,,2000,shopify,10,deny,manual,72.99,104.99,TRUE,TRUE,LXM-green-party-wear-geo,https://fashidwholesale.in/images/product/sub_images/2026/05/2026-05-06_13_59_23-VOL-34%20By%20ZEEL%20COTHING%207093%20GREEN.jpeg,1,Olive Green Embroidered Lehenga Choli with Scalloped Hem On The Lehenga,FALSE,Olive Green Embroidered Lehenga Choli with Scallo… | LuxeMia,Olive Green Embroidered lehenga choli for party — $73. Ships in 2-3 days. DHL Express 3-5 days. In stock.,active,https://fashidwholesale.in/images/product/sub_images/2026/05/2026-05-06_13_59_23-VOL-34%20By%20ZEEL%20COTHING%207093%20GREEN.jpeg,kg
beige-cotton-kurta-pajama,Cream Kurta Pajama with Asymmetrical Draped Hem With Side,"<p>Cream kurta pajama with pajama.</p>
<p>For festive events — Navratri, Diwali, weddings, family functions.</p>
<p><strong>SET INCLUDES:</strong> Kurta and pajama.</p>
<p><strong>STITCHING OPTIONS:</strong></p>
<p>&nbsp;&nbsp;&bull; <strong>Standard Size 36-44</strong> (+$23) — we stitch to a standard size before shipping.</p>
<p>&nbsp;&nbsp;&bull; <strong>Custom Stitching</strong> (+$37) — we stitch to your exact measurements (form emailed after order, 4-5 days extra).</p>
<p><strong>CARE:</strong> First Wash Dry Clean. Iron at moderate temperature.</p>
<p><strong>FABRIC:</strong> Cotton (natural fiber). Approx weight: 2 kg (full set).</p>
<p><strong>SHIPPING:</strong> Ships within 2-3 days (processing). Standard delivery time varies by country. <strong>DHL Express delivers in 3-5 days</strong>. <strong>Free shipping is always Standard</strong> — DHL Express available at checkout for an additional fee.</p>
<p><strong>AVAILABILITY:</strong> <span style=""color:#1a7f37"">✓ In stock</span> — limited edition, available while supplier inventory lasts.</p>
<p><strong>QUESTIONS?</strong> Email <a href=""mailto:hello@luxemia.shop"">hello@luxemia.shop</a>, call <a href=""tel:+12153419990"">+1-215-341-9990</a>, or <a href=""https://wa.me/12153419990"" target=""_blank"">WhatsApp Mini</a> — I answer the phone myself in English, Hindi, or Gujarati.</p>
<p><strong>SEE ALSO:</strong> <a href=""https://luxemia.shop/returns"">Returns policy</a> | <a href=""https://luxemia.shop/size-guide"">Size guide</a> | <a href=""https://luxemia.shop/blog/how-to-measure-for-indian-ethnic-wear"">How to measure</a> | <a href=""https://luxemia.shop/menswear"">Browse all menswear</a></p>
<p>— Mini, founder of LuxeMia</p>",LuxeMia,Clothing,Menswear,"cream,cotton,festive,menswear,indian ethnic wear,usa,ships from india,in stock",TRUE,,,,,2000,shopify,10,deny,manual,109.35,147.78,TRUE,TRUE,LXM-beige-cotton-kurta-p,https://kesimg.b-cdn.net/images/650/2025y/December/59783/Beige-Cotton-Ocassional-Wear-Printed-Work-Readymade-Kurta-Pajama-Combo-Set-(32-to-52-Size-and-1-to-14-Size-1220(1).jpg,1,Cream Kurta Pajama with Asymmetrical Draped Hem With Side,FALSE,Cream Kurta Pajama with Asymmetrical Draped Hem W… | LuxeMia,Cream kurta pajama for festive — $109. Ships in 2-3 days. DHL Express 3-5 days. In stock.,active,https://kesimg.b-cdn.net/images/650/2025y/December/59783/Beige-Cotton-Ocassional-Wear-Printed-Work-Readymade-Kurta-Pajama-Combo-Set-(32-to-52-Size-and-1-to-14-Size-1220(1).jpg,kg
blue-banarasi-jacquard-sherwani,Sky Blue Zari Work Sherwani with Mandarin Collar And Side Button,"<p>Sky blue zari work sherwani with pajama.</p>
<p>For festive events — Navratri, Diwali, weddings, family functions.</p>
<p><strong>SET INCLUDES:</strong> Sherwani, kurta, pajama, and dupatta (where shown).</p>
<p><strong>STITCHING OPTIONS:</strong></p>
<p>&nbsp;&nbsp;&bull; <strong>Standard Size 36-44</strong> (+$23) — we stitch to a standard size before shipping.</p>
<p>&nbsp;&nbsp;&bull; <strong>Custom Stitching</strong> (+$37) — we stitch to your exact measurements (form emailed after order, 4-5 days extra).</p>
<p><strong>CARE:</strong> First Wash Dry Clean. Iron at moderate temperature.</p>
<p><strong>FABRIC:</strong> Premium fabric (see images). Approx weight: 2 kg (full set).</p>
<p><strong>SHIPPING:</strong> Ships within 2-3 days (processing). Standard delivery time varies by country. <strong>DHL Express delivers in 3-5 days</strong>. <strong>Free shipping is always Standard</strong> — DHL Express available at checkout for an additional fee.</p>
<p><strong>AVAILABILITY:</strong> <span style=""color:#1a7f37"">✓ In stock</span> — limited edition, available while supplier inventory lasts.</p>
<p><strong>QUESTIONS?</strong> Email <a href=""mailto:hello@luxemia.shop"">hello@luxemia.shop</a>, call <a href=""tel:+12153419990"">+1-215-341-9990</a>, or <a href=""https://wa.me/12153419990"" target=""_blank"">WhatsApp Mini</a> — I answer the phone myself in English, Hindi, or Gujarati.</p>
<p><strong>SEE ALSO:</strong> <a href=""https://luxemia.shop/returns"">Returns policy</a> | <a href=""https://luxemia.shop/size-guide"">Size guide</a> | <a href=""https://luxemia.shop/blog/how-to-measure-for-indian-ethnic-wear"">How to measure</a> | <a href=""https://luxemia.shop/menswear"">Browse all menswear</a></p>
<p>— Mini, founder of LuxeMia</p>",LuxeMia,Clothing,Menswear,"sky blue,festive,zari,menswear,indian ethnic wear,usa,ships from india,in stock",TRUE,,,,,2000,shopify,10,deny,manual,350.85,487.29,TRUE,TRUE,LXM-blue-banarasi-jacqua,https://kesimg.b-cdn.net/images/650/2025y/October/59064/Blue-Banarasi-Jacquard-Wedding-Wear-Neck-Work-Readymade-Groom-Sherwani-4025(1).jpg,1,Sky Blue Zari Work Sherwani with Mandarin Collar And Side Button,FALSE,Sky Blue Zari Work Sherwani with Mandarin Collar… | LuxeMia,Sky blue Zari Work sherwani for festive — $351. Ships in 2-3 days. DHL Express 3-5 days. In stock.,active,https://kesimg.b-cdn.net/images/650/2025y/October/59064/Blue-Banarasi-Jacquard-Wedding-Wear-Neck-Work-Readymade-Groom-Sherwani-4025(1).jpg,kg
teal-blue-cotton-kurta-pajama,Teal Embroidered Kurta Pajama with Contrast Red Churidar Pants,"<p>Teal embroidered kurta pajama with pajama.</p>
<p>For festive events — Navratri, Diwali, weddings, family functions.</p>
<p><strong>SET INCLUDES:</strong> Kurta and pajama.</p>
<p><strong>STITCHING OPTIONS:</strong></p>
<p>&nbsp;&nbsp;&bull; <strong>Standard Size 36-44</strong> (+$23) — we stitch to a standard size before shipping.</p>
<p>&nbsp;&nbsp;&bull; <strong>Custom Stitching</strong> (+$37) — we stitch to your exact measurements (form emailed after order, 4-5 days extra).</p>
<p><strong>CARE:</strong> First Wash Dry Clean. Iron at moderate temperature.</p>
<p><strong>FABRIC:</strong> Cotton (natural fiber). Approx weight: 2 kg (full set).</p>
<p><strong>SHIPPING:</strong> Ships within 2-3 days (processing). Standard delivery time varies by country. <strong>DHL Express delivers in 3-5 days</strong>. <strong>Free shipping is always Standard</strong> — DHL Express available at checkout for an additional fee.</p>
<p><strong>AVAILABILITY:</strong> <span style=""color:#1a7f37"">✓ In stock</span> — limited edition, available while supplier inventory lasts.</p>
<p><strong>QUESTIONS?</strong> Email <a href=""mailto:hello@luxemia.shop"">hello@luxemia.shop</a>, call <a href=""tel:+12153419990"">+1-215-341-9990</a>, or <a href=""https://wa.me/12153419990"" target=""_blank"">WhatsApp Mini</a> — I answer the phone myself in English, Hindi, or Gujarati.</p>
<p><strong>SEE ALSO:</strong> <a href=""https://luxemia.shop/returns"">Returns policy</a> | <a href=""https://luxemia.shop/size-guide"">Size guide</a> | <a href=""https://luxemia.shop/blog/how-to-measure-for-indian-ethnic-wear"">How to measure</a> | <a href=""https://luxemia.shop/menswear"">Browse all menswear</a></p>
<p>— Mini, founder of LuxeMia</p>",LuxeMia,Clothing,Menswear,"teal,cotton,festive,embroidery,menswear,indian ethnic wear,usa,ships from india,in stock",TRUE,,,,,2000,shopify,10,deny,manual,73.35,99.12,TRUE,TRUE,LXM-teal-blue-cotton-kur,https://kesimg.b-cdn.net/images/650/2025y/December/59783/Teal-Blue-Cotton-Ocassional-Wear-Printed-Work-Readymade-Kurta-Pajama-Combo-Set-(32-to-52-Size-and-1-to-14-Size-1214(1).jpg,1,Teal Embroidered Kurta Pajama with Contrast Red Churidar Pants,FALSE,Teal Embroidered Kurta Pajama with Contrast Red C… | LuxeMia,Teal Embroidered kurta pajama for festive — $73. Ships in 2-3 days. DHL Express 3-5 days. In stock.,active,https://kesimg.b-cdn.net/images/650/2025y/December/59783/Teal-Blue-Cotton-Ocassional-Wear-Printed-Work-Readymade-Kurta-Pajama-Combo-Set-(32-to-52-Size-and-1-to-14-Size-1214(1).jpg,kg
black-banarasi-jacquard-sherwani,Brown Zari Work Sherwani with Mandarin Collar,"<p>Brown zari work sherwani with pajama.</p>
<p>For festive events — Navratri, Diwali, weddings, family functions.</p>
<p><strong>SET INCLUDES:</strong> Sherwani, kurta, pajama, and dupatta (where shown).</p>
<p><strong>STITCHING OPTIONS:</strong></p>
<p>&nbsp;&nbsp;&bull; <strong>Standard Size 36-44</strong> (+$23) — we stitch to a standard size before shipping.</p>
<p>&nbsp;&nbsp;&bull; <strong>Custom Stitching</strong> (+$37) — we stitch to your exact measurements (form emailed after order, 4-5 days extra).</p>
<p><strong>CARE:</strong> First Wash Dry Clean. Iron at moderate temperature.</p>
<p><strong>FABRIC:</strong> Premium fabric (see images). Approx weight: 2 kg (full set).</p>
<p><strong>SHIPPING:</strong> Ships within 2-3 days (processing). Standard delivery time varies by country. <strong>DHL Express delivers in 3-5 days</strong>. <strong>Free shipping is always Standard</strong> — DHL Express available at checkout for an additional fee.</p>
<p><strong>AVAILABILITY:</strong> <span style=""color:#1a7f37"">✓ In stock</span> — limited edition, available while supplier inventory lasts.</p>
<p><strong>QUESTIONS?</strong> Email <a href=""mailto:hello@luxemia.shop"">hello@luxemia.shop</a>, call <a href=""tel:+12153419990"">+1-215-341-9990</a>, or <a href=""https://wa.me/12153419990"" target=""_blank"">WhatsApp Mini</a> — I answer the phone myself in English, Hindi, or Gujarati.</p>
<p><strong>SEE ALSO:</strong> <a href=""https://luxemia.shop/returns"">Returns policy</a> | <a href=""https://luxemia.shop/size-guide"">Size guide</a> | <a href=""https://luxemia.shop/blog/how-to-measure-for-indian-ethnic-wear"">How to measure</a> | <a href=""https://luxemia.shop/menswear"">Browse all menswear</a></p>
<p>— Mini, founder of LuxeMia</p>",LuxeMia,Clothing,Menswear,"brown,festive,zari,menswear,indian ethnic wear,usa,ships from india,in stock",TRUE,,,,,2000,shopify,10,deny,manual,350.85,487.29,TRUE,TRUE,LXM-black-banarasi-jacqu,https://kesimg.b-cdn.net/images/650/2025y/October/59064/Black-Banarasi-Jacquard-Wedding-Wear-Neck-Work-Readymade-Groom-Sherwani-4026(1).jpg,1,Brown Zari Work Sherwani with Mandarin Collar,FALSE,Brown Zari Work Sherwani with Mandarin Collar | LuxeMia,Brown Zari Work sherwani for festive — $351. Ships in 2-3 days. DHL Express 3-5 days. In stock.,active,https://kesimg.b-cdn.net/images/650/2025y/October/59064/Black-Banarasi-Jacquard-Wedding-Wear-Neck-Work-Readymade-Groom-Sherwani-4026(1).jpg,kg
black-cotton-kurta-pajama,Black Zari Work Kurta Pajama with Contrast Maroon Churidar Pants,"<p>Black zari work kurta pajama with pajama.</p>
<p>For festive events — Navratri, Diwali, weddings, family functions.</p>
<p><strong>SET INCLUDES:</strong> Kurta and pajama.</p>
<p><strong>STITCHING OPTIONS:</strong></p>
<p>&nbsp;&nbsp;&bull; <strong>Standard Size 36-44</strong> (+$23) — we stitch to a standard size before shipping.</p>
<p>&nbsp;&nbsp;&bull; <strong>Custom Stitching</strong> (+$37) — we stitch to your exact measurements (form emailed after order, 4-5 days extra).</p>
<p><strong>CARE:</strong> First Wash Dry Clean. Iron at moderate temperature.</p>
<p><strong>FABRIC:</strong> Cotton (natural fiber). Approx weight: 2 kg (full set).</p>
<p><strong>SHIPPING:</strong> Ships within 2-3 days (processing). Standard delivery time varies by country. <strong>DHL Express delivers in 3-5 days</strong>. <strong>Free shipping is always Standard</strong> — DHL Express available at checkout for an additional fee.</p>
<p><strong>AVAILABILITY:</strong> <span style=""color:#1a7f37"">✓ In stock</span> — limited edition, available while supplier inventory lasts.</p>
<p><strong>QUESTIONS?</strong> Email <a href=""mailto:hello@luxemia.shop"">hello@luxemia.shop</a>, call <a href=""tel:+12153419990"">+1-215-341-9990</a>, or <a href=""https://wa.me/12153419990"" target=""_blank"">WhatsApp Mini</a> — I answer the phone myself in English, Hindi, or Gujarati.</p>
<p><strong>SEE ALSO:</strong> <a href=""https://luxemia.shop/returns"">Returns policy</a> | <a href=""https://luxemia.shop/size-guide"">Size guide</a> | <a href=""https://luxemia.shop/blog/how-to-measure-for-indian-ethnic-wear"">How to measure</a> | <a href=""https://luxemia.shop/menswear"">Browse all menswear</a></p>
<p>— Mini, founder of LuxeMia</p>",LuxeMia,Clothing,Menswear,"black,cotton,festive,zari,menswear,indian ethnic wear,usa,ships from india,in stock",TRUE,,,,,2000,shopify,10,deny,manual,104.85,141.69,TRUE,TRUE,LXM-black-cotton-kurta-p,https://kesimg.b-cdn.net/images/650/2025y/December/59783/Black-Mulberry-Butti-Ocassional-Wear-Printed-Work-Readymade-Kurta-Pajama-Combo-Set-(32-to-52-Size-and-1-to-14-Size-1218(1).jpg,1,Black Zari Work Kurta Pajama with Contrast Maroon Churidar Pants,FALSE,Black Zari Work Kurta Pajama with Contrast Maroon… | LuxeMia,Black Zari Work kurta pajama for festive — $105. Ships in 2-3 days. DHL Express 3-5 days. In stock.,active,https://kesimg.b-cdn.net/images/650/2025y/December/59783/Black-Mulberry-Butti-Ocassional-Wear-Printed-Work-Readymade-Kurta-Pajama-Combo-Set-(32-to-52-Size-and-1-to-14-Size-1218(1).jpg,kg
yellow-cotton-kurta-pajama,Yellow Embroidered Kurta Pajama with Father-Son Matching Set,"<p>Yellow embroidered kurta pajama with pajama.</p>
<p>For festive events — Navratri, Diwali, weddings, family functions.</p>
<p><strong>SET INCLUDES:</strong> Kurta and pajama.</p>
<p><strong>STITCHING OPTIONS:</strong></p>
<p>&nbsp;&nbsp;&bull; <strong>Standard Size 36-44</strong> (+$23) — we stitch to a standard size before shipping.</p>
<p>&nbsp;&nbsp;&bull; <strong>Custom Stitching</strong> (+$37) — we stitch to your exact measurements (form emailed after order, 4-5 days extra).</p>
<p><strong>CARE:</strong> First Wash Dry Clean. Iron at moderate temperature.</p>
<p><strong>FABRIC:</strong> Cotton (natural fiber). Approx weight: 2 kg (full set).</p>
<p><strong>SHIPPING:</strong> Ships within 2-3 days (processing). Standard delivery time varies by country. <strong>DHL Express delivers in 3-5 days</strong>. <strong>Free shipping is always Standard</strong> — DHL Express available at checkout for an additional fee.</p>
<p><strong>AVAILABILITY:</strong> <span style=""color:#1a7f37"">✓ In stock</span> — limited edition, available while supplier inventory lasts.</p>
<p><strong>QUESTIONS?</strong> Email <a href=""mailto:hello@luxemia.shop"">hello@luxemia.shop</a>, call <a href=""tel:+12153419990"">+1-215-341-9990</a>, or <a href=""https://wa.me/12153419990"" target=""_blank"">WhatsApp Mini</a> — I answer the phone myself in English, Hindi, or Gujarati.</p>
<p><strong>SEE ALSO:</strong> <a href=""https://luxemia.shop/returns"">Returns policy</a> | <a href=""https://luxemia.shop/size-guide"">Size guide</a> | <a href=""https://luxemia.shop/blog/how-to-measure-for-indian-ethnic-wear"">How to measure</a> | <a href=""https://luxemia.shop/menswear"">Browse all menswear</a></p>
<p>— Mini, founder of LuxeMia</p>",LuxeMia,Clothing,Menswear,"yellow,cotton,festive,embroidery,menswear,indian ethnic wear,usa,ships from india,in stock",TRUE,,,,,2000,shopify,10,deny,manual,79.35,107.22,TRUE,TRUE,LXM-yellow-cotton-kurta-,https://kesimg.b-cdn.net/images/650/2025y/December/59783/Yellow-Cotton-Ocassional-Wear-Printed-Work-Readymade-Kurta-Pajama-Combo-Set-(32-to-52-Size-and-1-to-14-Size-1208(1).jpg,1,Yellow Embroidered Kurta Pajama with Father-Son Matching Set,FALSE,Yellow Embroidered Kurta Pajama with Father-Son M… | LuxeMia,Yellow Embroidered kurta pajama for festive — $79. Ships in 2-3 days. DHL Express 3-5 days. In stock.,active,https://kesimg.b-cdn.net/images/650/2025y/December/59783/Yellow-Cotton-Ocassional-Wear-Printed-Work-Readymade-Kurta-Pajama-Combo-Set-(32-to-52-Size-and-1-to-14-Size-1208(1).jpg,kg
light-pink-art-silk-groom-sherwani,Light Pink Embroidered Sherwani with Mandarin Collar,"<p>Light pink embroidered sherwani with pajama.</p>
<p>For festive events — Navratri, Diwali, weddings, family functions.</p>
<p><strong>SET INCLUDES:</strong> Sherwani, kurta, pajama, and dupatta (where shown).</p>
<p><strong>STITCHING OPTIONS:</strong></p>
<p>&nbsp;&nbsp;&bull; <strong>Standard Size 36-44</strong> (+$23) — we stitch to a standard size before shipping.</p>
<p>&nbsp;&nbsp;&bull; <strong>Custom Stitching</strong> (+$37) — we stitch to your exact measurements (form emailed after order, 4-5 days extra).</p>
<p><strong>CARE:</strong> First Wash Dry Clean. Iron at moderate temperature.</p>
<p><strong>FABRIC:</strong> Art Silk (synthetic). Approx weight: 2 kg (full set).</p>
<p><strong>SHIPPING:</strong> Ships within 2-3 days (processing). Standard delivery time varies by country. <strong>DHL Express delivers in 3-5 days</strong>. <strong>Free shipping is always Standard</strong> — DHL Express available at checkout for an additional fee.</p>
<p><strong>AVAILABILITY:</strong> <span style=""color:#1a7f37"">✓ In stock</span> — limited edition, available while supplier inventory lasts.</p>
<p><strong>QUESTIONS?</strong> Email <a href=""mailto:hello@luxemia.shop"">hello@luxemia.shop</a>, call <a href=""tel:+12153419990"">+1-215-341-9990</a>, or <a href=""https://wa.me/12153419990"" target=""_blank"">WhatsApp Mini</a> — I answer the phone myself in English, Hindi, or Gujarati.</p>
<p><strong>SEE ALSO:</strong> <a href=""https://luxemia.shop/returns"">Returns policy</a> | <a href=""https://luxemia.shop/size-guide"">Size guide</a> | <a href=""https://luxemia.shop/blog/how-to-measure-for-indian-ethnic-wear"">How to measure</a> | <a href=""https://luxemia.shop/menswear"">Browse all menswear</a></p>
<p>— Mini, founder of LuxeMia</p>",LuxeMia,Clothing,Menswear,"light pink,art silk,festive,embroidery,menswear,indian ethnic wear,usa,ships from india,in stock",TRUE,,,,,2000,shopify,10,deny,manual,350.85,487.29,TRUE,TRUE,LXM-light-pink-art-silk-,https://kesimg.b-cdn.net/images/650/2025y/October/59064/Light-Pink-Art-Silk-Wedding-Wear-Hand-Embroidery-Readymade-Groom-Sherwani-4029(1).jpg,1,Light Pink Embroidered Sherwani with Mandarin Collar,FALSE,Light Pink Embroidered Sherwani with Mandarin Col… | LuxeMia,Light pink Embroidered sherwani for festive — $351. Ships in 2-3 days. DHL Express 3-5 days. In stock.,active,https://kesimg.b-cdn.net/images/650/2025y/October/59064/Light-Pink-Art-Silk-Wedding-Wear-Hand-Embroidery-Readymade-Groom-Sherwani-4029(1).jpg,kg
navy-blue-velvet-sherwani,Navy Blue Velvet Sherwani with Churidar,"<p>Navy blue embroidered sherwani with pajama.</p>
<p>For festive events — Navratri, Diwali, weddings, family functions.</p>
<p><strong>SET INCLUDES:</strong> Sherwani, kurta, pajama, and dupatta (where shown).</p>
<p><strong>STITCHING OPTIONS:</strong></p>
<p>&nbsp;&nbsp;&bull; <strong>Standard Size 36-44</strong> (+$23) — we stitch to a standard size before shipping.</p>
<p>&nbsp;&nbsp;&bull; <strong>Custom Stitching</strong> (+$37) — we stitch to your exact measurements (form emailed after order, 4-5 days extra).</p>
<p><strong>CARE:</strong> First Wash Dry Clean. Iron at moderate temperature.</p>
<p><strong>FABRIC:</strong> Velvet (woven). Approx weight: 2 kg (full set).</p>
<p><strong>SHIPPING:</strong> Ships within 2-3 days (processing). Standard delivery time varies by country. <strong>DHL Express delivers in 3-5 days</strong>. <strong>Free shipping is always Standard</strong> — DHL Express available at checkout for an additional fee.</p>
<p><strong>AVAILABILITY:</strong> <span style=""color:#1a7f37"">✓ In stock</span> — limited edition, available while supplier inventory lasts.</p>
<p><strong>QUESTIONS?</strong> Email <a href=""mailto:hello@luxemia.shop"">hello@luxemia.shop</a>, call <a href=""tel:+12153419990"">+1-215-341-9990</a>, or <a href=""https://wa.me/12153419990"" target=""_blank"">WhatsApp Mini</a> — I answer the phone myself in English, Hindi, or Gujarati.</p>
<p><strong>SEE ALSO:</strong> <a href=""https://luxemia.shop/returns"">Returns policy</a> | <a href=""https://luxemia.shop/size-guide"">Size guide</a> | <a href=""https://luxemia.shop/blog/how-to-measure-for-indian-ethnic-wear"">How to measure</a> | <a href=""https://luxemia.shop/menswear"">Browse all menswear</a></p>
<p>— Mini, founder of LuxeMia</p>",LuxeMia,Clothing,Menswear,"navy blue,velvet,festive,embroidery,menswear,indian ethnic wear,usa,ships from india,in stock",TRUE,,,,,2000,shopify,10,deny,manual,394.35,505.59,TRUE,TRUE,LXM-navy-blue-velvet-she,https://kesimg.b-cdn.net/images/650/2025y/October/58974/Navy-Blue-Embosed-Velvet-Wedding-Wear-Embroidery-Work-Readymade-Sherwani-4151(1).jpg,1,Navy Blue Velvet Sherwani with Churidar,FALSE,Navy Blue Velvet Sherwani with Churidar | LuxeMia,Navy blue Embroidered sherwani for festive — $394. Ships in 2-3 days. DHL Express 3-5 days. In stock.,active,https://kesimg.b-cdn.net/images/650/2025y/October/58974/Navy-Blue-Embosed-Velvet-Wedding-Wear-Embroidery-Work-Readymade-Sherwani-4151(1).jpg,kg
magenta-velvet-sherwani,Maroon Embroidered Sherwani with White Churidar Pants,"<p>Maroon embroidered sherwani with pajama.</p>
<p>For festive events — Navratri, Diwali, weddings, family functions.</p>
<p><strong>SET INCLUDES:</strong> Sherwani, kurta, pajama, and dupatta (where shown).</p>
<p><strong>STITCHING OPTIONS:</strong></p>
<p>&nbsp;&nbsp;&bull; <strong>Standard Size 36-44</strong> (+$23) — we stitch to a standard size before shipping.</p>
<p>&nbsp;&nbsp;&bull; <strong>Custom Stitching</strong> (+$37) — we stitch to your exact measurements (form emailed after order, 4-5 days extra).</p>
<p><strong>CARE:</strong> First Wash Dry Clean. Iron at moderate temperature.</p>
<p><strong>FABRIC:</strong> Velvet (woven). Approx weight: 2 kg (full set).</p>
<p><strong>SHIPPING:</strong> Ships within 2-3 days (processing). Standard delivery time varies by country. <strong>DHL Express delivers in 3-5 days</strong>. <strong>Free shipping is always Standard</strong> — DHL Express available at checkout for an additional fee.</p>
<p><strong>AVAILABILITY:</strong> <span style=""color:#1a7f37"">✓ In stock</span> — limited edition, available while supplier inventory lasts.</p>
<p><strong>QUESTIONS?</strong> Email <a href=""mailto:hello@luxemia.shop"">hello@luxemia.shop</a>, call <a href=""tel:+12153419990"">+1-215-341-9990</a>, or <a href=""https://wa.me/12153419990"" target=""_blank"">WhatsApp Mini</a> — I answer the phone myself in English, Hindi, or Gujarati.</p>
<p><strong>SEE ALSO:</strong> <a href=""https://luxemia.shop/returns"">Returns policy</a> | <a href=""https://luxemia.shop/size-guide"">Size guide</a> | <a href=""https://luxemia.shop/blog/how-to-measure-for-indian-ethnic-wear"">How to measure</a> | <a href=""https://luxemia.shop/menswear"">Browse all menswear</a></p>
<p>— Mini, founder of LuxeMia</p>",LuxeMia,Clothing,Menswear,"maroon,velvet,festive,embroidery,menswear,indian ethnic wear,usa,ships from india,in stock",TRUE,,,,,2000,shopify,10,deny,manual,394.35,505.59,TRUE,TRUE,LXM-magenta-velvet-sherw,https://kesimg.b-cdn.net/images/650/2025y/October/58974/Magenta-Embosed-Velvet-Wedding-Wear-Embroidery-Work-Readymade-Sherwani-4150(1).jpg,1,Maroon Embroidered Sherwani with White Churidar Pants,FALSE,Maroon Embroidered Sherwani with White Churidar P… | LuxeMia,Maroon Embroidered sherwani for festive — $394. Ships in 2-3 days. DHL Express 3-5 days. In stock.,active,https://kesimg.b-cdn.net/images/650/2025y/October/58974/Magenta-Embosed-Velvet-Wedding-Wear-Embroidery-Work-Readymade-Sherwani-4150(1).jpg,kg
wine-art-silk-sherwani,Maroon Embroidered Sherwani with White Trousers,"<p>Maroon embroidered sherwani with pajama.</p>
<p>For festive events — Navratri, Diwali, weddings, family functions.</p>
<p><strong>SET INCLUDES:</strong> Sherwani, kurta, pajama, and dupatta (where shown).</p>
<p><strong>STITCHING OPTIONS:</strong></p>
<p>&nbsp;&nbsp;&bull; <strong>Standard Size 36-44</strong> (+$23) — we stitch to a standard size before shipping.</p>
<p>&nbsp;&nbsp;&bull; <strong>Custom Stitching</strong> (+$37) — we stitch to your exact measurements (form emailed after order, 4-5 days extra).</p>
<p><strong>CARE:</strong> First Wash Dry Clean. Iron at moderate temperature.</p>
<p><strong>FABRIC:</strong> Art Silk (synthetic). Approx weight: 2 kg (full set).</p>
<p><strong>SHIPPING:</strong> Ships within 2-3 days (processing). Standard delivery time varies by country. <strong>DHL Express delivers in 3-5 days</strong>. <strong>Free shipping is always Standard</strong> — DHL Express available at checkout for an additional fee.</p>
<p><strong>AVAILABILITY:</strong> <span style=""color:#1a7f37"">✓ In stock</span> — limited edition, available while supplier inventory lasts.</p>
<p><strong>QUESTIONS?</strong> Email <a href=""mailto:hello@luxemia.shop"">hello@luxemia.shop</a>, call <a href=""tel:+12153419990"">+1-215-341-9990</a>, or <a href=""https://wa.me/12153419990"" target=""_blank"">WhatsApp Mini</a> — I answer the phone myself in English, Hindi, or Gujarati.</p>
<p><strong>SEE ALSO:</strong> <a href=""https://luxemia.shop/returns"">Returns policy</a> | <a href=""https://luxemia.shop/size-guide"">Size guide</a> | <a href=""https://luxemia.shop/blog/how-to-measure-for-indian-ethnic-wear"">How to measure</a> | <a href=""https://luxemia.shop/menswear"">Browse all menswear</a></p>
<p>— Mini, founder of LuxeMia</p>",LuxeMia,Clothing,Menswear,"maroon,art silk,festive,embroidery,menswear,indian ethnic wear,usa,ships from india,in stock",TRUE,,,,,2000,shopify,10,deny,manual,344.85,442.11,TRUE,TRUE,LXM-wine-art-silk-sherwa,https://kesimg.b-cdn.net/images/650/2025y/October/58974/Wine-Art-Silk-Wedding-Wear-Embroidery-Work-Readymade-Sherwani-4147(1).jpg,1,Maroon Embroidered Sherwani with White Trousers,FALSE,Maroon Embroidered Sherwani with White Trousers | LuxeMia,Maroon Embroidered sherwani for festive — $345. Ships in 2-3 days. DHL Express 3-5 days. In stock.,active,https://kesimg.b-cdn.net/images/650/2025y/October/58974/Wine-Art-Silk-Wedding-Wear-Embroidery-Work-Readymade-Sherwani-4147(1).jpg,kg
brown-silk-kurta-pajama,Beige Digital Print Kurta Pajama with Matching Father-Son Set With Mandarin,"<p>Beige digital print kurta pajama with pajama.</p>
<p>For festive events — Navratri, Diwali, weddings, family functions.</p>
<p><strong>SET INCLUDES:</strong> Kurta and pajama.</p>
<p><strong>STITCHING OPTIONS:</strong></p>
<p>&nbsp;&nbsp;&bull; <strong>Standard Size 36-44</strong> (+$23) — we stitch to a standard size before shipping.</p>
<p>&nbsp;&nbsp;&bull; <strong>Custom Stitching</strong> (+$37) — we stitch to your exact measurements (form emailed after order, 4-5 days extra).</p>
<p><strong>CARE:</strong> First Wash Dry Clean. Iron at moderate temperature.</p>
<p><strong>FABRIC:</strong> Silk blend. Approx weight: 2 kg (full set).</p>
<p><strong>SHIPPING:</strong> Ships within 2-3 days (processing). Standard delivery time varies by country. <strong>DHL Express delivers in 3-5 days</strong>. <strong>Free shipping is always Standard</strong> — DHL Express available at checkout for an additional fee.</p>
<p><strong>AVAILABILITY:</strong> <span style=""color:#1a7f37"">✓ In stock</span> — limited edition, available while supplier inventory lasts.</p>
<p><strong>QUESTIONS?</strong> Email <a href=""mailto:hello@luxemia.shop"">hello@luxemia.shop</a>, call <a href=""tel:+12153419990"">+1-215-341-9990</a>, or <a href=""https://wa.me/12153419990"" target=""_blank"">WhatsApp Mini</a> — I answer the phone myself in English, Hindi, or Gujarati.</p>
<p><strong>SEE ALSO:</strong> <a href=""https://luxemia.shop/returns"">Returns policy</a> | <a href=""https://luxemia.shop/size-guide"">Size guide</a> | <a href=""https://luxemia.shop/blog/how-to-measure-for-indian-ethnic-wear"">How to measure</a> | <a href=""https://luxemia.shop/menswear"">Browse all menswear</a></p>
<p>— Mini, founder of LuxeMia</p>",LuxeMia,Clothing,Menswear,"beige,silk,festive,digital print,menswear,indian ethnic wear,usa,ships from india,in stock",TRUE,,,,,2000,shopify,10,deny,manual,76.35,103.17,TRUE,TRUE,LXM-brown-silk-kurta-paj,https://kesimg.b-cdn.net/images/650/2025y/December/59783/Brown-Silk-Ocassional-Wear-Printed-Work-Readymade-Kurta-Pajama-Combo-Set-(32-to-52-Size-and-1-to-14-Size-1206(1).jpg,1,Beige Digital Print Kurta Pajama with Matching Father-Son Set With Mandarin,FALSE,Beige Digital Print Kurta Pajama with Matching Fa… | LuxeMia,Beige Digital Print kurta pajama for festive — $76. Ships in 2-3 days. DHL Express 3-5 days. In stock.,active,https://kesimg.b-cdn.net/images/650/2025y/December/59783/Brown-Silk-Ocassional-Wear-Printed-Work-Readymade-Kurta-Pajama-Combo-Set-(32-to-52-Size-and-1-to-14-Size-1206(1).jpg,kg
black-velvet-sherwani,Black Embroidered Sherwani with Intricate Floral Embroidery On The,"<p>Black embroidered sherwani with pajama.</p>
<p>For festive events — Navratri, Diwali, weddings, family functions.</p>
<p><strong>SET INCLUDES:</strong> Sherwani, kurta, pajama, and dupatta (where shown).</p>
<p><strong>STITCHING OPTIONS:</strong></p>
<p>&nbsp;&nbsp;&bull; <strong>Standard Size 36-44</strong> (+$23) — we stitch to a standard size before shipping.</p>
<p>&nbsp;&nbsp;&bull; <strong>Custom Stitching</strong> (+$37) — we stitch to your exact measurements (form emailed after order, 4-5 days extra).</p>
<p><strong>CARE:</strong> First Wash Dry Clean. Iron at moderate temperature.</p>
<p><strong>FABRIC:</strong> Velvet (woven). Approx weight: 2 kg (full set).</p>
<p><strong>SHIPPING:</strong> Ships within 2-3 days (processing). Standard delivery time varies by country. <strong>DHL Express delivers in 3-5 days</strong>. <strong>Free shipping is always Standard</strong> — DHL Express available at checkout for an additional fee.</p>
<p><strong>AVAILABILITY:</strong> <span style=""color:#1a7f37"">✓ In stock</span> — limited edition, available while supplier inventory lasts.</p>
<p><strong>QUESTIONS?</strong> Email <a href=""mailto:hello@luxemia.shop"">hello@luxemia.shop</a>, call <a href=""tel:+12153419990"">+1-215-341-9990</a>, or <a href=""https://wa.me/12153419990"" target=""_blank"">WhatsApp Mini</a> — I answer the phone myself in English, Hindi, or Gujarati.</p>
<p><strong>SEE ALSO:</strong> <a href=""https://luxemia.shop/returns"">Returns policy</a> | <a href=""https://luxemia.shop/size-guide"">Size guide</a> | <a href=""https://luxemia.shop/blog/how-to-measure-for-indian-ethnic-wear"">How to measure</a> | <a href=""https://luxemia.shop/menswear"">Browse all menswear</a></p>
<p>— Mini, founder of LuxeMia</p>",LuxeMia,Clothing,Menswear,"black,velvet,festive,embroidery,menswear,indian ethnic wear,usa,ships from india,in stock",TRUE,,,,,2000,shopify,10,deny,manual,344.85,442.11,TRUE,TRUE,LXM-black-velvet-sherwan,https://kesimg.b-cdn.net/images/650/2025y/October/58974/Black-Embosed-Velvet-Wedding-Wear-Embroidery-Work-Readymade-Sherwani-4148(1).jpg,1,Black Embroidered Sherwani with Intricate Floral Embroidery On The,FALSE,Black Embroidered Sherwani with Intricate Floral… | LuxeMia,Black Embroidered sherwani for festive — $345. Ships in 2-3 days. DHL Express 3-5 days. In stock.,active,https://kesimg.b-cdn.net/images/650/2025y/October/58974/Black-Embosed-Velvet-Wedding-Wear-Embroidery-Work-Readymade-Sherwani-4148(1).jpg,kg
white-art-silk-groom-sherwani,White Sequin Sherwani with Mandarin Collar And Button-Down Front,"<p>White sequin sherwani with pajama.</p>
<p>For festive events — Navratri, Diwali, weddings, family functions.</p>
<p><strong>SET INCLUDES:</strong> Sherwani, kurta, pajama, and dupatta (where shown).</p>
<p><strong>STITCHING OPTIONS:</strong></p>
<p>&nbsp;&nbsp;&bull; <strong>Standard Size 36-44</strong> (+$23) — we stitch to a standard size before shipping.</p>
<p>&nbsp;&nbsp;&bull; <strong>Custom Stitching</strong> (+$37) — we stitch to your exact measurements (form emailed after order, 4-5 days extra).</p>
<p><strong>CARE:</strong> First Wash Dry Clean. Iron at moderate temperature.</p>
<p><strong>FABRIC:</strong> Art Silk (synthetic). Approx weight: 2 kg (full set).</p>
<p><strong>SHIPPING:</strong> Ships within 2-3 days (processing). Standard delivery time varies by country. <strong>DHL Express delivers in 3-5 days</strong>. <strong>Free shipping is always Standard</strong> — DHL Express available at checkout for an additional fee.</p>
<p><strong>AVAILABILITY:</strong> <span style=""color:#1a7f37"">✓ In stock</span> — limited edition, available while supplier inventory lasts.</p>
<p><strong>QUESTIONS?</strong> Email <a href=""mailto:hello@luxemia.shop"">hello@luxemia.shop</a>, call <a href=""tel:+12153419990"">+1-215-341-9990</a>, or <a href=""https://wa.me/12153419990"" target=""_blank"">WhatsApp Mini</a> — I answer the phone myself in English, Hindi, or Gujarati.</p>
<p><strong>SEE ALSO:</strong> <a href=""https://luxemia.shop/returns"">Returns policy</a> | <a href=""https://luxemia.shop/size-guide"">Size guide</a> | <a href=""https://luxemia.shop/blog/how-to-measure-for-indian-ethnic-wear"">How to measure</a> | <a href=""https://luxemia.shop/menswear"">Browse all menswear</a></p>
<p>— Mini, founder of LuxeMia</p>",LuxeMia,Clothing,Menswear,"white,art silk,festive,sequins,menswear,indian ethnic wear,usa,ships from india,in stock",TRUE,,,,,2000,shopify,10,deny,manual,350.85,487.29,TRUE,TRUE,LXM-white-art-silk-groom,https://kesimg.b-cdn.net/images/650/2025y/October/59064/White-Art-Silk-Wedding-Wear-Hand-Embroidery-Readymade-Groom-Sherwani-4028(1).jpg,1,White Sequin Sherwani with Mandarin Collar And Button-Down Front,FALSE,White Sequin Sherwani with Mandarin Collar And Bu… | LuxeMia,White Sequin sherwani for festive — $351. Ships in 2-3 days. DHL Express 3-5 days. In stock.,active,https://kesimg.b-cdn.net/images/650/2025y/October/59064/White-Art-Silk-Wedding-Wear-Hand-Embroidery-Readymade-Groom-Sherwani-4028(1).jpg,kg
purple-art-silk-groom-sherwani,Lavender Zari Work Sherwani with White Churidar Pants,"<p>Lavender zari work sherwani with pajama.</p>
<p>For festive events — Navratri, Diwali, weddings, family functions.</p>
<p><strong>SET INCLUDES:</strong> Sherwani, kurta, pajama, and dupatta (where shown).</p>
<p><strong>STITCHING OPTIONS:</strong></p>
<p>&nbsp;&nbsp;&bull; <strong>Standard Size 36-44</strong> (+$23) — we stitch to a standard size before shipping.</p>
<p>&nbsp;&nbsp;&bull; <strong>Custom Stitching</strong> (+$37) — we stitch to your exact measurements (form emailed after order, 4-5 days extra).</p>
<p><strong>CARE:</strong> First Wash Dry Clean. Iron at moderate temperature.</p>
<p><strong>FABRIC:</strong> Art Silk (synthetic). Approx weight: 2 kg (full set).</p>
<p><strong>SHIPPING:</strong> Ships within 2-3 days (processing). Standard delivery time varies by country. <strong>DHL Express delivers in 3-5 days</strong>. <strong>Free shipping is always Standard</strong> — DHL Express available at checkout for an additional fee.</p>
<p><strong>AVAILABILITY:</strong> <span style=""color:#1a7f37"">✓ In stock</span> — limited edition, available while supplier inventory lasts.</p>
<p><strong>QUESTIONS?</strong> Email <a href=""mailto:hello@luxemia.shop"">hello@luxemia.shop</a>, call <a href=""tel:+12153419990"">+1-215-341-9990</a>, or <a href=""https://wa.me/12153419990"" target=""_blank"">WhatsApp Mini</a> — I answer the phone myself in English, Hindi, or Gujarati.</p>
<p><strong>SEE ALSO:</strong> <a href=""https://luxemia.shop/returns"">Returns policy</a> | <a href=""https://luxemia.shop/size-guide"">Size guide</a> | <a href=""https://luxemia.shop/blog/how-to-measure-for-indian-ethnic-wear"">How to measure</a> | <a href=""https://luxemia.shop/menswear"">Browse all menswear</a></p>
<p>— Mini, founder of LuxeMia</p>",LuxeMia,Clothing,Menswear,"lavender,art silk,festive,zari,menswear,indian ethnic wear,usa,ships from india,in stock",TRUE,,,,,2000,shopify,10,deny,manual,428.85,595.62,TRUE,TRUE,LXM-purple-art-silk-groo,https://kesimg.b-cdn.net/images/650/2025y/October/59064/Purple-Art-Silk-Wedding-Wear-Hand-Embroidery-Readymade-Groom-Sherwani-4031(1).jpg,1,Lavender Zari Work Sherwani with White Churidar Pants,FALSE,Lavender Zari Work Sherwani with White Churidar P… | LuxeMia,Lavender Zari Work sherwani for festive — $429. Ships in 2-3 days. DHL Express 3-5 days. In stock.,active,https://kesimg.b-cdn.net/images/650/2025y/October/59064/Purple-Art-Silk-Wedding-Wear-Hand-Embroidery-Readymade-Groom-Sherwani-4031(1).jpg,kg
off-white-art-silk-groom-sherwani,Cream/Off-white Digital Print Sherwani with Mandarin Collar,"<p>Cream/off-white digital print sherwani with pajama.</p>
<p>For festive events — Navratri, Diwali, weddings, family functions.</p>
<p><strong>SET INCLUDES:</strong> Sherwani, kurta, pajama, and dupatta (where shown).</p>
<p><strong>STITCHING OPTIONS:</strong></p>
<p>&nbsp;&nbsp;&bull; <strong>Standard Size 36-44</strong> (+$23) — we stitch to a standard size before shipping.</p>
<p>&nbsp;&nbsp;&bull; <strong>Custom Stitching</strong> (+$37) — we stitch to your exact measurements (form emailed after order, 4-5 days extra).</p>
<p><strong>CARE:</strong> First Wash Dry Clean. Iron at moderate temperature.</p>
<p><strong>FABRIC:</strong> Art Silk (synthetic). Approx weight: 2 kg (full set).</p>
<p><strong>SHIPPING:</strong> Ships within 2-3 days (processing). Standard delivery time varies by country. <strong>DHL Express delivers in 3-5 days</strong>. <strong>Free shipping is always Standard</strong> — DHL Express available at checkout for an additional fee.</p>
<p><strong>AVAILABILITY:</strong> <span style=""color:#1a7f37"">✓ In stock</span> — limited edition, available while supplier inventory lasts.</p>
<p><strong>QUESTIONS?</strong> Email <a href=""mailto:hello@luxemia.shop"">hello@luxemia.shop</a>, call <a href=""tel:+12153419990"">+1-215-341-9990</a>, or <a href=""https://wa.me/12153419990"" target=""_blank"">WhatsApp Mini</a> — I answer the phone myself in English, Hindi, or Gujarati.</p>
<p><strong>SEE ALSO:</strong> <a href=""https://luxemia.shop/returns"">Returns policy</a> | <a href=""https://luxemia.shop/size-guide"">Size guide</a> | <a href=""https://luxemia.shop/blog/how-to-measure-for-indian-ethnic-wear"">How to measure</a> | <a href=""https://luxemia.shop/menswear"">Browse all menswear</a></p>
<p>— Mini, founder of LuxeMia</p>",LuxeMia,Clothing,Menswear,"cream/off-white,art silk,festive,digital print,menswear,indian ethnic wear,usa,ships from india,in stock",TRUE,,,,,2000,shopify,10,deny,manual,428.85,595.62,TRUE,TRUE,LXM-off-white-art-silk-g,https://kesimg.b-cdn.net/images/650/2025y/October/59064/Off-White-Art-Silk-Wedding-Wear-Hand-Embroidery-Readymade-Groom-Sherwani-4030(1).jpg,1,Cream/Off-white Digital Print Sherwani with Mandarin Collar,FALSE,Cream/Off-white Digital Print Sherwani with Manda… | LuxeMia,Cream/Off-white Digital Print sherwani for festive — $429. Ships in 2-3 days. DHL Express 3-5 days. In stock.,active,https://kesimg.b-cdn.net/images/650/2025y/October/59064/Off-White-Art-Silk-Wedding-Wear-Hand-Embroidery-Readymade-Groom-Sherwani-4030(1).jpg,kg
grey-art-silk-groom-sherwani,Silver/Grey Zari Work Sherwani,"<p>Silver/grey zari work sherwani with pajama.</p>
<p>For festive events — Navratri, Diwali, weddings, family functions.</p>
<p><strong>SET INCLUDES:</strong> Sherwani, kurta, pajama, and dupatta (where shown).</p>
<p><strong>STITCHING OPTIONS:</strong></p>
<p>&nbsp;&nbsp;&bull; <strong>Standard Size 36-44</strong> (+$23) — we stitch to a standard size before shipping.</p>
<p>&nbsp;&nbsp;&bull; <strong>Custom Stitching</strong> (+$37) — we stitch to your exact measurements (form emailed after order, 4-5 days extra).</p>
<p><strong>CARE:</strong> First Wash Dry Clean. Iron at moderate temperature.</p>
<p><strong>FABRIC:</strong> Art Silk (synthetic). Approx weight: 2 kg (full set).</p>
<p><strong>SHIPPING:</strong> Ships within 2-3 days (processing). Standard delivery time varies by country. <strong>DHL Express delivers in 3-5 days</strong>. <strong>Free shipping is always Standard</strong> — DHL Express available at checkout for an additional fee.</p>
<p><strong>AVAILABILITY:</strong> <span style=""color:#1a7f37"">✓ In stock</span> — limited edition, available while supplier inventory lasts.</p>
<p><strong>QUESTIONS?</strong> Email <a href=""mailto:hello@luxemia.shop"">hello@luxemia.shop</a>, call <a href=""tel:+12153419990"">+1-215-341-9990</a>, or <a href=""https://wa.me/12153419990"" target=""_blank"">WhatsApp Mini</a> — I answer the phone myself in English, Hindi, or Gujarati.</p>
<p><strong>SEE ALSO:</strong> <a href=""https://luxemia.shop/returns"">Returns policy</a> | <a href=""https://luxemia.shop/size-guide"">Size guide</a> | <a href=""https://luxemia.shop/blog/how-to-measure-for-indian-ethnic-wear"">How to measure</a> | <a href=""https://luxemia.shop/menswear"">Browse all menswear</a></p>
<p>— Mini, founder of LuxeMia</p>",LuxeMia,Clothing,Menswear,"silver/grey,art silk,festive,zari,menswear,indian ethnic wear,usa,ships from india,in stock",TRUE,,,,,2000,shopify,10,deny,manual,428.85,595.62,TRUE,TRUE,LXM-grey-art-silk-groom-,https://kesimg.b-cdn.net/images/650/2025y/October/59064/Grey-Art-Silk-Wedding-Wear-Hand-Embroidery-Readymade-Groom-Sherwani-4032(1).jpg,1,Silver/Grey Zari Work Sherwani,FALSE,Silver/Grey Zari Work Sherwani | LuxeMia,Silver/Grey Zari Work sherwani for festive — $429. Ships in 2-3 days. DHL Express 3-5 days. In stock.,active,https://kesimg.b-cdn.net/images/650/2025y/October/59064/Grey-Art-Silk-Wedding-Wear-Hand-Embroidery-Readymade-Groom-Sherwani-4032(1).jpg,kg
maroon-banarasi-jacquard-sherwani,Dusty Rose Zari Work Sherwani with with A Matching Turban,"<p>Dusty rose zari work sherwani with pajama.</p>
<p>For festive events — Navratri, Diwali, weddings, family functions.</p>
<p><strong>SET INCLUDES:</strong> Sherwani, kurta, pajama, and dupatta (where shown).</p>
<p><strong>STITCHING OPTIONS:</strong></p>
<p>&nbsp;&nbsp;&bull; <strong>Standard Size 36-44</strong> (+$23) — we stitch to a standard size before shipping.</p>
<p>&nbsp;&nbsp;&bull; <strong>Custom Stitching</strong> (+$37) — we stitch to your exact measurements (form emailed after order, 4-5 days extra).</p>
<p><strong>CARE:</strong> First Wash Dry Clean. Iron at moderate temperature.</p>
<p><strong>FABRIC:</strong> Premium fabric (see images). Approx weight: 2 kg (full set).</p>
<p><strong>SHIPPING:</strong> Ships within 2-3 days (processing). Standard delivery time varies by country. <strong>DHL Express delivers in 3-5 days</strong>. <strong>Free shipping is always Standard</strong> — DHL Express available at checkout for an additional fee.</p>
<p><strong>AVAILABILITY:</strong> <span style=""color:#1a7f37"">✓ In stock</span> — limited edition, available while supplier inventory lasts.</p>
<p><strong>QUESTIONS?</strong> Email <a href=""mailto:hello@luxemia.shop"">hello@luxemia.shop</a>, call <a href=""tel:+12153419990"">+1-215-341-9990</a>, or <a href=""https://wa.me/12153419990"" target=""_blank"">WhatsApp Mini</a> — I answer the phone myself in English, Hindi, or Gujarati.</p>
<p><strong>SEE ALSO:</strong> <a href=""https://luxemia.shop/returns"">Returns policy</a> | <a href=""https://luxemia.shop/size-guide"">Size guide</a> | <a href=""https://luxemia.shop/blog/how-to-measure-for-indian-ethnic-wear"">How to measure</a> | <a href=""https://luxemia.shop/menswear"">Browse all menswear</a></p>
<p>— Mini, founder of LuxeMia</p>",LuxeMia,Clothing,Menswear,"dusty rose,festive,zari,menswear,indian ethnic wear,usa,ships from india,in stock",TRUE,,,,,2000,shopify,10,deny,manual,851.85,1183.14,TRUE,TRUE,LXM-maroon-banarasi-jacq,https://kesimg.b-cdn.net/images/650/2025y/October/59064/Maroon-Banarasi-Jacquard-Wedding-Wear-Hand-Embroidery-Readymade-Groom-Sherwani-4024(1).jpg,1,Dusty Rose Zari Work Sherwani with with A Matching Turban,FALSE,Dusty Rose Zari Work Sherwani with with A Matchin… | LuxeMia,Dusty rose Zari Work sherwani for festive — $852. Ships in 2-3 days. DHL Express 3-5 days. In stock.,active,https://kesimg.b-cdn.net/images/650/2025y/October/59064/Maroon-Banarasi-Jacquard-Wedding-Wear-Hand-Embroidery-Readymade-Groom-Sherwani-4024(1).jpg,kg
pink-banarasi-jacquard-sherwani,Pink Embroidered Sherwani with Contrast Dupatta,"<p>Pink embroidered sherwani with pajama.</p>
<p>For festive events — Navratri, Diwali, weddings, family functions.</p>
<p><strong>SET INCLUDES:</strong> Sherwani, kurta, pajama, and dupatta (where shown).</p>
<p><strong>STITCHING OPTIONS:</strong></p>
<p>&nbsp;&nbsp;&bull; <strong>Standard Size 36-44</strong> (+$23) — we stitch to a standard size before shipping.</p>
<p>&nbsp;&nbsp;&bull; <strong>Custom Stitching</strong> (+$37) — we stitch to your exact measurements (form emailed after order, 4-5 days extra).</p>
<p><strong>CARE:</strong> First Wash Dry Clean. Iron at moderate temperature.</p>
<p><strong>FABRIC:</strong> Premium fabric (see images). Approx weight: 2 kg (full set).</p>
<p><strong>SHIPPING:</strong> Ships within 2-3 days (processing). Standard delivery time varies by country. <strong>DHL Express delivers in 3-5 days</strong>. <strong>Free shipping is always Standard</strong> — DHL Express available at checkout for an additional fee.</p>
<p><strong>AVAILABILITY:</strong> <span style=""color:#1a7f37"">✓ In stock</span> — limited edition, available while supplier inventory lasts.</p>
<p><strong>QUESTIONS?</strong> Email <a href=""mailto:hello@luxemia.shop"">hello@luxemia.shop</a>, call <a href=""tel:+12153419990"">+1-215-341-9990</a>, or <a href=""https://wa.me/12153419990"" target=""_blank"">WhatsApp Mini</a> — I answer the phone myself in English, Hindi, or Gujarati.</p>
<p><strong>SEE ALSO:</strong> <a href=""https://luxemia.shop/returns"">Returns policy</a> | <a href=""https://luxemia.shop/size-guide"">Size guide</a> | <a href=""https://luxemia.shop/blog/how-to-measure-for-indian-ethnic-wear"">How to measure</a> | <a href=""https://luxemia.shop/menswear"">Browse all menswear</a></p>
<p>— Mini, founder of LuxeMia</p>",LuxeMia,Clothing,Menswear,"pink,festive,embroidery,menswear,indian ethnic wear,usa,ships from india,in stock",TRUE,,,,,2000,shopify,10,deny,manual,752.85,1045.62,TRUE,TRUE,LXM-pink-banarasi-jacqua,https://kesimg.b-cdn.net/images/650/2025y/October/59064/Pink-Banarasi-Jacquard-Wedding-Wear-Hand-Embroidery-Readymade-Groom-Sherwani-4021(1).jpg,1,Pink Embroidered Sherwani with Contrast Dupatta,FALSE,Pink Embroidered Sherwani with Contrast Dupatta | LuxeMia,Pink Embroidered sherwani for festive — $753. Ships in 2-3 days. DHL Express 3-5 days. In stock.,active,https://kesimg.b-cdn.net/images/650/2025y/October/59064/Pink-Banarasi-Jacquard-Wedding-Wear-Hand-Embroidery-Readymade-Groom-Sherwani-4021(1).jpg,kg
peach-banarasi-jacquard-sherwani,Peach Zari Work Sherwani with Contrast White Dupatta,"<p>Peach zari work sherwani with pajama.</p>
<p>For festive events — Navratri, Diwali, weddings, family functions.</p>
<p><strong>SET INCLUDES:</strong> Sherwani, kurta, pajama, and dupatta (where shown).</p>
<p><strong>STITCHING OPTIONS:</strong></p>
<p>&nbsp;&nbsp;&bull; <strong>Standard Size 36-44</strong> (+$23) — we stitch to a standard size before shipping.</p>
<p>&nbsp;&nbsp;&bull; <strong>Custom Stitching</strong> (+$37) — we stitch to your exact measurements (form emailed after order, 4-5 days extra).</p>
<p><strong>CARE:</strong> First Wash Dry Clean. Iron at moderate temperature.</p>
<p><strong>FABRIC:</strong> Premium fabric (see images). Approx weight: 2 kg (full set).</p>
<p><strong>SHIPPING:</strong> Ships within 2-3 days (processing). Standard delivery time varies by country. <strong>DHL Express delivers in 3-5 days</strong>. <strong>Free shipping is always Standard</strong> — DHL Express available at checkout for an additional fee.</p>
<p><strong>AVAILABILITY:</strong> <span style=""color:#1a7f37"">✓ In stock</span> — limited edition, available while supplier inventory lasts.</p>
<p><strong>QUESTIONS?</strong> Email <a href=""mailto:hello@luxemia.shop"">hello@luxemia.shop</a>, call <a href=""tel:+12153419990"">+1-215-341-9990</a>, or <a href=""https://wa.me/12153419990"" target=""_blank"">WhatsApp Mini</a> — I answer the phone myself in English, Hindi, or Gujarati.</p>
<p><strong>SEE ALSO:</strong> <a href=""https://luxemia.shop/returns"">Returns policy</a> | <a href=""https://luxemia.shop/size-guide"">Size guide</a> | <a href=""https://luxemia.shop/blog/how-to-measure-for-indian-ethnic-wear"">How to measure</a> | <a href=""https://luxemia.shop/menswear"">Browse all menswear</a></p>
<p>— Mini, founder of LuxeMia</p>",LuxeMia,Clothing,Menswear,"peach,festive,zari,menswear,indian ethnic wear,usa,ships from india,in stock",TRUE,,,,,2000,shopify,10,deny,manual,851.85,1183.14,TRUE,TRUE,LXM-peach-banarasi-jacqu,https://kesimg.b-cdn.net/images/650/2025y/October/59064/Peach-Banarasi-Jacquard-Wedding-Wear-Hand-Embroidery-Readymade-Groom-Sherwani-4022(1).jpg,1,Peach Zari Work Sherwani with Contrast White Dupatta,FALSE,Peach Zari Work Sherwani with Contrast White Dupa… | LuxeMia,Peach Zari Work sherwani for festive — $852. Ships in 2-3 days. DHL Express 3-5 days. In stock.,active,https://kesimg.b-cdn.net/images/650/2025y/October/59064/Peach-Banarasi-Jacquard-Wedding-Wear-Hand-Embroidery-Readymade-Groom-Sherwani-4022(1).jpg,kg
mustard-banarasi-jacquard-sherwani,Mustard Yellow Embroidered Sherwani with Matching Turban,"<p>Mustard yellow embroidered sherwani with pajama.</p>
<p>For festive events — Navratri, Diwali, weddings, family functions.</p>
<p><strong>SET INCLUDES:</strong> Sherwani, kurta, pajama, and dupatta (where shown).</p>
<p><strong>STITCHING OPTIONS:</strong></p>
<p>&nbsp;&nbsp;&bull; <strong>Standard Size 36-44</strong> (+$23) — we stitch to a standard size before shipping.</p>
<p>&nbsp;&nbsp;&bull; <strong>Custom Stitching</strong> (+$37) — we stitch to your exact measurements (form emailed after order, 4-5 days extra).</p>
<p><strong>CARE:</strong> First Wash Dry Clean. Iron at moderate temperature.</p>
<p><strong>FABRIC:</strong> Premium fabric (see images). Approx weight: 2 kg (full set).</p>
<p><strong>SHIPPING:</strong> Ships within 2-3 days (processing). Standard delivery time varies by country. <strong>DHL Express delivers in 3-5 days</strong>. <strong>Free shipping is always Standard</strong> — DHL Express available at checkout for an additional fee.</p>
<p><strong>AVAILABILITY:</strong> <span style=""color:#1a7f37"">✓ In stock</span> — limited edition, available while supplier inventory lasts.</p>
<p><strong>QUESTIONS?</strong> Email <a href=""mailto:hello@luxemia.shop"">hello@luxemia.shop</a>, call <a href=""tel:+12153419990"">+1-215-341-9990</a>, or <a href=""https://wa.me/12153419990"" target=""_blank"">WhatsApp Mini</a> — I answer the phone myself in English, Hindi, or Gujarati.</p>
<p><strong>SEE ALSO:</strong> <a href=""https://luxemia.shop/returns"">Returns policy</a> | <a href=""https://luxemia.shop/size-guide"">Size guide</a> | <a href=""https://luxemia.shop/blog/how-to-measure-for-indian-ethnic-wear"">How to measure</a> | <a href=""https://luxemia.shop/menswear"">Browse all menswear</a></p>
<p>— Mini, founder of LuxeMia</p>",LuxeMia,Clothing,Menswear,"mustard yellow,festive,embroidery,menswear,indian ethnic wear,usa,ships from india,in stock",TRUE,,,,,2000,shopify,10,deny,manual,902.85,1253.97,TRUE,TRUE,LXM-mustard-banarasi-jac,https://kesimg.b-cdn.net/images/650/2025y/October/59064/Mustard-Banarasi-Jacquard-Wedding-Wear-Hand-Embroidery-Readymade-Groom-Sherwani-4023(1).jpg,1,Mustard Yellow Embroidered Sherwani with Matching Turban,FALSE,Mustard Yellow Embroidered Sherwani with Matching… | LuxeMia,Mustard Yellow Embroidered sherwani for festive — $903. Ships in 2-3 days. DHL Express 3-5 days. In stock.,active,https://kesimg.b-cdn.net/images/650/2025y/October/59064/Mustard-Banarasi-Jacquard-Wedding-Wear-Hand-Embroidery-Readymade-Groom-Sherwani-4023(1).jpg,kg
maroon-art-silk-festive-saree,Maroon Saree,"<p>Maroon saree with blouse piece.</p>
<p>For festive events — Navratri, Diwali, weddings, family functions.</p>
<p><strong>SET INCLUDES:</strong> Saree with blouse piece and dupatta (where shown).</p>
<p><strong>STITCHING:</strong> Saree is unstitched. Fall and edging available for $10 (request by email after ordering).</p>
<p><strong>CARE:</strong> First Wash Dry Clean. Iron at moderate temperature.</p>
<p><strong>FABRIC:</strong> Art Silk (synthetic). Approx weight: 2 kg (full set).</p>
<p><strong>SHIPPING:</strong> Ships within 2-3 days (processing). Standard delivery time varies by country. <strong>DHL Express delivers in 3-5 days</strong>. <strong>Free shipping is always Standard</strong> — DHL Express available at checkout for an additional fee.</p>
<p><strong>AVAILABILITY:</strong> <span style=""color:#1a7f37"">✓ In stock</span> — limited edition, available while supplier inventory lasts.</p>
<p><strong>QUESTIONS?</strong> Email <a href=""mailto:hello@luxemia.shop"">hello@luxemia.shop</a>, call <a href=""tel:+12153419990"">+1-215-341-9990</a>, or <a href=""https://wa.me/12153419990"" target=""_blank"">WhatsApp Mini</a> — I answer the phone myself in English, Hindi, or Gujarati.</p>
<p><strong>SEE ALSO:</strong> <a href=""https://luxemia.shop/returns"">Returns policy</a> | <a href=""https://luxemia.shop/size-guide"">Size guide</a> | <a href=""https://luxemia.shop/blog/how-to-measure-for-indian-ethnic-wear"">How to measure</a> | <a href=""https://luxemia.shop/sarees"">Browse all sarees</a></p>
<p>— Mini, founder of LuxeMia</p>",LuxeMia,Clothing,Saree,"maroon,art silk,festive,saree,indian ethnic wear,usa,ships from India,in stock",TRUE,,,,,2000,shopify,10,deny,manual,89.85,124.80,TRUE,TRUE,LXM-maroon-art-silk-fest,https://kesimg.b-cdn.net/images/650/2025y/December/59708/Maroon-Art-Silk-Festival-Wear-Weaving-Work-Saree-Nirmala-Vol-6-3665-K-4275(1).jpg,1,Maroon Saree,FALSE,Maroon Saree | LuxeMia,Maroon saree for festive — $90. Ships in 2-3 days. DHL Express 3-5 days. In stock.,active,https://kesimg.b-cdn.net/images/650/2025y/December/59708/Maroon-Art-Silk-Festival-Wear-Weaving-Work-Saree-Nirmala-Vol-6-3665-K-4275(1).jpg,kg
silk-sea-green-occasional-embroidery-saree,Teal Mirror Work Saree with Heavily Embellished Scalloped Border On,"<p>Teal mirror work saree with blouse piece.</p>
<p>For occasional events — Navratri, Diwali, weddings, family functions.</p>
<p><strong>SET INCLUDES:</strong> Saree with blouse piece and dupatta (where shown).</p>
<p><strong>STITCHING:</strong> Saree is unstitched. Fall and edging available for $10 (request by email after ordering).</p>
<p><strong>CARE:</strong> First Wash Dry Clean. Iron at moderate temperature.</p>
<p><strong>FABRIC:</strong> Silk blend. Approx weight: 2 kg (full set).</p>
<p><strong>SHIPPING:</strong> Ships within 2-3 days (processing). Standard delivery time varies by country. <strong>DHL Express delivers in 3-5 days</strong>. <strong>Free shipping is always Standard</strong> — DHL Express available at checkout for an additional fee.</p>
<p><strong>AVAILABILITY:</strong> <span style=""color:#1a7f37"">✓ In stock</span> — limited edition, available while supplier inventory lasts.</p>
<p><strong>QUESTIONS?</strong> Email <a href=""mailto:hello@luxemia.shop"">hello@luxemia.shop</a>, call <a href=""tel:+12153419990"">+1-215-341-9990</a>, or <a href=""https://wa.me/12153419990"" target=""_blank"">WhatsApp Mini</a> — I answer the phone myself in English, Hindi, or Gujarati.</p>
<p><strong>SEE ALSO:</strong> <a href=""https://luxemia.shop/returns"">Returns policy</a> | <a href=""https://luxemia.shop/size-guide"">Size guide</a> | <a href=""https://luxemia.shop/blog/how-to-measure-for-indian-ethnic-wear"">How to measure</a> | <a href=""https://luxemia.shop/sarees"">Browse all sarees</a></p>
<p>— Mini, founder of LuxeMia</p>",LuxeMia,Clothing,Saree,"teal,silk,occasional,mirror,saree,indian ethnic wear,usa,ships from India,in stock",TRUE,,,,,2000,shopify,10,deny,manual,121.35,155.58,TRUE,TRUE,LXM-silk-sea-green-occas,https://kesimg.b-cdn.net/images/650/2026y/January/59800/Sea-Green-Silk-Occasional-Wear-Embroidery-Work-Saree-3689-6039-A(1).jpg,1,Teal Mirror Work Saree with Heavily Embellished Scalloped Border On,FALSE,Teal Mirror Work Saree with Heavily Embellished S… | LuxeMia,Teal Mirror Work saree for occasional — $121. Ships in 2-3 days. DHL Express 3-5 days. In stock.,active,https://kesimg.b-cdn.net/images/650/2026y/January/59800/Sea-Green-Silk-Occasional-Wear-Embroidery-Work-Saree-3689-6039-A(1).jpg,kg
dusty-rose-georgette-party-saree,Dusty Rose Saree,"<p>Dusty rose saree with blouse piece.</p>
<p>For party events — Navratri, Diwali, weddings, family functions.</p>
<p><strong>SET INCLUDES:</strong> Saree with blouse piece and dupatta (where shown).</p>
<p><strong>STITCHING:</strong> Saree is unstitched. Fall and edging available for $10 (request by email after ordering).</p>
<p><strong>CARE:</strong> First Wash Dry Clean. Iron at moderate temperature.</p>
<p><strong>FABRIC:</strong> Georgette (synthetic). Approx weight: 2 kg (full set).</p>
<p><strong>SHIPPING:</strong> Ships within 2-3 days (processing). Standard delivery time varies by country. <strong>DHL Express delivers in 3-5 days</strong>. <strong>Free shipping is always Standard</strong> — DHL Express available at checkout for an additional fee.</p>
<p><strong>AVAILABILITY:</strong> <span style=""color:#1a7f37"">✓ In stock</span> — limited edition, available while supplier inventory lasts.</p>
<p><strong>QUESTIONS?</strong> Email <a href=""mailto:hello@luxemia.shop"">hello@luxemia.shop</a>, call <a href=""tel:+12153419990"">+1-215-341-9990</a>, or <a href=""https://wa.me/12153419990"" target=""_blank"">WhatsApp Mini</a> — I answer the phone myself in English, Hindi, or Gujarati.</p>
<p><strong>SEE ALSO:</strong> <a href=""https://luxemia.shop/returns"">Returns policy</a> | <a href=""https://luxemia.shop/size-guide"">Size guide</a> | <a href=""https://luxemia.shop/blog/how-to-measure-for-indian-ethnic-wear"">How to measure</a> | <a href=""https://luxemia.shop/sarees"">Browse all sarees</a></p>
<p>— Mini, founder of LuxeMia</p>",LuxeMia,Clothing,Saree,"dusty rose,georgette,party,saree,indian ethnic wear,usa,ships from India,in stock",TRUE,,,,,2000,shopify,10,deny,manual,98.85,137.28,TRUE,TRUE,LXM-dusty-rose-georgette,https://kesimg.b-cdn.net/images/650/2025y/December/59720/Dusty-Rose-Georgette-Party-Wear-Sequins-Work-Saree-Nirmala-Vol-7-3668-K-4284(1).jpg,1,Dusty Rose Saree,FALSE,Dusty Rose Saree | LuxeMia,Dusty Rose saree for party — $99. Ships in 2-3 days. DHL Express 3-5 days. In stock.,active,https://kesimg.b-cdn.net/images/650/2025y/December/59720/Dusty-Rose-Georgette-Party-Wear-Sequins-Work-Saree-Nirmala-Vol-7-3668-K-4284(1).jpg,kg
teal-green-art-silk-festive-saree,Teal Green Saree,"<p>Teal green saree with blouse piece.</p>
<p>For festive events — Navratri, Diwali, weddings, family functions.</p>
<p><strong>SET INCLUDES:</strong> Saree with blouse piece and dupatta (where shown).</p>
<p><strong>STITCHING:</strong> Saree is unstitched. Fall and edging available for $10 (request by email after ordering).</p>
<p><strong>CARE:</strong> First Wash Dry Clean. Iron at moderate temperature.</p>
<p><strong>FABRIC:</strong> Art Silk (synthetic). Approx weight: 2 kg (full set).</p>
<p><strong>SHIPPING:</strong> Ships within 2-3 days (processing). Standard delivery time varies by country. <strong>DHL Express delivers in 3-5 days</strong>. <strong>Free shipping is always Standard</strong> — DHL Express available at checkout for an additional fee.</p>
<p><strong>AVAILABILITY:</strong> <span style=""color:#1a7f37"">✓ In stock</span> — limited edition, available while supplier inventory lasts.</p>
<p><strong>QUESTIONS?</strong> Email <a href=""mailto:hello@luxemia.shop"">hello@luxemia.shop</a>, call <a href=""tel:+12153419990"">+1-215-341-9990</a>, or <a href=""https://wa.me/12153419990"" target=""_blank"">WhatsApp Mini</a> — I answer the phone myself in English, Hindi, or Gujarati.</p>
<p><strong>SEE ALSO:</strong> <a href=""https://luxemia.shop/returns"">Returns policy</a> | <a href=""https://luxemia.shop/size-guide"">Size guide</a> | <a href=""https://luxemia.shop/blog/how-to-measure-for-indian-ethnic-wear"">How to measure</a> | <a href=""https://luxemia.shop/sarees"">Browse all sarees</a></p>
<p>— Mini, founder of LuxeMia</p>",LuxeMia,Clothing,Saree,"teal green,art silk,festive,saree,indian ethnic wear,usa,ships from India,in stock",TRUE,,,,,2000,shopify,10,deny,manual,89.85,124.80,TRUE,TRUE,LXM-teal-green-art-silk-,https://kesimg.b-cdn.net/images/650/2025y/December/59708/Teal-Green-Art-Silk-Festival-Wear-Weaving-Work-Saree-Nirmala-Vol-6-3665-K-4276(1).jpg,1,Teal Green Saree,FALSE,Teal Green Saree | LuxeMia,Teal Green saree for festive — $90. Ships in 2-3 days. DHL Express 3-5 days. In stock.,active,https://kesimg.b-cdn.net/images/650/2025y/December/59708/Teal-Green-Art-Silk-Festival-Wear-Weaving-Work-Saree-Nirmala-Vol-6-3665-K-4276(1).jpg,kg
mustard-yellow-art-silk-festive-saree,Mustard Yellow Saree,"<p>Mustard yellow saree with blouse piece.</p>
<p>For festive events — Navratri, Diwali, weddings, family functions.</p>
<p><strong>SET INCLUDES:</strong> Saree with blouse piece and dupatta (where shown).</p>
<p><strong>STITCHING:</strong> Saree is unstitched. Fall and edging available for $10 (request by email after ordering).</p>
<p><strong>CARE:</strong> First Wash Dry Clean. Iron at moderate temperature.</p>
<p><strong>FABRIC:</strong> Art Silk (synthetic). Approx weight: 2 kg (full set).</p>
<p><strong>SHIPPING:</strong> Ships within 2-3 days (processing). Standard delivery time varies by country. <strong>DHL Express delivers in 3-5 days</strong>. <strong>Free shipping is always Standard</strong> — DHL Express available at checkout for an additional fee.</p>
<p><strong>AVAILABILITY:</strong> <span style=""color:#1a7f37"">✓ In stock</span> — limited edition, available while supplier inventory lasts.</p>
<p><strong>QUESTIONS?</strong> Email <a href=""mailto:hello@luxemia.shop"">hello@luxemia.shop</a>, call <a href=""tel:+12153419990"">+1-215-341-9990</a>, or <a href=""https://wa.me/12153419990"" target=""_blank"">WhatsApp Mini</a> — I answer the phone myself in English, Hindi, or Gujarati.</p>
<p><strong>SEE ALSO:</strong> <a href=""https://luxemia.shop/returns"">Returns policy</a> | <a href=""https://luxemia.shop/size-guide"">Size guide</a> | <a href=""https://luxemia.shop/blog/how-to-measure-for-indian-ethnic-wear"">How to measure</a> | <a href=""https://luxemia.shop/sarees"">Browse all sarees</a></p>
<p>— Mini, founder of LuxeMia</p>",LuxeMia,Clothing,Saree,"mustard yellow,art silk,festive,saree,indian ethnic wear,usa,ships from India,in stock",TRUE,,,,,2000,shopify,10,deny,manual,89.85,124.80,TRUE,TRUE,LXM-mustard-yellow-art-s,https://kesimg.b-cdn.net/images/650/2025y/December/59708/Mustard-Yellow-Art-Silk-Festival-Wear-Weaving-Work-Saree-Nirmala-Vol-6-3665-K-4274(1).jpg,1,Mustard Yellow Saree,FALSE,Mustard Yellow Saree | LuxeMia,Mustard Yellow saree for festive — $90. Ships in 2-3 days. DHL Express 3-5 days. In stock.,active,https://kesimg.b-cdn.net/images/650/2025y/December/59708/Mustard-Yellow-Art-Silk-Festival-Wear-Weaving-Work-Saree-Nirmala-Vol-6-3665-K-4274(1).jpg,kg
royal-purple-art-silk-festive-saree,Royal Purple Saree,"<p>Royal purple saree with blouse piece.</p>
<p>For festive events — Navratri, Diwali, weddings, family functions.</p>
<p><strong>SET INCLUDES:</strong> Saree with blouse piece and dupatta (where shown).</p>
<p><strong>STITCHING:</strong> Saree is unstitched. Fall and edging available for $10 (request by email after ordering).</p>
<p><strong>CARE:</strong> First Wash Dry Clean. Iron at moderate temperature.</p>
<p><strong>FABRIC:</strong> Art Silk (synthetic). Approx weight: 2 kg (full set).</p>
<p><strong>SHIPPING:</strong> Ships within 2-3 days (processing). Standard delivery time varies by country. <strong>DHL Express delivers in 3-5 days</strong>. <strong>Free shipping is always Standard</strong> — DHL Express available at checkout for an additional fee.</p>
<p><strong>AVAILABILITY:</strong> <span style=""color:#1a7f37"">✓ In stock</span> — limited edition, available while supplier inventory lasts.</p>
<p><strong>QUESTIONS?</strong> Email <a href=""mailto:hello@luxemia.shop"">hello@luxemia.shop</a>, call <a href=""tel:+12153419990"">+1-215-341-9990</a>, or <a href=""https://wa.me/12153419990"" target=""_blank"">WhatsApp Mini</a> — I answer the phone myself in English, Hindi, or Gujarati.</p>
<p><strong>SEE ALSO:</strong> <a href=""https://luxemia.shop/returns"">Returns policy</a> | <a href=""https://luxemia.shop/size-guide"">Size guide</a> | <a href=""https://luxemia.shop/blog/how-to-measure-for-indian-ethnic-wear"">How to measure</a> | <a href=""https://luxemia.shop/sarees"">Browse all sarees</a></p>
<p>— Mini, founder of LuxeMia</p>",LuxeMia,Clothing,Saree,"royal purple,art silk,festive,saree,indian ethnic wear,usa,ships from India,in stock",TRUE,,,,,2000,shopify,10,deny,manual,89.85,124.80,TRUE,TRUE,LXM-royal-purple-art-sil,https://kesimg.b-cdn.net/images/650/2025y/December/59708/Purple-Art-Silk-Festival-Wear-Weaving-Work-Saree-Nirmala-Vol-6-3665-K-4273(1).jpg,1,Royal Purple Saree,FALSE,Royal Purple Saree | LuxeMia,Royal Purple saree for festive — $90. Ships in 2-3 days. DHL Express 3-5 days. In stock.,active,https://kesimg.b-cdn.net/images/650/2025y/December/59708/Purple-Art-Silk-Festival-Wear-Weaving-Work-Saree-Nirmala-Vol-6-3665-K-4273(1).jpg,kg
pink-tissue-silk-wedding-saree,Pink Zari Work Saree with Contrast Pink Border,"<p>Pink zari work saree with blouse piece.</p>
<p>For wedding events — Navratri, Diwali, weddings, family functions.</p>
<p><strong>SET INCLUDES:</strong> Saree with blouse piece and dupatta (where shown).</p>
<p><strong>STITCHING:</strong> Saree is unstitched. Fall and edging available for $10 (request by email after ordering).</p>
<p><strong>CARE:</strong> First Wash Dry Clean. Iron at moderate temperature.</p>
<p><strong>FABRIC:</strong> Tissue Silk (fine weave). Approx weight: 2 kg (full set).</p>
<p><strong>SHIPPING:</strong> Ships within 2-3 days (processing). Standard delivery time varies by country. <strong>DHL Express delivers in 3-5 days</strong>. <strong>Free shipping is always Standard</strong> — DHL Express available at checkout for an additional fee.</p>
<p><strong>AVAILABILITY:</strong> <span style=""color:#1a7f37"">✓ In stock</span> — limited edition, available while supplier inventory lasts.</p>
<p><strong>QUESTIONS?</strong> Email <a href=""mailto:hello@luxemia.shop"">hello@luxemia.shop</a>, call <a href=""tel:+12153419990"">+1-215-341-9990</a>, or <a href=""https://wa.me/12153419990"" target=""_blank"">WhatsApp Mini</a> — I answer the phone myself in English, Hindi, or Gujarati.</p>
<p><strong>SEE ALSO:</strong> <a href=""https://luxemia.shop/returns"">Returns policy</a> | <a href=""https://luxemia.shop/size-guide"">Size guide</a> | <a href=""https://luxemia.shop/blog/how-to-measure-for-indian-ethnic-wear"">How to measure</a> | <a href=""https://luxemia.shop/sarees"">Browse all sarees</a></p>
<p>— Mini, founder of LuxeMia</p>",LuxeMia,Clothing,Saree,"pink,tissue silk,wedding,zari,saree,indian ethnic wear,usa,ships from India,in stock",TRUE,,,,,2000,shopify,10,deny,manual,79.35,107.22,TRUE,TRUE,LXM-pink-tissue-silk-wed,https://kesimg.b-cdn.net/images/650/2025y/December/59728/Pink-PV-Tissue-Silk-Wedding-Wear-Weaving-Work-Saree-Kreshva-Mangalsutra--3667-K-4297(1).jpg,1,Pink Zari Work Saree with Contrast Pink Border,FALSE,Pink Zari Work Saree with Contrast Pink Border | LuxeMia,Pink Zari Work saree for wedding — $79. Ships in 2-3 days. DHL Express 3-5 days. In stock.,active,https://kesimg.b-cdn.net/images/650/2025y/December/59728/Pink-PV-Tissue-Silk-Wedding-Wear-Weaving-Work-Saree-Kreshva-Mangalsutra--3667-K-4297(1).jpg,kg
mint-green-kanchipuram-silk-wedding-saree,"Teal Embroidered Saree with Ornate, Wide Embroidered Border","<p>Teal embroidered saree with blouse piece.</p>
<p>For wedding events — Navratri, Diwali, weddings, family functions.</p>
<p><strong>SET INCLUDES:</strong> Saree with blouse piece and dupatta (where shown).</p>
<p><strong>STITCHING:</strong> Saree is unstitched. Fall and edging available for $10 (request by email after ordering).</p>
<p><strong>CARE:</strong> First Wash Dry Clean. Iron at moderate temperature.</p>
<p><strong>FABRIC:</strong> Silk blend. Approx weight: 2 kg (full set).</p>
<p><strong>SHIPPING:</strong> Ships within 2-3 days (processing). Standard delivery time varies by country. <strong>DHL Express delivers in 3-5 days</strong>. <strong>Free shipping is always Standard</strong> — DHL Express available at checkout for an additional fee.</p>
<p><strong>AVAILABILITY:</strong> <span style=""color:#1a7f37"">✓ In stock</span> — limited edition, available while supplier inventory lasts.</p>
<p><strong>QUESTIONS?</strong> Email <a href=""mailto:hello@luxemia.shop"">hello@luxemia.shop</a>, call <a href=""tel:+12153419990"">+1-215-341-9990</a>, or <a href=""https://wa.me/12153419990"" target=""_blank"">WhatsApp Mini</a> — I answer the phone myself in English, Hindi, or Gujarati.</p>
<p><strong>SEE ALSO:</strong> <a href=""https://luxemia.shop/returns"">Returns policy</a> | <a href=""https://luxemia.shop/size-guide"">Size guide</a> | <a href=""https://luxemia.shop/blog/how-to-measure-for-indian-ethnic-wear"">How to measure</a> | <a href=""https://luxemia.shop/sarees"">Browse all sarees</a></p>
<p>— Mini, founder of LuxeMia</p>",LuxeMia,Clothing,Saree,"teal,silk,wedding,embroidery,saree,indian ethnic wear,usa,ships from India,in stock",TRUE,,,,,2000,shopify,10,deny,manual,365.85,508.14,TRUE,TRUE,LXM-mint-green-kanchipur,https://kesimg.b-cdn.net/images/650/2025y/December/59744/Mint-Green-Viscose-Silk-Wedding-Wear-Weaving-Work-Wedding-Saree-Kanchipuram-Couture-3176-B(1).jpg,1,"Teal Embroidered Saree with Ornate, Wide Embroidered Border",FALSE,"Teal Embroidered Saree with Ornate, Wide Embroide… | LuxeMia",Teal Embroidered saree for wedding — $366. Ships in 2-3 days. DHL Express 3-5 days. In stock.,active,https://kesimg.b-cdn.net/images/650/2025y/December/59744/Mint-Green-Viscose-Silk-Wedding-Wear-Weaving-Work-Wedding-Saree-Kanchipuram-Couture-3176-B(1).jpg,kg
royal-pink-kanchipuram-silk-wedding-saree,Pink Embroidered Saree with Scalloped Hem,"<p>Pink embroidered saree with blouse piece.</p>
<p>For wedding events — Navratri, Diwali, weddings, family functions.</p>
<p><strong>SET INCLUDES:</strong> Saree with blouse piece and dupatta (where shown).</p>
<p><strong>STITCHING:</strong> Saree is unstitched. Fall and edging available for $10 (request by email after ordering).</p>
<p><strong>CARE:</strong> First Wash Dry Clean. Iron at moderate temperature.</p>
<p><strong>FABRIC:</strong> Silk blend. Approx weight: 2 kg (full set).</p>
<p><strong>SHIPPING:</strong> Ships within 2-3 days (processing). Standard delivery time varies by country. <strong>DHL Express delivers in 3-5 days</strong>. <strong>Free shipping is always Standard</strong> — DHL Express available at checkout for an additional fee.</p>
<p><strong>AVAILABILITY:</strong> <span style=""color:#1a7f37"">✓ In stock</span> — limited edition, available while supplier inventory lasts.</p>
<p><strong>QUESTIONS?</strong> Email <a href=""mailto:hello@luxemia.shop"">hello@luxemia.shop</a>, call <a href=""tel:+12153419990"">+1-215-341-9990</a>, or <a href=""https://wa.me/12153419990"" target=""_blank"">WhatsApp Mini</a> — I answer the phone myself in English, Hindi, or Gujarati.</p>
<p><strong>SEE ALSO:</strong> <a href=""https://luxemia.shop/returns"">Returns policy</a> | <a href=""https://luxemia.shop/size-guide"">Size guide</a> | <a href=""https://luxemia.shop/blog/how-to-measure-for-indian-ethnic-wear"">How to measure</a> | <a href=""https://luxemia.shop/sarees"">Browse all sarees</a></p>
<p>— Mini, founder of LuxeMia</p>",LuxeMia,Clothing,Saree,"pink,silk,wedding,embroidery,saree,indian ethnic wear,usa,ships from India,in stock",TRUE,,,,,2000,shopify,10,deny,manual,365.85,508.14,TRUE,TRUE,LXM-royal-pink-kanchipur,https://kesimg.b-cdn.net/images/650/2025y/December/59744/Pink-Viscose-Silk-Wedding-Wear-Weaving-Work-Wedding-Saree-Kanchipuram-Couture-3176(1).jpg,1,Pink Embroidered Saree with Scalloped Hem,FALSE,Pink Embroidered Saree with Scalloped Hem | LuxeMia,Pink Embroidered saree for wedding — $366. Ships in 2-3 days. DHL Express 3-5 days. In stock.,active,https://kesimg.b-cdn.net/images/650/2025y/December/59744/Pink-Viscose-Silk-Wedding-Wear-Weaving-Work-Wedding-Saree-Kanchipuram-Couture-3176(1).jpg,kg
antique-gold-kanchipuram-silk-wedding-saree,Gold Embroidered Saree with Heavily Embellished Border,"<p>Gold embroidered saree with blouse piece.</p>
<p>For wedding events — Navratri, Diwali, weddings, family functions.</p>
<p><strong>SET INCLUDES:</strong> Saree with blouse piece and dupatta (where shown).</p>
<p><strong>STITCHING:</strong> Saree is unstitched. Fall and edging available for $10 (request by email after ordering).</p>
<p><strong>CARE:</strong> First Wash Dry Clean. Iron at moderate temperature.</p>
<p><strong>FABRIC:</strong> Silk blend. Approx weight: 2 kg (full set).</p>
<p><strong>SHIPPING:</strong> Ships within 2-3 days (processing). Standard delivery time varies by country. <strong>DHL Express delivers in 3-5 days</strong>. <strong>Free shipping is always Standard</strong> — DHL Express available at checkout for an additional fee.</p>
<p><strong>AVAILABILITY:</strong> <span style=""color:#1a7f37"">✓ In stock</span> — limited edition, available while supplier inventory lasts.</p>
<p><strong>QUESTIONS?</strong> Email <a href=""mailto:hello@luxemia.shop"">hello@luxemia.shop</a>, call <a href=""tel:+12153419990"">+1-215-341-9990</a>, or <a href=""https://wa.me/12153419990"" target=""_blank"">WhatsApp Mini</a> — I answer the phone myself in English, Hindi, or Gujarati.</p>
<p><strong>SEE ALSO:</strong> <a href=""https://luxemia.shop/returns"">Returns policy</a> | <a href=""https://luxemia.shop/size-guide"">Size guide</a> | <a href=""https://luxemia.shop/blog/how-to-measure-for-indian-ethnic-wear"">How to measure</a> | <a href=""https://luxemia.shop/sarees"">Browse all sarees</a></p>
<p>— Mini, founder of LuxeMia</p>",LuxeMia,Clothing,Saree,"gold,silk,wedding,embroidery,saree,indian ethnic wear,usa,ships from India,in stock",TRUE,,,,,2000,shopify,10,deny,manual,346.35,481.05,TRUE,TRUE,LXM-antique-gold-kanchip,https://kesimg.b-cdn.net/images/650/2025y/December/59744/Gold-Viscose-Silk-Wedding-Wear-Weaving-Work-Wedding-Saree-Kanchipuram-Couture-3131(1).jpg,1,Gold Embroidered Saree with Heavily Embellished Border,FALSE,Gold Embroidered Saree with Heavily Embellished B… | LuxeMia,Gold Embroidered saree for wedding — $346. Ships in 2-3 days. DHL Express 3-5 days. In stock.,active,https://kesimg.b-cdn.net/images/650/2025y/December/59744/Gold-Viscose-Silk-Wedding-Wear-Weaving-Work-Wedding-Saree-Kanchipuram-Couture-3131(1).jpg,kg
silk-rani-pink-casual-sequins-saree,Magenta Embroidered Saree with Matching Embroidered Border On The,"<p>Magenta embroidered saree with blouse piece.</p>
<p>For casual events — Navratri, Diwali, weddings, family functions.</p>
<p><strong>SET INCLUDES:</strong> Saree with blouse piece and dupatta (where shown).</p>
<p><strong>STITCHING:</strong> Saree is unstitched. Fall and edging available for $10 (request by email after ordering).</p>
<p><strong>CARE:</strong> First Wash Dry Clean. Iron at moderate temperature.</p>
<p><strong>FABRIC:</strong> Silk blend. Approx weight: 2 kg (full set).</p>
<p><strong>SHIPPING:</strong> Ships within 2-3 days (processing). Standard delivery time varies by country. <strong>DHL Express delivers in 3-5 days</strong>. <strong>Free shipping is always Standard</strong> — DHL Express available at checkout for an additional fee.</p>
<p><strong>AVAILABILITY:</strong> <span style=""color:#1a7f37"">✓ In stock</span> — limited edition, available while supplier inventory lasts.</p>
<p><strong>QUESTIONS?</strong> Email <a href=""mailto:hello@luxemia.shop"">hello@luxemia.shop</a>, call <a href=""tel:+12153419990"">+1-215-341-9990</a>, or <a href=""https://wa.me/12153419990"" target=""_blank"">WhatsApp Mini</a> — I answer the phone myself in English, Hindi, or Gujarati.</p>
<p><strong>SEE ALSO:</strong> <a href=""https://luxemia.shop/returns"">Returns policy</a> | <a href=""https://luxemia.shop/size-guide"">Size guide</a> | <a href=""https://luxemia.shop/blog/how-to-measure-for-indian-ethnic-wear"">How to measure</a> | <a href=""https://luxemia.shop/sarees"">Browse all sarees</a></p>
<p>— Mini, founder of LuxeMia</p>",LuxeMia,Clothing,Saree,"magenta,silk,casual,embroidery,saree,indian ethnic wear,usa,ships from India,in stock",TRUE,,,,,2000,shopify,10,deny,manual,56.85,72.87,TRUE,TRUE,LXM-silk-rani-pink-casua,https://kesimg.b-cdn.net/images/650/2026y/January/59798/Rani-Pink-Silk-Casual-Wear-Sequins-Work--Saree-3687-7575-C(1).jpg,1,Magenta Embroidered Saree with Matching Embroidered Border On The,FALSE,Magenta Embroidered Saree with Matching Embroider… | LuxeMia,Magenta Embroidered saree for casual — $57. Ships in 2-3 days. DHL Express 3-5 days. In stock.,active,https://kesimg.b-cdn.net/images/650/2026y/January/59798/Rani-Pink-Silk-Casual-Wear-Sequins-Work--Saree-3687-7575-C(1).jpg,kg
silk-blue-casual-sequins-saree,Teal blue Embroidered Saree with Scalloped Gold Border,"<p>Teal blue embroidered saree with blouse piece.</p>
<p>For casual events — Navratri, Diwali, weddings, family functions.</p>
<p><strong>SET INCLUDES:</strong> Saree with blouse piece and dupatta (where shown).</p>
<p><strong>STITCHING:</strong> Saree is unstitched. Fall and edging available for $10 (request by email after ordering).</p>
<p><strong>CARE:</strong> First Wash Dry Clean. Iron at moderate temperature.</p>
<p><strong>FABRIC:</strong> Silk blend. Approx weight: 2 kg (full set).</p>
<p><strong>SHIPPING:</strong> Ships within 2-3 days (processing). Standard delivery time varies by country. <strong>DHL Express delivers in 3-5 days</strong>. <strong>Free shipping is always Standard</strong> — DHL Express available at checkout for an additional fee.</p>
<p><strong>AVAILABILITY:</strong> <span style=""color:#1a7f37"">✓ In stock</span> — limited edition, available while supplier inventory lasts.</p>
<p><strong>QUESTIONS?</strong> Email <a href=""mailto:hello@luxemia.shop"">hello@luxemia.shop</a>, call <a href=""tel:+12153419990"">+1-215-341-9990</a>, or <a href=""https://wa.me/12153419990"" target=""_blank"">WhatsApp Mini</a> — I answer the phone myself in English, Hindi, or Gujarati.</p>
<p><strong>SEE ALSO:</strong> <a href=""https://luxemia.shop/returns"">Returns policy</a> | <a href=""https://luxemia.shop/size-guide"">Size guide</a> | <a href=""https://luxemia.shop/blog/how-to-measure-for-indian-ethnic-wear"">How to measure</a> | <a href=""https://luxemia.shop/sarees"">Browse all sarees</a></p>
<p>— Mini, founder of LuxeMia</p>",LuxeMia,Clothing,Saree,"teal blue,silk,casual,embroidery,saree,indian ethnic wear,usa,ships from India,in stock",TRUE,,,,,2000,shopify,10,deny,manual,56.85,72.87,TRUE,TRUE,LXM-silk-blue-casual-seq,https://kesimg.b-cdn.net/images/650/2026y/January/59798/Blue-Silk-Casual-Wear-Sequins-Work--Saree-3687-7575-A(1).jpg,1,Teal blue Embroidered Saree with Scalloped Gold Border,FALSE,Teal blue Embroidered Saree with Scalloped Gold B… | LuxeMia,Teal blue Embroidered saree for casual — $57. Ships in 2-3 days. DHL Express 3-5 days. In stock.,active,https://kesimg.b-cdn.net/images/650/2026y/January/59798/Blue-Silk-Casual-Wear-Sequins-Work--Saree-3687-7575-A(1).jpg,kg
sea-green-tissue-silk-wedding-saree,Sea Green Zari Work Saree with Off-Shoulder Blouse,"<p>Sea green zari work saree with blouse piece.</p>
<p>For wedding events — Navratri, Diwali, weddings, family functions.</p>
<p><strong>SET INCLUDES:</strong> Saree with blouse piece and dupatta (where shown).</p>
<p><strong>STITCHING:</strong> Saree is unstitched. Fall and edging available for $10 (request by email after ordering).</p>
<p><strong>CARE:</strong> First Wash Dry Clean. Iron at moderate temperature.</p>
<p><strong>FABRIC:</strong> Tissue Silk (fine weave). Approx weight: 2 kg (full set).</p>
<p><strong>SHIPPING:</strong> Ships within 2-3 days (processing). Standard delivery time varies by country. <strong>DHL Express delivers in 3-5 days</strong>. <strong>Free shipping is always Standard</strong> — DHL Express available at checkout for an additional fee.</p>
<p><strong>AVAILABILITY:</strong> <span style=""color:#1a7f37"">✓ In stock</span> — limited edition, available while supplier inventory lasts.</p>
<p><strong>QUESTIONS?</strong> Email <a href=""mailto:hello@luxemia.shop"">hello@luxemia.shop</a>, call <a href=""tel:+12153419990"">+1-215-341-9990</a>, or <a href=""https://wa.me/12153419990"" target=""_blank"">WhatsApp Mini</a> — I answer the phone myself in English, Hindi, or Gujarati.</p>
<p><strong>SEE ALSO:</strong> <a href=""https://luxemia.shop/returns"">Returns policy</a> | <a href=""https://luxemia.shop/size-guide"">Size guide</a> | <a href=""https://luxemia.shop/blog/how-to-measure-for-indian-ethnic-wear"">How to measure</a> | <a href=""https://luxemia.shop/sarees"">Browse all sarees</a></p>
<p>— Mini, founder of LuxeMia</p>",LuxeMia,Clothing,Saree,"sea green,tissue silk,wedding,zari,saree,indian ethnic wear,usa,ships from India,in stock",TRUE,,,,,2000,shopify,10,deny,manual,79.35,107.22,TRUE,TRUE,LXM-sea-green-tissue-sil,https://kesimg.b-cdn.net/images/650/2025y/December/59728/Sea-Green-PV-Tissue-Silk-Wedding-Wear-Weaving-Work-Saree-Kreshva-Mangalsutra--3667-K-4296(1).jpg,1,Sea Green Zari Work Saree with Off-Shoulder Blouse,FALSE,Sea Green Zari Work Saree with Off-Shoulder Blouse | LuxeMia,Sea green Zari Work saree for wedding — $79. Ships in 2-3 days. DHL Express 3-5 days. In stock.,active,https://kesimg.b-cdn.net/images/650/2025y/December/59728/Sea-Green-PV-Tissue-Silk-Wedding-Wear-Weaving-Work-Saree-Kreshva-Mangalsutra--3667-K-4296(1).jpg,kg
sunset-orange-tissue-silk-wedding-saree,Orange Zari Work Saree with Red Contrast Border On The,"<p>Orange zari work saree with blouse piece.</p>
<p>For wedding events — Navratri, Diwali, weddings, family functions.</p>
<p><strong>SET INCLUDES:</strong> Saree with blouse piece and dupatta (where shown).</p>
<p><strong>STITCHING:</strong> Saree is unstitched. Fall and edging available for $10 (request by email after ordering).</p>
<p><strong>CARE:</strong> First Wash Dry Clean. Iron at moderate temperature.</p>
<p><strong>FABRIC:</strong> Tissue Silk (fine weave). Approx weight: 2 kg (full set).</p>
<p><strong>SHIPPING:</strong> Ships within 2-3 days (processing). Standard delivery time varies by country. <strong>DHL Express delivers in 3-5 days</strong>. <strong>Free shipping is always Standard</strong> — DHL Express available at checkout for an additional fee.</p>
<p><strong>AVAILABILITY:</strong> <span style=""color:#1a7f37"">✓ In stock</span> — limited edition, available while supplier inventory lasts.</p>
<p><strong>QUESTIONS?</strong> Email <a href=""mailto:hello@luxemia.shop"">hello@luxemia.shop</a>, call <a href=""tel:+12153419990"">+1-215-341-9990</a>, or <a href=""https://wa.me/12153419990"" target=""_blank"">WhatsApp Mini</a> — I answer the phone myself in English, Hindi, or Gujarati.</p>
<p><strong>SEE ALSO:</strong> <a href=""https://luxemia.shop/returns"">Returns policy</a> | <a href=""https://luxemia.shop/size-guide"">Size guide</a> | <a href=""https://luxemia.shop/blog/how-to-measure-for-indian-ethnic-wear"">How to measure</a> | <a href=""https://luxemia.shop/sarees"">Browse all sarees</a></p>
<p>— Mini, founder of LuxeMia</p>",LuxeMia,Clothing,Saree,"orange,tissue silk,wedding,zari,saree,indian ethnic wear,usa,ships from India,in stock",TRUE,,,,,2000,shopify,10,deny,manual,79.35,107.22,TRUE,TRUE,LXM-sunset-orange-tissue,https://kesimg.b-cdn.net/images/650/2025y/December/59728/Orange-PV-Tissue-Silk-Wedding-Wear-Weaving-Work-Saree-Kreshva-Mangalsutra--3667-K-4295(1).jpg,1,Orange Zari Work Saree with Red Contrast Border On The,FALSE,Orange Zari Work Saree with Red Contrast Border O… | LuxeMia,Orange Zari Work saree for wedding — $79. Ships in 2-3 days. DHL Express 3-5 days. In stock.,active,https://kesimg.b-cdn.net/images/650/2025y/December/59728/Orange-PV-Tissue-Silk-Wedding-Wear-Weaving-Work-Saree-Kreshva-Mangalsutra--3667-K-4295(1).jpg,kg
black-georgette-party-saree,Black Saree,"<p>Black saree with blouse piece.</p>
<p>For party events — Navratri, Diwali, weddings, family functions.</p>
<p><strong>SET INCLUDES:</strong> Saree with blouse piece and dupatta (where shown).</p>
<p><strong>STITCHING:</strong> Saree is unstitched. Fall and edging available for $10 (request by email after ordering).</p>
<p><strong>CARE:</strong> First Wash Dry Clean. Iron at moderate temperature.</p>
<p><strong>FABRIC:</strong> Georgette (synthetic). Approx weight: 2 kg (full set).</p>
<p><strong>SHIPPING:</strong> Ships within 2-3 days (processing). Standard delivery time varies by country. <strong>DHL Express delivers in 3-5 days</strong>. <strong>Free shipping is always Standard</strong> — DHL Express available at checkout for an additional fee.</p>
<p><strong>AVAILABILITY:</strong> <span style=""color:#1a7f37"">✓ In stock</span> — limited edition, available while supplier inventory lasts.</p>
<p><strong>QUESTIONS?</strong> Email <a href=""mailto:hello@luxemia.shop"">hello@luxemia.shop</a>, call <a href=""tel:+12153419990"">+1-215-341-9990</a>, or <a href=""https://wa.me/12153419990"" target=""_blank"">WhatsApp Mini</a> — I answer the phone myself in English, Hindi, or Gujarati.</p>
<p><strong>SEE ALSO:</strong> <a href=""https://luxemia.shop/returns"">Returns policy</a> | <a href=""https://luxemia.shop/size-guide"">Size guide</a> | <a href=""https://luxemia.shop/blog/how-to-measure-for-indian-ethnic-wear"">How to measure</a> | <a href=""https://luxemia.shop/sarees"">Browse all sarees</a></p>
<p>— Mini, founder of LuxeMia</p>",LuxeMia,Clothing,Saree,"black,georgette,party,saree,indian ethnic wear,usa,ships from India,in stock",TRUE,,,,,2000,shopify,10,deny,manual,104.85,145.65,TRUE,TRUE,LXM-black-georgette-part,https://kesimg.b-cdn.net/images/650/2025y/December/59720/Black-Georgette-Party-Wear-Sequins-Work-Saree-Nirmala-Vol-7-3668-K-4283(1).jpg,1,Black Saree,FALSE,Black Saree | LuxeMia,Black saree for party — $105. Ships in 2-3 days. DHL Express 3-5 days. In stock.,active,https://kesimg.b-cdn.net/images/650/2025y/December/59720/Black-Georgette-Party-Wear-Sequins-Work-Saree-Nirmala-Vol-7-3668-K-4283(1).jpg,kg
sky-blue-cotton-casual-saree,Sky Blue Saree,"<p>Sky blue saree with blouse piece.</p>
<p>For casual events — Navratri, Diwali, weddings, family functions.</p>
<p><strong>SET INCLUDES:</strong> Saree with blouse piece and dupatta (where shown).</p>
<p><strong>STITCHING:</strong> Saree is unstitched. Fall and edging available for $10 (request by email after ordering).</p>
<p><strong>CARE:</strong> First Wash Dry Clean. Iron at moderate temperature.</p>
<p><strong>FABRIC:</strong> Cotton (natural fiber). Approx weight: 2 kg (full set).</p>
<p><strong>SHIPPING:</strong> Ships within 2-3 days (processing). Standard delivery time varies by country. <strong>DHL Express delivers in 3-5 days</strong>. <strong>Free shipping is always Standard</strong> — DHL Express available at checkout for an additional fee.</p>
<p><strong>AVAILABILITY:</strong> <span style=""color:#1a7f37"">✓ In stock</span> — limited edition, available while supplier inventory lasts.</p>
<p><strong>QUESTIONS?</strong> Email <a href=""mailto:hello@luxemia.shop"">hello@luxemia.shop</a>, call <a href=""tel:+12153419990"">+1-215-341-9990</a>, or <a href=""https://wa.me/12153419990"" target=""_blank"">WhatsApp Mini</a> — I answer the phone myself in English, Hindi, or Gujarati.</p>
<p><strong>SEE ALSO:</strong> <a href=""https://luxemia.shop/returns"">Returns policy</a> | <a href=""https://luxemia.shop/size-guide"">Size guide</a> | <a href=""https://luxemia.shop/blog/how-to-measure-for-indian-ethnic-wear"">How to measure</a> | <a href=""https://luxemia.shop/sarees"">Browse all sarees</a></p>
<p>— Mini, founder of LuxeMia</p>",LuxeMia,Clothing,Saree,"sky blue,cotton,casual,saree,indian ethnic wear,usa,ships from India,in stock",TRUE,,,,,2000,shopify,10,deny,manual,56.85,78.96,TRUE,TRUE,LXM-sky-blue-cotton-casu,https://kesimg.b-cdn.net/images/650/2025y/December/59705/Sky-Blue-Cotton-Casual-Wear-Print-Work-Saree-Kreshva-Vol-2-3666-K-4270(1).jpg,1,Sky Blue Saree,FALSE,Sky Blue Saree | LuxeMia,Sky Blue saree for casual — $57. Ships in 2-3 days. DHL Express 3-5 days. In stock.,active,https://kesimg.b-cdn.net/images/650/2025y/December/59705/Sky-Blue-Cotton-Casual-Wear-Print-Work-Saree-Kreshva-Vol-2-3666-K-4270(1).jpg,kg
mint-green-cotton-casual-saree,Mint Green Saree,"<p>Mint green saree with blouse piece.</p>
<p>For casual events — Navratri, Diwali, weddings, family functions.</p>
<p><strong>SET INCLUDES:</strong> Saree with blouse piece and dupatta (where shown).</p>
<p><strong>STITCHING:</strong> Saree is unstitched. Fall and edging available for $10 (request by email after ordering).</p>
<p><strong>CARE:</strong> First Wash Dry Clean. Iron at moderate temperature.</p>
<p><strong>FABRIC:</strong> Cotton (natural fiber). Approx weight: 2 kg (full set).</p>
<p><strong>SHIPPING:</strong> Ships within 2-3 days (processing). Standard delivery time varies by country. <strong>DHL Express delivers in 3-5 days</strong>. <strong>Free shipping is always Standard</strong> — DHL Express available at checkout for an additional fee.</p>
<p><strong>AVAILABILITY:</strong> <span style=""color:#1a7f37"">✓ In stock</span> — limited edition, available while supplier inventory lasts.</p>
<p><strong>QUESTIONS?</strong> Email <a href=""mailto:hello@luxemia.shop"">hello@luxemia.shop</a>, call <a href=""tel:+12153419990"">+1-215-341-9990</a>, or <a href=""https://wa.me/12153419990"" target=""_blank"">WhatsApp Mini</a> — I answer the phone myself in English, Hindi, or Gujarati.</p>
<p><strong>SEE ALSO:</strong> <a href=""https://luxemia.shop/returns"">Returns policy</a> | <a href=""https://luxemia.shop/size-guide"">Size guide</a> | <a href=""https://luxemia.shop/blog/how-to-measure-for-indian-ethnic-wear"">How to measure</a> | <a href=""https://luxemia.shop/sarees"">Browse all sarees</a></p>
<p>— Mini, founder of LuxeMia</p>",LuxeMia,Clothing,Saree,"mint green,cotton,casual,saree,indian ethnic wear,usa,ships from India,in stock",TRUE,,,,,2000,shopify,10,deny,manual,56.85,78.96,TRUE,TRUE,LXM-mint-green-cotton-ca,https://kesimg.b-cdn.net/images/650/2025y/December/59705/Mint-Green-Cotton-Casual-Wear-Print-Work-Saree-Kreshva-Vol-2-3666-K-4268(1).jpg,1,Mint Green Saree,FALSE,Mint Green Saree | LuxeMia,Mint Green saree for casual — $57. Ships in 2-3 days. DHL Express 3-5 days. In stock.,active,https://kesimg.b-cdn.net/images/650/2025y/December/59705/Mint-Green-Cotton-Casual-Wear-Print-Work-Saree-Kreshva-Vol-2-3666-K-4268(1).jpg,kg
ivory-beige-kanchipuram-silk-wedding-saree,Gold Embroidered Saree with Scalloped Hem,"<p>Gold embroidered saree with blouse piece.</p>
<p>For wedding events — Navratri, Diwali, weddings, family functions.</p>
<p><strong>SET INCLUDES:</strong> Saree with blouse piece and dupatta (where shown).</p>
<p><strong>STITCHING:</strong> Saree is unstitched. Fall and edging available for $10 (request by email after ordering).</p>
<p><strong>CARE:</strong> First Wash Dry Clean. Iron at moderate temperature.</p>
<p><strong>FABRIC:</strong> Silk blend. Approx weight: 2 kg (full set).</p>
<p><strong>SHIPPING:</strong> Ships within 2-3 days (processing). Standard delivery time varies by country. <strong>DHL Express delivers in 3-5 days</strong>. <strong>Free shipping is always Standard</strong> — DHL Express available at checkout for an additional fee.</p>
<p><strong>AVAILABILITY:</strong> <span style=""color:#1a7f37"">✓ In stock</span> — limited edition, available while supplier inventory lasts.</p>
<p><strong>QUESTIONS?</strong> Email <a href=""mailto:hello@luxemia.shop"">hello@luxemia.shop</a>, call <a href=""tel:+12153419990"">+1-215-341-9990</a>, or <a href=""https://wa.me/12153419990"" target=""_blank"">WhatsApp Mini</a> — I answer the phone myself in English, Hindi, or Gujarati.</p>
<p><strong>SEE ALSO:</strong> <a href=""https://luxemia.shop/returns"">Returns policy</a> | <a href=""https://luxemia.shop/size-guide"">Size guide</a> | <a href=""https://luxemia.shop/blog/how-to-measure-for-indian-ethnic-wear"">How to measure</a> | <a href=""https://luxemia.shop/sarees"">Browse all sarees</a></p>
<p>— Mini, founder of LuxeMia</p>",LuxeMia,Clothing,Saree,"gold,silk,wedding,embroidery,saree,indian ethnic wear,usa,ships from India,in stock",TRUE,,,,,2000,shopify,10,deny,manual,346.35,481.05,TRUE,TRUE,LXM-ivory-beige-kanchipu,https://kesimg.b-cdn.net/images/650/2025y/December/59744/Beige-Viscose-Silk-Wedding-Wear-Weaving-Work-Wedding-Saree-Kanchipuram-Couture-3164(1).jpg,1,Gold Embroidered Saree with Scalloped Hem,FALSE,Gold Embroidered Saree with Scalloped Hem | LuxeMia,Gold Embroidered saree for wedding — $346. Ships in 2-3 days. DHL Express 3-5 days. In stock.,active,https://kesimg.b-cdn.net/images/650/2025y/December/59744/Beige-Viscose-Silk-Wedding-Wear-Weaving-Work-Wedding-Saree-Kanchipuram-Couture-3164(1).jpg,kg
beige-gold-tissue-silk-wedding-saree,Copper/Beige Zari Work Saree with Contrasting Red Border On The,"<p>Copper/beige zari work saree with blouse piece.</p>
<p>For wedding events — Navratri, Diwali, weddings, family functions.</p>
<p><strong>SET INCLUDES:</strong> Saree with blouse piece and dupatta (where shown).</p>
<p><strong>STITCHING:</strong> Saree is unstitched. Fall and edging available for $10 (request by email after ordering).</p>
<p><strong>CARE:</strong> First Wash Dry Clean. Iron at moderate temperature.</p>
<p><strong>FABRIC:</strong> Tissue Silk (fine weave). Approx weight: 2 kg (full set).</p>
<p><strong>SHIPPING:</strong> Ships within 2-3 days (processing). Standard delivery time varies by country. <strong>DHL Express delivers in 3-5 days</strong>. <strong>Free shipping is always Standard</strong> — DHL Express available at checkout for an additional fee.</p>
<p><strong>AVAILABILITY:</strong> <span style=""color:#1a7f37"">✓ In stock</span> — limited edition, available while supplier inventory lasts.</p>
<p><strong>QUESTIONS?</strong> Email <a href=""mailto:hello@luxemia.shop"">hello@luxemia.shop</a>, call <a href=""tel:+12153419990"">+1-215-341-9990</a>, or <a href=""https://wa.me/12153419990"" target=""_blank"">WhatsApp Mini</a> — I answer the phone myself in English, Hindi, or Gujarati.</p>
<p><strong>SEE ALSO:</strong> <a href=""https://luxemia.shop/returns"">Returns policy</a> | <a href=""https://luxemia.shop/size-guide"">Size guide</a> | <a href=""https://luxemia.shop/blog/how-to-measure-for-indian-ethnic-wear"">How to measure</a> | <a href=""https://luxemia.shop/sarees"">Browse all sarees</a></p>
<p>— Mini, founder of LuxeMia</p>",LuxeMia,Clothing,Saree,"copper/beige,tissue silk,wedding,zari,saree,indian ethnic wear,usa,ships from India,in stock",TRUE,,,,,2000,shopify,10,deny,manual,79.35,107.22,TRUE,TRUE,LXM-beige-gold-tissue-si,https://kesimg.b-cdn.net/images/650/2025y/December/59728/Beige-Gold-PV-Tissue-Silk-Wedding-Wear-Weaving-Work-Saree-Kreshva-Mangalsutra--3667-K-4298(1).jpg,1,Copper/Beige Zari Work Saree with Contrasting Red Border On The,FALSE,Copper/Beige Zari Work Saree with Contrasting Red… | LuxeMia,Copper/Beige Zari Work saree for wedding — $79. Ships in 2-3 days. DHL Express 3-5 days. In stock.,active,https://kesimg.b-cdn.net/images/650/2025y/December/59728/Beige-Gold-PV-Tissue-Silk-Wedding-Wear-Weaving-Work-Saree-Kreshva-Mangalsutra--3667-K-4298(1).jpg,kg
peach-cotton-casual-saree,Peach Saree,"<p>Peach saree with blouse piece.</p>
<p>For casual events — Navratri, Diwali, weddings, family functions.</p>
<p><strong>SET INCLUDES:</strong> Saree with blouse piece and dupatta (where shown).</p>
<p><strong>STITCHING:</strong> Saree is unstitched. Fall and edging available for $10 (request by email after ordering).</p>
<p><strong>CARE:</strong> First Wash Dry Clean. Iron at moderate temperature.</p>
<p><strong>FABRIC:</strong> Cotton (natural fiber). Approx weight: 2 kg (full set).</p>
<p><strong>SHIPPING:</strong> Ships within 2-3 days (processing). Standard delivery time varies by country. <strong>DHL Express delivers in 3-5 days</strong>. <strong>Free shipping is always Standard</strong> — DHL Express available at checkout for an additional fee.</p>
<p><strong>AVAILABILITY:</strong> <span style=""color:#1a7f37"">✓ In stock</span> — limited edition, available while supplier inventory lasts.</p>
<p><strong>QUESTIONS?</strong> Email <a href=""mailto:hello@luxemia.shop"">hello@luxemia.shop</a>, call <a href=""tel:+12153419990"">+1-215-341-9990</a>, or <a href=""https://wa.me/12153419990"" target=""_blank"">WhatsApp Mini</a> — I answer the phone myself in English, Hindi, or Gujarati.</p>
<p><strong>SEE ALSO:</strong> <a href=""https://luxemia.shop/returns"">Returns policy</a> | <a href=""https://luxemia.shop/size-guide"">Size guide</a> | <a href=""https://luxemia.shop/blog/how-to-measure-for-indian-ethnic-wear"">How to measure</a> | <a href=""https://luxemia.shop/sarees"">Browse all sarees</a></p>
<p>— Mini, founder of LuxeMia</p>",LuxeMia,Clothing,Saree,"peach,cotton,casual,saree,indian ethnic wear,usa,ships from India,in stock",TRUE,,,,,2000,shopify,10,deny,manual,56.85,78.96,TRUE,TRUE,LXM-peach-cotton-casual-,https://kesimg.b-cdn.net/images/650/2025y/December/59705/Peach-Cotton-Casual-Wear-Print-Work-Saree-Kreshva-Vol-2-3666-K-4269(1).jpg,1,Peach Saree,FALSE,Peach Saree | LuxeMia,Peach saree for casual — $57. Ships in 2-3 days. DHL Express 3-5 days. In stock.,active,https://kesimg.b-cdn.net/images/650/2025y/December/59705/Peach-Cotton-Casual-Wear-Print-Work-Saree-Kreshva-Vol-2-3666-K-4269(1).jpg,kg
multicolor-kanchipuram-silk-wedding-saree,Green and Embroidered Saree with Contrast Green Dupatta,"<p>Green and embroidered saree with blouse piece.</p>
<p>For wedding events — Navratri, Diwali, weddings, family functions.</p>
<p><strong>SET INCLUDES:</strong> Saree with blouse piece and dupatta (where shown).</p>
<p><strong>STITCHING:</strong> Saree is unstitched. Fall and edging available for $10 (request by email after ordering).</p>
<p><strong>CARE:</strong> First Wash Dry Clean. Iron at moderate temperature.</p>
<p><strong>FABRIC:</strong> Silk blend. Approx weight: 2 kg (full set).</p>
<p><strong>SHIPPING:</strong> Ships within 2-3 days (processing). Standard delivery time varies by country. <strong>DHL Express delivers in 3-5 days</strong>. <strong>Free shipping is always Standard</strong> — DHL Express available at checkout for an additional fee.</p>
<p><strong>AVAILABILITY:</strong> <span style=""color:#1a7f37"">✓ In stock</span> — limited edition, available while supplier inventory lasts.</p>
<p><strong>QUESTIONS?</strong> Email <a href=""mailto:hello@luxemia.shop"">hello@luxemia.shop</a>, call <a href=""tel:+12153419990"">+1-215-341-9990</a>, or <a href=""https://wa.me/12153419990"" target=""_blank"">WhatsApp Mini</a> — I answer the phone myself in English, Hindi, or Gujarati.</p>
<p><strong>SEE ALSO:</strong> <a href=""https://luxemia.shop/returns"">Returns policy</a> | <a href=""https://luxemia.shop/size-guide"">Size guide</a> | <a href=""https://luxemia.shop/blog/how-to-measure-for-indian-ethnic-wear"">How to measure</a> | <a href=""https://luxemia.shop/sarees"">Browse all sarees</a></p>
<p>— Mini, founder of LuxeMia</p>",LuxeMia,Clothing,Saree,"green and,silk,wedding,embroidery,saree,indian ethnic wear,usa,ships from India,in stock",TRUE,,,,,2000,shopify,10,deny,manual,355.35,493.53,TRUE,TRUE,LXM-multicolor-kanchipur,https://kesimg.b-cdn.net/images/650/2025y/December/59744/Multi-Color-Viscose-Silk-Wedding-Wear-Weaving-Work-Wedding-Saree-Kanchipuram-Couture-3133-B(1).jpg,1,Green and Embroidered Saree with Contrast Green Dupatta,FALSE,Green and Embroidered Saree with Contrast Green D… | LuxeMia,Green and Embroidered saree for wedding — $355. Ships in 2-3 days. DHL Express 3-5 days. In stock.,active,https://kesimg.b-cdn.net/images/650/2025y/December/59744/Multi-Color-Viscose-Silk-Wedding-Wear-Weaving-Work-Wedding-Saree-Kanchipuram-Couture-3133-B(1).jpg,kg
silk-rust-orange-casual-sequins-saree,Rust Orange Embroidered Saree with Scalloped Hem And Border,"<p>Rust orange embroidered saree with blouse piece.</p>
<p>For casual events — Navratri, Diwali, weddings, family functions.</p>
<p><strong>SET INCLUDES:</strong> Saree with blouse piece and dupatta (where shown).</p>
<p><strong>STITCHING:</strong> Saree is unstitched. Fall and edging available for $10 (request by email after ordering).</p>
<p><strong>CARE:</strong> First Wash Dry Clean. Iron at moderate temperature.</p>
<p><strong>FABRIC:</strong> Silk blend. Approx weight: 2 kg (full set).</p>
<p><strong>SHIPPING:</strong> Ships within 2-3 days (processing). Standard delivery time varies by country. <strong>DHL Express delivers in 3-5 days</strong>. <strong>Free shipping is always Standard</strong> — DHL Express available at checkout for an additional fee.</p>
<p><strong>AVAILABILITY:</strong> <span style=""color:#1a7f37"">✓ In stock</span> — limited edition, available while supplier inventory lasts.</p>
<p><strong>QUESTIONS?</strong> Email <a href=""mailto:hello@luxemia.shop"">hello@luxemia.shop</a>, call <a href=""tel:+12153419990"">+1-215-341-9990</a>, or <a href=""https://wa.me/12153419990"" target=""_blank"">WhatsApp Mini</a> — I answer the phone myself in English, Hindi, or Gujarati.</p>
<p><strong>SEE ALSO:</strong> <a href=""https://luxemia.shop/returns"">Returns policy</a> | <a href=""https://luxemia.shop/size-guide"">Size guide</a> | <a href=""https://luxemia.shop/blog/how-to-measure-for-indian-ethnic-wear"">How to measure</a> | <a href=""https://luxemia.shop/sarees"">Browse all sarees</a></p>
<p>— Mini, founder of LuxeMia</p>",LuxeMia,Clothing,Saree,"rust orange,silk,casual,embroidery,saree,indian ethnic wear,usa,ships from India,in stock",TRUE,,,,,2000,shopify,10,deny,manual,56.85,72.87,TRUE,TRUE,LXM-silk-rust-orange-cas,https://kesimg.b-cdn.net/images/650/2026y/January/59798/Rust-Orange-Silk-Casual-Wear-Sequins-Work--Saree-3687-7575-B(1).jpg,1,Rust Orange Embroidered Saree with Scalloped Hem And Border,FALSE,Rust Orange Embroidered Saree with Scalloped Hem… | LuxeMia,Rust orange Embroidered saree for casual — $57. Ships in 2-3 days. DHL Express 3-5 days. In stock.,active,https://kesimg.b-cdn.net/images/650/2026y/January/59798/Rust-Orange-Silk-Casual-Wear-Sequins-Work--Saree-3687-7575-B(1).jpg,kg
fendy-satin-teal-green-occasional-embroidery-saree,Emerald Green Embroidered Saree,"<p>Emerald green embroidered saree with blouse piece.</p>
<p>For occasional events — Navratri, Diwali, weddings, family functions.</p>
<p><strong>SET INCLUDES:</strong> Saree with blouse piece and dupatta (where shown).</p>
<p><strong>STITCHING:</strong> Saree is unstitched. Fall and edging available for $10 (request by email after ordering).</p>
<p><strong>CARE:</strong> First Wash Dry Clean. Iron at moderate temperature.</p>
<p><strong>FABRIC:</strong> Premium fabric (see images). Approx weight: 2 kg (full set).</p>
<p><strong>SHIPPING:</strong> Ships within 2-3 days (processing). Standard delivery time varies by country. <strong>DHL Express delivers in 3-5 days</strong>. <strong>Free shipping is always Standard</strong> — DHL Express available at checkout for an additional fee.</p>
<p><strong>AVAILABILITY:</strong> <span style=""color:#1a7f37"">✓ In stock</span> — limited edition, available while supplier inventory lasts.</p>
<p><strong>QUESTIONS?</strong> Email <a href=""mailto:hello@luxemia.shop"">hello@luxemia.shop</a>, call <a href=""tel:+12153419990"">+1-215-341-9990</a>, or <a href=""https://wa.me/12153419990"" target=""_blank"">WhatsApp Mini</a> — I answer the phone myself in English, Hindi, or Gujarati.</p>
<p><strong>SEE ALSO:</strong> <a href=""https://luxemia.shop/returns"">Returns policy</a> | <a href=""https://luxemia.shop/size-guide"">Size guide</a> | <a href=""https://luxemia.shop/blog/how-to-measure-for-indian-ethnic-wear"">How to measure</a> | <a href=""https://luxemia.shop/sarees"">Browse all sarees</a></p>
<p>— Mini, founder of LuxeMia</p>",LuxeMia,Clothing,Saree,"emerald green,occasional,embroidery,saree,indian ethnic wear,usa,ships from India,in stock",TRUE,,,,,2000,shopify,10,deny,manual,59.85,78.75,TRUE,TRUE,LXM-fendy-satin-teal-gre,https://kesimg.b-cdn.net/images/650/2025y/December/59779/Teal-Green-Fendy-Satin-Ocassional-Wear-Embroidery-Work-Saree-VT-815-T-C(1).jpg,1,Emerald Green Embroidered Saree,FALSE,Emerald Green Embroidered Saree | LuxeMia,Emerald green Embroidered saree for occasional — $60. Ships in 2-3 days. DHL Express 3-5 days. In stock.,active,https://kesimg.b-cdn.net/images/650/2025y/December/59779/Teal-Green-Fendy-Satin-Ocassional-Wear-Embroidery-Work-Saree-VT-815-T-C(1).jpg,kg
lavender-tissue-silk-wedding-saree,Lavender Saree,"<p>Lavender saree with blouse piece.</p>
<p>For wedding events — Navratri, Diwali, weddings, family functions.</p>
<p><strong>SET INCLUDES:</strong> Saree with blouse piece and dupatta (where shown).</p>
<p><strong>STITCHING:</strong> Saree is unstitched. Fall and edging available for $10 (request by email after ordering).</p>
<p><strong>CARE:</strong> First Wash Dry Clean. Iron at moderate temperature.</p>
<p><strong>FABRIC:</strong> Tissue Silk (fine weave). Approx weight: 2 kg (full set).</p>
<p><strong>SHIPPING:</strong> Ships within 2-3 days (processing). Standard delivery time varies by country. <strong>DHL Express delivers in 3-5 days</strong>. <strong>Free shipping is always Standard</strong> — DHL Express available at checkout for an additional fee.</p>
<p><strong>AVAILABILITY:</strong> <span style=""color:#1a7f37"">✓ In stock</span> — limited edition, available while supplier inventory lasts.</p>
<p><strong>QUESTIONS?</strong> Email <a href=""mailto:hello@luxemia.shop"">hello@luxemia.shop</a>, call <a href=""tel:+12153419990"">+1-215-341-9990</a>, or <a href=""https://wa.me/12153419990"" target=""_blank"">WhatsApp Mini</a> — I answer the phone myself in English, Hindi, or Gujarati.</p>
<p><strong>SEE ALSO:</strong> <a href=""https://luxemia.shop/returns"">Returns policy</a> | <a href=""https://luxemia.shop/size-guide"">Size guide</a> | <a href=""https://luxemia.shop/blog/how-to-measure-for-indian-ethnic-wear"">How to measure</a> | <a href=""https://luxemia.shop/sarees"">Browse all sarees</a></p>
<p>— Mini, founder of LuxeMia</p>",LuxeMia,Clothing,Saree,"lavender,tissue silk,wedding,saree,indian ethnic wear,usa,ships from India,in stock",TRUE,,,,,2000,shopify,10,deny,manual,79.35,107.22,TRUE,TRUE,LXM-lavender-tissue-silk,https://kesimg.b-cdn.net/images/650/2025y/December/59728/Lavender-PV-Tissue-Silk-Wedding-Wear-Weaving-Work-Saree-Kreshva-Mangalsutra--3667-K-4294(1).jpg,1,Lavender Saree,FALSE,Lavender Saree | LuxeMia,Lavender saree for wedding — $79. Ships in 2-3 days. DHL Express 3-5 days. In stock.,active,https://kesimg.b-cdn.net/images/650/2025y/December/59728/Lavender-PV-Tissue-Silk-Wedding-Wear-Weaving-Work-Saree-Kreshva-Mangalsutra--3667-K-4294(1).jpg,kg
coral-cotton-casual-saree,Coral Saree,"<p>Coral saree with blouse piece.</p>
<p>For casual events — Navratri, Diwali, weddings, family functions.</p>
<p><strong>SET INCLUDES:</strong> Saree with blouse piece and dupatta (where shown).</p>
<p><strong>STITCHING:</strong> Saree is unstitched. Fall and edging available for $10 (request by email after ordering).</p>
<p><strong>CARE:</strong> First Wash Dry Clean. Iron at moderate temperature.</p>
<p><strong>FABRIC:</strong> Cotton (natural fiber). Approx weight: 2 kg (full set).</p>
<p><strong>SHIPPING:</strong> Ships within 2-3 days (processing). Standard delivery time varies by country. <strong>DHL Express delivers in 3-5 days</strong>. <strong>Free shipping is always Standard</strong> — DHL Express available at checkout for an additional fee.</p>
<p><strong>AVAILABILITY:</strong> <span style=""color:#1a7f37"">✓ In stock</span> — limited edition, available while supplier inventory lasts.</p>
<p><strong>QUESTIONS?</strong> Email <a href=""mailto:hello@luxemia.shop"">hello@luxemia.shop</a>, call <a href=""tel:+12153419990"">+1-215-341-9990</a>, or <a href=""https://wa.me/12153419990"" target=""_blank"">WhatsApp Mini</a> — I answer the phone myself in English, Hindi, or Gujarati.</p>
<p><strong>SEE ALSO:</strong> <a href=""https://luxemia.shop/returns"">Returns policy</a> | <a href=""https://luxemia.shop/size-guide"">Size guide</a> | <a href=""https://luxemia.shop/blog/how-to-measure-for-indian-ethnic-wear"">How to measure</a> | <a href=""https://luxemia.shop/sarees"">Browse all sarees</a></p>
<p>— Mini, founder of LuxeMia</p>",LuxeMia,Clothing,Saree,"coral,cotton,casual,saree,indian ethnic wear,usa,ships from India,in stock",TRUE,,,,,2000,shopify,10,deny,manual,56.85,78.96,TRUE,TRUE,LXM-coral-cotton-casual-,https://kesimg.b-cdn.net/images/650/2025y/December/59705/Coral-Cotton-Casual-Wear-Print-Work-Saree-Kreshva-Vol-2-3666-K-4267(1).jpg,1,Coral Saree,FALSE,Coral Saree | LuxeMia,Coral saree for casual — $57. Ships in 2-3 days. DHL Express 3-5 days. In stock.,active,https://kesimg.b-cdn.net/images/650/2025y/December/59705/Coral-Cotton-Casual-Wear-Print-Work-Saree-Kreshva-Vol-2-3666-K-4267(1).jpg,kg
lavender-cotton-casual-saree,Lavender Cotton Casual Saree with Blouse Piece,"<p>Lavender saree with blouse piece.</p>
<p>For casual events — Navratri, Diwali, weddings, family functions.</p>
<p><strong>SET INCLUDES:</strong> Saree with blouse piece and dupatta (where shown).</p>
<p><strong>STITCHING:</strong> Saree is unstitched. Fall and edging available for $10 (request by email after ordering).</p>
<p><strong>CARE:</strong> First Wash Dry Clean. Iron at moderate temperature.</p>
<p><strong>FABRIC:</strong> Cotton (natural fiber). Approx weight: 2 kg (full set).</p>
<p><strong>SHIPPING:</strong> Ships within 2-3 days (processing). Standard delivery time varies by country. <strong>DHL Express delivers in 3-5 days</strong>. <strong>Free shipping is always Standard</strong> — DHL Express available at checkout for an additional fee.</p>
<p><strong>AVAILABILITY:</strong> <span style=""color:#1a7f37"">✓ In stock</span> — limited edition, available while supplier inventory lasts.</p>
<p><strong>QUESTIONS?</strong> Email <a href=""mailto:hello@luxemia.shop"">hello@luxemia.shop</a>, call <a href=""tel:+12153419990"">+1-215-341-9990</a>, or <a href=""https://wa.me/12153419990"" target=""_blank"">WhatsApp Mini</a> — I answer the phone myself in English, Hindi, or Gujarati.</p>
<p><strong>SEE ALSO:</strong> <a href=""https://luxemia.shop/returns"">Returns policy</a> | <a href=""https://luxemia.shop/size-guide"">Size guide</a> | <a href=""https://luxemia.shop/blog/how-to-measure-for-indian-ethnic-wear"">How to measure</a> | <a href=""https://luxemia.shop/sarees"">Browse all sarees</a></p>
<p>— Mini, founder of LuxeMia</p>",LuxeMia,Clothing,Saree,"lavender,cotton,casual,saree,indian ethnic wear,usa,ships from India,in stock",TRUE,,,,,2000,shopify,10,deny,manual,56.85,78.96,TRUE,TRUE,LXM-lavender-cotton-casu,https://kesimg.b-cdn.net/images/650/2025y/December/59705/Lavender-Cotton-Casual-Wear-Print-Work-Saree-Kreshva-Vol-2-3666-K-4266(1).jpg,1,Lavender Cotton Casual Saree with Blouse Piece,FALSE,Lavender Cotton Casual Saree with Blouse Piece | LuxeMia,Lavender saree for casual — $57. Ships in 2-3 days. DHL Express 3-5 days. In stock.,active,https://kesimg.b-cdn.net/images/650/2025y/December/59705/Lavender-Cotton-Casual-Wear-Print-Work-Saree-Kreshva-Vol-2-3666-K-4266(1).jpg,kg
wine-georgette-sharara-suit,Wine Sharara Suit with Dupatta,"<p>Wine sharara suit with dupatta.</p>
<p>For festive events — Navratri, Diwali, weddings, family functions.</p>
<p><strong>SET INCLUDES:</strong> Kurta, bottom (salwar/palazzo/sharara), and dupatta.</p>
<p><strong>STITCHING OPTIONS:</strong></p>
<p>&nbsp;&nbsp;&bull; <strong>Standard Size S-XXL</strong> (+$23) — we stitch to a standard size before shipping.</p>
<p>&nbsp;&nbsp;&bull; <strong>Custom Stitching</strong> (+$37) — we stitch to your exact measurements (form emailed after order, 4-5 days extra).</p>
<p>&nbsp;&nbsp;&bull; <strong>Unstitched</strong> (+$0) — fabric shipped as-is, you arrange stitching locally.</p>
<p><strong>CARE:</strong> First Wash Dry Clean. Iron at moderate temperature.</p>
<p><strong>FABRIC:</strong> Georgette (synthetic). Approx weight: 2 kg (full set).</p>
<p><strong>SHIPPING:</strong> Ships within 2-3 days (processing). Standard delivery time varies by country. <strong>DHL Express delivers in 3-5 days</strong>. <strong>Free shipping is always Standard</strong> — DHL Express available at checkout for an additional fee.</p>
<p><strong>AVAILABILITY:</strong> <span style=""color:#1a7f37"">✓ In stock</span> — limited edition, available while supplier inventory lasts.</p>
<p><strong>QUESTIONS?</strong> Email <a href=""mailto:hello@luxemia.shop"">hello@luxemia.shop</a>, call <a href=""tel:+12153419990"">+1-215-341-9990</a>, or <a href=""https://wa.me/12153419990"" target=""_blank"">WhatsApp Mini</a> — I answer the phone myself in English, Hindi, or Gujarati.</p>
<p><strong>SEE ALSO:</strong> <a href=""https://luxemia.shop/returns"">Returns policy</a> | <a href=""https://luxemia.shop/size-guide"">Size guide</a> | <a href=""https://luxemia.shop/blog/how-to-measure-for-indian-ethnic-wear"">How to measure</a> | <a href=""https://luxemia.shop/suits"">Browse all suits</a></p>
<p>— Mini, founder of LuxeMia</p>",LuxeMia,Clothing,Suit,"wine,georgette,festive,suit,indian ethnic wear,usa,ships from india,in stock",TRUE,,,,,2000,shopify,10,deny,manual,98.85,133.59,TRUE,TRUE,LXM-wine-georgette-shara,https://kesimg.b-cdn.net/images/650/2025y/December/59625/Wine-Net-Wedding-Wear-Heavy-Work-Lehenga-Choli-Wedding-Wibe-Vol-2-3622-2945-B(1).jpg,1,Wine Sharara Suit with Dupatta,FALSE,Wine Sharara Suit with Dupatta | LuxeMia,Wine sharara suit for festive — $99. Ships in 2-3 days. DHL Express 3-5 days. In stock.,active,https://kesimg.b-cdn.net/images/650/2025y/December/59625/Wine-Net-Wedding-Wear-Heavy-Work-Lehenga-Choli-Wedding-Wibe-Vol-2-3622-2945-B(1).jpg,kg
dusty-rose-silk-party-anarkali,Pink Embroidered Anarkali Suit with Contrasting Blue Ombre Dupatta,"<p>Pink embroidered anarkali suit with dupatta.</p>
<p>For party events — Navratri, Diwali, weddings, family functions.</p>
<p><strong>SET INCLUDES:</strong> Kurta, bottom (salwar/palazzo/sharara), and dupatta.</p>
<p><strong>STITCHING OPTIONS:</strong></p>
<p>&nbsp;&nbsp;&bull; <strong>Standard Size S-XXL</strong> (+$23) — we stitch to a standard size before shipping.</p>
<p>&nbsp;&nbsp;&bull; <strong>Custom Stitching</strong> (+$37) — we stitch to your exact measurements (form emailed after order, 4-5 days extra).</p>
<p>&nbsp;&nbsp;&bull; <strong>Unstitched</strong> (+$0) — fabric shipped as-is, you arrange stitching locally.</p>
<p><strong>CARE:</strong> First Wash Dry Clean. Iron at moderate temperature.</p>
<p><strong>FABRIC:</strong> Silk blend. Approx weight: 2 kg (full set).</p>
<p><strong>SHIPPING:</strong> Ships within 2-3 days (processing). Standard delivery time varies by country. <strong>DHL Express delivers in 3-5 days</strong>. <strong>Free shipping is always Standard</strong> — DHL Express available at checkout for an additional fee.</p>
<p><strong>AVAILABILITY:</strong> <span style=""color:#1a7f37"">✓ In stock</span> — limited edition, available while supplier inventory lasts.</p>
<p><strong>QUESTIONS?</strong> Email <a href=""mailto:hello@luxemia.shop"">hello@luxemia.shop</a>, call <a href=""tel:+12153419990"">+1-215-341-9990</a>, or <a href=""https://wa.me/12153419990"" target=""_blank"">WhatsApp Mini</a> — I answer the phone myself in English, Hindi, or Gujarati.</p>
<p><strong>SEE ALSO:</strong> <a href=""https://luxemia.shop/returns"">Returns policy</a> | <a href=""https://luxemia.shop/size-guide"">Size guide</a> | <a href=""https://luxemia.shop/blog/how-to-measure-for-indian-ethnic-wear"">How to measure</a> | <a href=""https://luxemia.shop/suits"">Browse all suits</a></p>
<p>— Mini, founder of LuxeMia</p>",LuxeMia,Clothing,Suit,"pink,silk,party,embroidery,suit,indian ethnic wear,usa,ships from india,in stock",TRUE,,,,,2000,shopify,10,deny,manual,62.85,80.58,TRUE,TRUE,LXM-dusty-rose-silk-part,https://kesimg.b-cdn.net/images/650/2026y/January/59793/Dusty-Rose-Silk-Party-Wear-Sequins-Work--Readymade-Anarkali-Suit-5964(1).jpg,1,Pink Embroidered Anarkali Suit with Contrasting Blue Ombre Dupatta,FALSE,Pink Embroidered Anarkali Suit with Contrasting B… | LuxeMia,Pink Embroidered anarkali suit for party — $63. Ships in 2-3 days. DHL Express 3-5 days. In stock.,active,https://kesimg.b-cdn.net/images/650/2026y/January/59793/Dusty-Rose-Silk-Party-Wear-Sequins-Work--Readymade-Anarkali-Suit-5964(1).jpg,kg
multicolor-chinnon-party-anarkali,Multi-color Anarkali Suit with Dupatta,"<p>Multi-color anarkali suit with dupatta.</p>
<p>For party events — Navratri, Diwali, weddings, family functions.</p>
<p><strong>SET INCLUDES:</strong> Kurta, bottom (salwar/palazzo/sharara), and dupatta.</p>
<p><strong>STITCHING OPTIONS:</strong></p>
<p>&nbsp;&nbsp;&bull; <strong>Standard Size S-XXL</strong> (+$23) — we stitch to a standard size before shipping.</p>
<p>&nbsp;&nbsp;&bull; <strong>Custom Stitching</strong> (+$37) — we stitch to your exact measurements (form emailed after order, 4-5 days extra).</p>
<p>&nbsp;&nbsp;&bull; <strong>Unstitched</strong> (+$0) — fabric shipped as-is, you arrange stitching locally.</p>
<p><strong>CARE:</strong> First Wash Dry Clean. Iron at moderate temperature.</p>
<p><strong>FABRIC:</strong> Premium fabric (see images). Approx weight: 2 kg (full set).</p>
<p><strong>SHIPPING:</strong> Ships within 2-3 days (processing). Standard delivery time varies by country. <strong>DHL Express delivers in 3-5 days</strong>. <strong>Free shipping is always Standard</strong> — DHL Express available at checkout for an additional fee.</p>
<p><strong>AVAILABILITY:</strong> <span style=""color:#1a7f37"">✓ In stock</span> — limited edition, available while supplier inventory lasts.</p>
<p><strong>QUESTIONS?</strong> Email <a href=""mailto:hello@luxemia.shop"">hello@luxemia.shop</a>, call <a href=""tel:+12153419990"">+1-215-341-9990</a>, or <a href=""https://wa.me/12153419990"" target=""_blank"">WhatsApp Mini</a> — I answer the phone myself in English, Hindi, or Gujarati.</p>
<p><strong>SEE ALSO:</strong> <a href=""https://luxemia.shop/returns"">Returns policy</a> | <a href=""https://luxemia.shop/size-guide"">Size guide</a> | <a href=""https://luxemia.shop/blog/how-to-measure-for-indian-ethnic-wear"">How to measure</a> | <a href=""https://luxemia.shop/suits"">Browse all suits</a></p>
<p>— Mini, founder of LuxeMia</p>",LuxeMia,Clothing,Suit,"multi-color,party,suit,indian ethnic wear,usa,ships from india,in stock",TRUE,,,,,2000,shopify,10,deny,manual,74.85,101.19,TRUE,TRUE,LXM-multicolor-chinnon-p,https://kesimg.b-cdn.net/images/650/2025y/December/59660/Multi-Color-Premium-Chinnon-Party-Wear-Digital-Print-Work-Readymade-Anarkali-Suit-Gulzar-Saawan--5397-3343(1).jpg,1,Multi-color Anarkali Suit with Dupatta,FALSE,Multi-color Anarkali Suit with Dupatta | LuxeMia,Multi-color anarkali suit for party — $75. Ships in 2-3 days. DHL Express 3-5 days. In stock.,active,https://kesimg.b-cdn.net/images/650/2025y/December/59660/Multi-Color-Premium-Chinnon-Party-Wear-Digital-Print-Work-Readymade-Anarkali-Suit-Gulzar-Saawan--5397-3343(1).jpg,kg
peach-fendy-silk-casual-anarkali,Peach Embroidered Anarkali Suit with Matching Embroidered Dupatta,"<p>Peach embroidered anarkali suit with dupatta.</p>
<p>For casual events — Navratri, Diwali, weddings, family functions.</p>
<p><strong>SET INCLUDES:</strong> Kurta, bottom (salwar/palazzo/sharara), and dupatta.</p>
<p><strong>STITCHING OPTIONS:</strong></p>
<p>&nbsp;&nbsp;&bull; <strong>Standard Size S-XXL</strong> (+$23) — we stitch to a standard size before shipping.</p>
<p>&nbsp;&nbsp;&bull; <strong>Custom Stitching</strong> (+$37) — we stitch to your exact measurements (form emailed after order, 4-5 days extra).</p>
<p>&nbsp;&nbsp;&bull; <strong>Unstitched</strong> (+$0) — fabric shipped as-is, you arrange stitching locally.</p>
<p><strong>CARE:</strong> First Wash Dry Clean. Iron at moderate temperature.</p>
<p><strong>FABRIC:</strong> Fendy Silk (synthetic blend). Approx weight: 2 kg (full set).</p>
<p><strong>SHIPPING:</strong> Ships within 2-3 days (processing). Standard delivery time varies by country. <strong>DHL Express delivers in 3-5 days</strong>. <strong>Free shipping is always Standard</strong> — DHL Express available at checkout for an additional fee.</p>
<p><strong>AVAILABILITY:</strong> <span style=""color:#1a7f37"">✓ In stock</span> — limited edition, available while supplier inventory lasts.</p>
<p><strong>QUESTIONS?</strong> Email <a href=""mailto:hello@luxemia.shop"">hello@luxemia.shop</a>, call <a href=""tel:+12153419990"">+1-215-341-9990</a>, or <a href=""https://wa.me/12153419990"" target=""_blank"">WhatsApp Mini</a> — I answer the phone myself in English, Hindi, or Gujarati.</p>
<p><strong>SEE ALSO:</strong> <a href=""https://luxemia.shop/returns"">Returns policy</a> | <a href=""https://luxemia.shop/size-guide"">Size guide</a> | <a href=""https://luxemia.shop/blog/how-to-measure-for-indian-ethnic-wear"">How to measure</a> | <a href=""https://luxemia.shop/suits"">Browse all suits</a></p>
<p>— Mini, founder of LuxeMia</p>",LuxeMia,Clothing,Suit,"peach,fendy silk,casual,embroidery,suit,indian ethnic wear,usa,ships from india,in stock",TRUE,,,,,2000,shopify,10,deny,manual,80.85,106.38,TRUE,TRUE,LXM-peach-fendy-silk-cas,https://kesimg.b-cdn.net/images/650/2025y/December/59743/Peach-Fendy-Silk-Casual-Wear-Sequins-Work-Readymade-Anarkali-Suit-Anshika-Vol-2-5519-6101-D(1).jpg,1,Peach Embroidered Anarkali Suit with Matching Embroidered Dupatta,FALSE,Peach Embroidered Anarkali Suit with Matching Emb… | LuxeMia,Peach Embroidered anarkali suit for casual — $81. Ships in 2-3 days. DHL Express 3-5 days. In stock.,active,https://kesimg.b-cdn.net/images/650/2025y/December/59743/Peach-Fendy-Silk-Casual-Wear-Sequins-Work-Readymade-Anarkali-Suit-Anshika-Vol-2-5519-6101-D(1).jpg,kg
black-chinnon-silk-sharara-set,Black Sharara Suit with Dupatta,"<p>Black sharara suit with dupatta.</p>
<p>For festive events — Navratri, Diwali, weddings, family functions.</p>
<p><strong>SET INCLUDES:</strong> Kurta, bottom (salwar/palazzo/sharara), and dupatta.</p>
<p><strong>STITCHING OPTIONS:</strong></p>
<p>&nbsp;&nbsp;&bull; <strong>Standard Size S-XXL</strong> (+$23) — we stitch to a standard size before shipping.</p>
<p>&nbsp;&nbsp;&bull; <strong>Custom Stitching</strong> (+$37) — we stitch to your exact measurements (form emailed after order, 4-5 days extra).</p>
<p>&nbsp;&nbsp;&bull; <strong>Unstitched</strong> (+$0) — fabric shipped as-is, you arrange stitching locally.</p>
<p><strong>CARE:</strong> First Wash Dry Clean. Iron at moderate temperature.</p>
<p><strong>FABRIC:</strong> Chinnon (synthetic silk blend). Approx weight: 2 kg (full set).</p>
<p><strong>SHIPPING:</strong> Ships within 2-3 days (processing). Standard delivery time varies by country. <strong>DHL Express delivers in 3-5 days</strong>. <strong>Free shipping is always Standard</strong> — DHL Express available at checkout for an additional fee.</p>
<p><strong>AVAILABILITY:</strong> <span style=""color:#1a7f37"">✓ In stock</span> — limited edition, available while supplier inventory lasts.</p>
<p><strong>QUESTIONS?</strong> Email <a href=""mailto:hello@luxemia.shop"">hello@luxemia.shop</a>, call <a href=""tel:+12153419990"">+1-215-341-9990</a>, or <a href=""https://wa.me/12153419990"" target=""_blank"">WhatsApp Mini</a> — I answer the phone myself in English, Hindi, or Gujarati.</p>
<p><strong>SEE ALSO:</strong> <a href=""https://luxemia.shop/returns"">Returns policy</a> | <a href=""https://luxemia.shop/size-guide"">Size guide</a> | <a href=""https://luxemia.shop/blog/how-to-measure-for-indian-ethnic-wear"">How to measure</a> | <a href=""https://luxemia.shop/suits"">Browse all suits</a></p>
<p>— Mini, founder of LuxeMia</p>",LuxeMia,Clothing,Suit,"black,chinnon silk,festive,suit,indian ethnic wear,usa,ships from india,in stock",TRUE,,,,,2000,shopify,10,deny,manual,104.97,149.97,TRUE,TRUE,LXM-black-chinnon-silk-s,/images/products/kanchan-chinnon-10202.webp,1,Black Sharara Suit with Dupatta,FALSE,Black Sharara Suit with Dupatta | LuxeMia,Black sharara suit for festive — $105. Ships in 2-3 days. DHL Express 3-5 days. In stock.,active,/images/products/kanchan-chinnon-10202.webp,kg
red-silk-eid-anarkali-suit,Red Embroidered Anarkali Suit with Matching Embroidered Cape/Dupatta,"<p>Red embroidered anarkali suit with dupatta.</p>
<p>For festive events — Navratri, Diwali, weddings, family functions.</p>
<p><strong>SET INCLUDES:</strong> Kurta, bottom (salwar/palazzo/sharara), and dupatta.</p>
<p><strong>STITCHING OPTIONS:</strong></p>
<p>&nbsp;&nbsp;&bull; <strong>Standard Size S-XXL</strong> (+$23) — we stitch to a standard size before shipping.</p>
<p>&nbsp;&nbsp;&bull; <strong>Custom Stitching</strong> (+$37) — we stitch to your exact measurements (form emailed after order, 4-5 days extra).</p>
<p>&nbsp;&nbsp;&bull; <strong>Unstitched</strong> (+$0) — fabric shipped as-is, you arrange stitching locally.</p>
<p><strong>CARE:</strong> First Wash Dry Clean. Iron at moderate temperature.</p>
<p><strong>FABRIC:</strong> Silk blend. Approx weight: 2 kg (full set).</p>
<p><strong>SHIPPING:</strong> Ships within 2-3 days (processing). Standard delivery time varies by country. <strong>DHL Express delivers in 3-5 days</strong>. <strong>Free shipping is always Standard</strong> — DHL Express available at checkout for an additional fee.</p>
<p><strong>AVAILABILITY:</strong> <span style=""color:#1a7f37"">✓ In stock</span> — limited edition, available while supplier inventory lasts.</p>
<p><strong>QUESTIONS?</strong> Email <a href=""mailto:hello@luxemia.shop"">hello@luxemia.shop</a>, call <a href=""tel:+12153419990"">+1-215-341-9990</a>, or <a href=""https://wa.me/12153419990"" target=""_blank"">WhatsApp Mini</a> — I answer the phone myself in English, Hindi, or Gujarati.</p>
<p><strong>SEE ALSO:</strong> <a href=""https://luxemia.shop/returns"">Returns policy</a> | <a href=""https://luxemia.shop/size-guide"">Size guide</a> | <a href=""https://luxemia.shop/blog/how-to-measure-for-indian-ethnic-wear"">How to measure</a> | <a href=""https://luxemia.shop/suits"">Browse all suits</a></p>
<p>— Mini, founder of LuxeMia</p>",LuxeMia,Clothing,Suit,"red,silk,festive,embroidery,suit,indian ethnic wear,usa,ships from india,in stock",TRUE,,,,,2000,shopify,10,deny,manual,73.35,94.05,TRUE,TRUE,LXM-red-silk-eid-anarkal,https://kesimg.b-cdn.net/images/650/2026y/January/59797/RED-Silk-Eid-Wear-Embroidery-Work-Readymade-Anarkali-Suit-5554-681-B(1).jpg,1,Red Embroidered Anarkali Suit with Matching Embroidered Cape/Dupatta,FALSE,Red Embroidered Anarkali Suit with Matching Embro… | LuxeMia,Red Embroidered anarkali suit for festive — $73. Ships in 2-3 days. DHL Express 3-5 days. In stock.,active,https://kesimg.b-cdn.net/images/650/2026y/January/59797/RED-Silk-Eid-Wear-Embroidery-Work-Readymade-Anarkali-Suit-5554-681-B(1).jpg,kg
green-silk-eid-anarkali-suit,Emerald Green Embroidered Anarkali Suit with Matching Scalloped Hem Cape,"<p>Emerald green embroidered anarkali suit with dupatta.</p>
<p>For festive events — Navratri, Diwali, weddings, family functions.</p>
<p><strong>SET INCLUDES:</strong> Kurta, bottom (salwar/palazzo/sharara), and dupatta.</p>
<p><strong>STITCHING OPTIONS:</strong></p>
<p>&nbsp;&nbsp;&bull; <strong>Standard Size S-XXL</strong> (+$23) — we stitch to a standard size before shipping.</p>
<p>&nbsp;&nbsp;&bull; <strong>Custom Stitching</strong> (+$37) — we stitch to your exact measurements (form emailed after order, 4-5 days extra).</p>
<p>&nbsp;&nbsp;&bull; <strong>Unstitched</strong> (+$0) — fabric shipped as-is, you arrange stitching locally.</p>
<p><strong>CARE:</strong> First Wash Dry Clean. Iron at moderate temperature.</p>
<p><strong>FABRIC:</strong> Silk blend. Approx weight: 2 kg (full set).</p>
<p><strong>SHIPPING:</strong> Ships within 2-3 days (processing). Standard delivery time varies by country. <strong>DHL Express delivers in 3-5 days</strong>. <strong>Free shipping is always Standard</strong> — DHL Express available at checkout for an additional fee.</p>
<p><strong>AVAILABILITY:</strong> <span style=""color:#1a7f37"">✓ In stock</span> — limited edition, available while supplier inventory lasts.</p>
<p><strong>QUESTIONS?</strong> Email <a href=""mailto:hello@luxemia.shop"">hello@luxemia.shop</a>, call <a href=""tel:+12153419990"">+1-215-341-9990</a>, or <a href=""https://wa.me/12153419990"" target=""_blank"">WhatsApp Mini</a> — I answer the phone myself in English, Hindi, or Gujarati.</p>
<p><strong>SEE ALSO:</strong> <a href=""https://luxemia.shop/returns"">Returns policy</a> | <a href=""https://luxemia.shop/size-guide"">Size guide</a> | <a href=""https://luxemia.shop/blog/how-to-measure-for-indian-ethnic-wear"">How to measure</a> | <a href=""https://luxemia.shop/suits"">Browse all suits</a></p>
<p>— Mini, founder of LuxeMia</p>",LuxeMia,Clothing,Suit,"emerald green,silk,festive,embroidery,suit,indian ethnic wear,usa,ships from india,in stock",TRUE,,,,,2000,shopify,10,deny,manual,73.35,94.05,TRUE,TRUE,LXM-green-silk-eid-anark,https://kesimg.b-cdn.net/images/650/2026y/January/59797/Green-Silk-Eid-Wear-Embroidery-Work-Readymade-Anarkali-Suit-5554-681-A(1).jpg,1,Emerald Green Embroidered Anarkali Suit with Matching Scalloped Hem Cape,FALSE,Emerald Green Embroidered Anarkali Suit with Matc… | LuxeMia,Emerald green Embroidered anarkali suit for festive — $73. Ships in 2-3 days. DHL Express 3-5 days. In stock.,active,https://kesimg.b-cdn.net/images/650/2026y/January/59797/Green-Silk-Eid-Wear-Embroidery-Work-Readymade-Anarkali-Suit-5554-681-A(1).jpg,kg
baby-pink-roman-silk-festival-anarkali,Pink Mirror Work Anarkali Suit with Matching Embroidered Dupatta,"<p>Pink mirror work anarkali suit with dupatta.</p>
<p>For festival events — Navratri, Diwali, weddings, family functions.</p>
<p><strong>SET INCLUDES:</strong> Kurta, bottom (salwar/palazzo/sharara), and dupatta.</p>
<p><strong>STITCHING OPTIONS:</strong></p>
<p>&nbsp;&nbsp;&bull; <strong>Standard Size S-XXL</strong> (+$23) — we stitch to a standard size before shipping.</p>
<p>&nbsp;&nbsp;&bull; <strong>Custom Stitching</strong> (+$37) — we stitch to your exact measurements (form emailed after order, 4-5 days extra).</p>
<p>&nbsp;&nbsp;&bull; <strong>Unstitched</strong> (+$0) — fabric shipped as-is, you arrange stitching locally.</p>
<p><strong>CARE:</strong> First Wash Dry Clean. Iron at moderate temperature.</p>
<p><strong>FABRIC:</strong> Roman Silk (synthetic blend). Approx weight: 2 kg (full set).</p>
<p><strong>SHIPPING:</strong> Ships within 2-3 days (processing). Standard delivery time varies by country. <strong>DHL Express delivers in 3-5 days</strong>. <strong>Free shipping is always Standard</strong> — DHL Express available at checkout for an additional fee.</p>
<p><strong>AVAILABILITY:</strong> <span style=""color:#1a7f37"">✓ In stock</span> — limited edition, available while supplier inventory lasts.</p>
<p><strong>QUESTIONS?</strong> Email <a href=""mailto:hello@luxemia.shop"">hello@luxemia.shop</a>, call <a href=""tel:+12153419990"">+1-215-341-9990</a>, or <a href=""https://wa.me/12153419990"" target=""_blank"">WhatsApp Mini</a> — I answer the phone myself in English, Hindi, or Gujarati.</p>
<p><strong>SEE ALSO:</strong> <a href=""https://luxemia.shop/returns"">Returns policy</a> | <a href=""https://luxemia.shop/size-guide"">Size guide</a> | <a href=""https://luxemia.shop/blog/how-to-measure-for-indian-ethnic-wear"">How to measure</a> | <a href=""https://luxemia.shop/suits"">Browse all suits</a></p>
<p>— Mini, founder of LuxeMia</p>",LuxeMia,Clothing,Suit,"pink,roman silk,festival,mirror,suit,indian ethnic wear,usa,ships from india,in stock",TRUE,,,,,2000,shopify,10,deny,manual,74.85,99.81,TRUE,TRUE,LXM-baby-pink-roman-silk,https://kesimg.b-cdn.net/images/650/2025y/December/59770/Baby-Pink-Roman-Silk-Festival-Wear-Sequins-Work-Readymade-Anarkali-Suit-Shalini-Vol-3-5546-3800-A(1).jpg,1,Pink Mirror Work Anarkali Suit with Matching Embroidered Dupatta,FALSE,Pink Mirror Work Anarkali Suit with Matching Embr… | LuxeMia,Pink Mirror Work anarkali suit for festival — $75. Ships in 2-3 days. DHL Express 3-5 days. In stock.,active,https://kesimg.b-cdn.net/images/650/2025y/December/59770/Baby-Pink-Roman-Silk-Festival-Wear-Sequins-Work-Readymade-Anarkali-Suit-Shalini-Vol-3-5546-3800-A(1).jpg,kg
lavender-viscose-casual-anarkali,"Lavender Embroidered Anarkali Suit with Sheer, Matching Dupatta","<p>Lavender embroidered anarkali suit with dupatta.</p>
<p>For casual events — Navratri, Diwali, weddings, family functions.</p>
<p><strong>SET INCLUDES:</strong> Kurta, bottom (salwar/palazzo/sharara), and dupatta.</p>
<p><strong>STITCHING OPTIONS:</strong></p>
<p>&nbsp;&nbsp;&bull; <strong>Standard Size S-XXL</strong> (+$23) — we stitch to a standard size before shipping.</p>
<p>&nbsp;&nbsp;&bull; <strong>Custom Stitching</strong> (+$37) — we stitch to your exact measurements (form emailed after order, 4-5 days extra).</p>
<p>&nbsp;&nbsp;&bull; <strong>Unstitched</strong> (+$0) — fabric shipped as-is, you arrange stitching locally.</p>
<p><strong>CARE:</strong> First Wash Dry Clean. Iron at moderate temperature.</p>
<p><strong>FABRIC:</strong> Viscose (semi-synthetic). Approx weight: 2 kg (full set).</p>
<p><strong>SHIPPING:</strong> Ships within 2-3 days (processing). Standard delivery time varies by country. <strong>DHL Express delivers in 3-5 days</strong>. <strong>Free shipping is always Standard</strong> — DHL Express available at checkout for an additional fee.</p>
<p><strong>AVAILABILITY:</strong> <span style=""color:#1a7f37"">✓ In stock</span> — limited edition, available while supplier inventory lasts.</p>
<p><strong>QUESTIONS?</strong> Email <a href=""mailto:hello@luxemia.shop"">hello@luxemia.shop</a>, call <a href=""tel:+12153419990"">+1-215-341-9990</a>, or <a href=""https://wa.me/12153419990"" target=""_blank"">WhatsApp Mini</a> — I answer the phone myself in English, Hindi, or Gujarati.</p>
<p><strong>SEE ALSO:</strong> <a href=""https://luxemia.shop/returns"">Returns policy</a> | <a href=""https://luxemia.shop/size-guide"">Size guide</a> | <a href=""https://luxemia.shop/blog/how-to-measure-for-indian-ethnic-wear"">How to measure</a> | <a href=""https://luxemia.shop/suits"">Browse all suits</a></p>
<p>— Mini, founder of LuxeMia</p>",LuxeMia,Clothing,Suit,"lavender,viscose,casual,embroidery,suit,indian ethnic wear,usa,ships from india,in stock",TRUE,,,,,2000,shopify,10,deny,manual,64.35,85.80,TRUE,TRUE,LXM-lavender-viscose-cas,https://kesimg.b-cdn.net/images/650/2025y/December/59715/Lavender-Viscose-Casual-Wear-Zari-Work-Readymade-Anarkali-Suit-Amisha-Vol-1-5489-555-A(1).jpg,1,"Lavender Embroidered Anarkali Suit with Sheer, Matching Dupatta",FALSE,"Lavender Embroidered Anarkali Suit with Sheer, Ma… | LuxeMia",Lavender Embroidered anarkali suit for casual — $64. Ships in 2-3 days. DHL Express 3-5 days. In stock.,active,https://kesimg.b-cdn.net/images/650/2025y/December/59715/Lavender-Viscose-Casual-Wear-Zari-Work-Readymade-Anarkali-Suit-Amisha-Vol-1-5489-555-A(1).jpg,kg
grey-fendy-silk-casual-anarkali,Silver-grey Embroidered Anarkali Suit with Matching Ombre Dupatta,"<p>Silver-grey embroidered anarkali suit with dupatta.</p>
<p>For casual events — Navratri, Diwali, weddings, family functions.</p>
<p><strong>SET INCLUDES:</strong> Kurta, bottom (salwar/palazzo/sharara), and dupatta.</p>
<p><strong>STITCHING OPTIONS:</strong></p>
<p>&nbsp;&nbsp;&bull; <strong>Standard Size S-XXL</strong> (+$23) — we stitch to a standard size before shipping.</p>
<p>&nbsp;&nbsp;&bull; <strong>Custom Stitching</strong> (+$37) — we stitch to your exact measurements (form emailed after order, 4-5 days extra).</p>
<p>&nbsp;&nbsp;&bull; <strong>Unstitched</strong> (+$0) — fabric shipped as-is, you arrange stitching locally.</p>
<p><strong>CARE:</strong> First Wash Dry Clean. Iron at moderate temperature.</p>
<p><strong>FABRIC:</strong> Fendy Silk (synthetic blend). Approx weight: 2 kg (full set).</p>
<p><strong>SHIPPING:</strong> Ships within 2-3 days (processing). Standard delivery time varies by country. <strong>DHL Express delivers in 3-5 days</strong>. <strong>Free shipping is always Standard</strong> — DHL Express available at checkout for an additional fee.</p>
<p><strong>AVAILABILITY:</strong> <span style=""color:#1a7f37"">✓ In stock</span> — limited edition, available while supplier inventory lasts.</p>
<p><strong>QUESTIONS?</strong> Email <a href=""mailto:hello@luxemia.shop"">hello@luxemia.shop</a>, call <a href=""tel:+12153419990"">+1-215-341-9990</a>, or <a href=""https://wa.me/12153419990"" target=""_blank"">WhatsApp Mini</a> — I answer the phone myself in English, Hindi, or Gujarati.</p>
<p><strong>SEE ALSO:</strong> <a href=""https://luxemia.shop/returns"">Returns policy</a> | <a href=""https://luxemia.shop/size-guide"">Size guide</a> | <a href=""https://luxemia.shop/blog/how-to-measure-for-indian-ethnic-wear"">How to measure</a> | <a href=""https://luxemia.shop/suits"">Browse all suits</a></p>
<p>— Mini, founder of LuxeMia</p>",LuxeMia,Clothing,Suit,"silver-grey,fendy silk,casual,embroidery,suit,indian ethnic wear,usa,ships from india,in stock",TRUE,,,,,2000,shopify,10,deny,manual,80.85,106.38,TRUE,TRUE,LXM-grey-fendy-silk-casu,https://kesimg.b-cdn.net/images/650/2025y/December/59743/Grey-Fendy-Silk-Casual-Wear-Sequins-Work-Readymade-Anarkali-Suit-Anshika-Vol-2-5519-6101-C(1).jpg,1,Silver-grey Embroidered Anarkali Suit with Matching Ombre Dupatta,FALSE,Silver-grey Embroidered Anarkali Suit with Matchi… | LuxeMia,Silver-grey Embroidered anarkali suit for casual — $81. Ships in 2-3 days. DHL Express 3-5 days. In stock.,active,https://kesimg.b-cdn.net/images/650/2025y/December/59743/Grey-Fendy-Silk-Casual-Wear-Sequins-Work-Readymade-Anarkali-Suit-Anshika-Vol-2-5519-6101-C(1).jpg,kg
purple-chanderi-silk-casual-anarkali,Purple Mirror Work Anarkali Suit with Dupatta,"<p>Purple mirror work anarkali suit with dupatta.</p>
<p>For festive events — Navratri, Diwali, weddings, family functions.</p>
<p><strong>SET INCLUDES:</strong> Kurta, bottom (salwar/palazzo/sharara), and dupatta.</p>
<p><strong>STITCHING OPTIONS:</strong></p>
<p>&nbsp;&nbsp;&bull; <strong>Standard Size S-XXL</strong> (+$23) — we stitch to a standard size before shipping.</p>
<p>&nbsp;&nbsp;&bull; <strong>Custom Stitching</strong> (+$37) — we stitch to your exact measurements (form emailed after order, 4-5 days extra).</p>
<p>&nbsp;&nbsp;&bull; <strong>Unstitched</strong> (+$0) — fabric shipped as-is, you arrange stitching locally.</p>
<p><strong>CARE:</strong> First Wash Dry Clean. Iron at moderate temperature.</p>
<p><strong>FABRIC:</strong> Chanderi Cotton-Silk blend. Approx weight: 2 kg (full set).</p>
<p><strong>SHIPPING:</strong> Ships within 2-3 days (processing). Standard delivery time varies by country. <strong>DHL Express delivers in 3-5 days</strong>. <strong>Free shipping is always Standard</strong> — DHL Express available at checkout for an additional fee.</p>
<p><strong>AVAILABILITY:</strong> <span style=""color:#1a7f37"">✓ In stock</span> — limited edition, available while supplier inventory lasts.</p>
<p><strong>QUESTIONS?</strong> Email <a href=""mailto:hello@luxemia.shop"">hello@luxemia.shop</a>, call <a href=""tel:+12153419990"">+1-215-341-9990</a>, or <a href=""https://wa.me/12153419990"" target=""_blank"">WhatsApp Mini</a> — I answer the phone myself in English, Hindi, or Gujarati.</p>
<p><strong>SEE ALSO:</strong> <a href=""https://luxemia.shop/returns"">Returns policy</a> | <a href=""https://luxemia.shop/size-guide"">Size guide</a> | <a href=""https://luxemia.shop/blog/how-to-measure-for-indian-ethnic-wear"">How to measure</a> | <a href=""https://luxemia.shop/suits"">Browse all suits</a></p>
<p>— Mini, founder of LuxeMia</p>",LuxeMia,Clothing,Suit,"purple,chanderi,festive,mirror,suit,indian ethnic wear,usa,ships from india,in stock",TRUE,,,,,2000,shopify,10,deny,manual,76.35,103.17,TRUE,TRUE,LXM-purple-chanderi-silk,https://kesimg.b-cdn.net/images/650/2025y/December/59714/Purple-Roman-Chanderi-Silk-Casual-Wear-Embroidery-Work-Readymade-Anarkali-Suit-BK-Vol-3-5487-290(1).jpg,1,Purple Mirror Work Anarkali Suit with Dupatta,FALSE,Purple Mirror Work Anarkali Suit with Dupatta | LuxeMia,Purple Mirror Work anarkali suit for festive — $76. Ships in 2-3 days. DHL Express 3-5 days. In stock.,active,https://kesimg.b-cdn.net/images/650/2025y/December/59714/Purple-Roman-Chanderi-Silk-Casual-Wear-Embroidery-Work-Readymade-Anarkali-Suit-BK-Vol-3-5487-290(1).jpg,kg
pista-viscose-casual-anarkali,Light green Embroidered Anarkali Suit with Sheer Net Sleeves,"<p>Light green embroidered anarkali suit with dupatta.</p>
<p>For casual events — Navratri, Diwali, weddings, family functions.</p>
<p><strong>SET INCLUDES:</strong> Kurta, bottom (salwar/palazzo/sharara), and dupatta.</p>
<p><strong>STITCHING OPTIONS:</strong></p>
<p>&nbsp;&nbsp;&bull; <strong>Standard Size S-XXL</strong> (+$23) — we stitch to a standard size before shipping.</p>
<p>&nbsp;&nbsp;&bull; <strong>Custom Stitching</strong> (+$37) — we stitch to your exact measurements (form emailed after order, 4-5 days extra).</p>
<p>&nbsp;&nbsp;&bull; <strong>Unstitched</strong> (+$0) — fabric shipped as-is, you arrange stitching locally.</p>
<p><strong>CARE:</strong> First Wash Dry Clean. Iron at moderate temperature.</p>
<p><strong>FABRIC:</strong> Viscose (semi-synthetic). Approx weight: 2 kg (full set).</p>
<p><strong>SHIPPING:</strong> Ships within 2-3 days (processing). Standard delivery time varies by country. <strong>DHL Express delivers in 3-5 days</strong>. <strong>Free shipping is always Standard</strong> — DHL Express available at checkout for an additional fee.</p>
<p><strong>AVAILABILITY:</strong> <span style=""color:#1a7f37"">✓ In stock</span> — limited edition, available while supplier inventory lasts.</p>
<p><strong>QUESTIONS?</strong> Email <a href=""mailto:hello@luxemia.shop"">hello@luxemia.shop</a>, call <a href=""tel:+12153419990"">+1-215-341-9990</a>, or <a href=""https://wa.me/12153419990"" target=""_blank"">WhatsApp Mini</a> — I answer the phone myself in English, Hindi, or Gujarati.</p>
<p><strong>SEE ALSO:</strong> <a href=""https://luxemia.shop/returns"">Returns policy</a> | <a href=""https://luxemia.shop/size-guide"">Size guide</a> | <a href=""https://luxemia.shop/blog/how-to-measure-for-indian-ethnic-wear"">How to measure</a> | <a href=""https://luxemia.shop/suits"">Browse all suits</a></p>
<p>— Mini, founder of LuxeMia</p>",LuxeMia,Clothing,Suit,"light green,viscose,casual,embroidery,suit,indian ethnic wear,usa,ships from india,in stock",TRUE,,,,,2000,shopify,10,deny,manual,64.35,85.80,TRUE,TRUE,LXM-pista-viscose-casual,https://kesimg.b-cdn.net/images/650/2025y/December/59715/Pista-Viscose-Casual-Wear-Zari-Work-Readymade-Anarkali-Suit-Amisha-Vol-1-5489-555-B(1).jpg,1,Light green Embroidered Anarkali Suit with Sheer Net Sleeves,FALSE,Light green Embroidered Anarkali Suit with Sheer… | LuxeMia,Light green Embroidered anarkali suit for casual — $64. Ships in 2-3 days. DHL Express 3-5 days. In stock.,active,https://kesimg.b-cdn.net/images/650/2025y/December/59715/Pista-Viscose-Casual-Wear-Zari-Work-Readymade-Anarkali-Suit-Amisha-Vol-1-5489-555-B(1).jpg,kg
black-roman-silk-anarkali,Black Anarkali Suit with Heavily Embellished Pearl Net Dupatta,"<p>Black anarkali suit with dupatta.</p>
<p>For festive events — Navratri, Diwali, weddings, family functions.</p>
<p><strong>SET INCLUDES:</strong> Kurta, bottom (salwar/palazzo/sharara), and dupatta.</p>
<p><strong>STITCHING OPTIONS:</strong></p>
<p>&nbsp;&nbsp;&bull; <strong>Standard Size S-XXL</strong> (+$23) — we stitch to a standard size before shipping.</p>
<p>&nbsp;&nbsp;&bull; <strong>Custom Stitching</strong> (+$37) — we stitch to your exact measurements (form emailed after order, 4-5 days extra).</p>
<p>&nbsp;&nbsp;&bull; <strong>Unstitched</strong> (+$0) — fabric shipped as-is, you arrange stitching locally.</p>
<p><strong>CARE:</strong> First Wash Dry Clean. Iron at moderate temperature.</p>
<p><strong>FABRIC:</strong> Roman Silk (synthetic blend). Approx weight: 2 kg (full set).</p>
<p><strong>SHIPPING:</strong> Ships within 2-3 days (processing). Standard delivery time varies by country. <strong>DHL Express delivers in 3-5 days</strong>. <strong>Free shipping is always Standard</strong> — DHL Express available at checkout for an additional fee.</p>
<p><strong>AVAILABILITY:</strong> <span style=""color:#1a7f37"">✓ In stock</span> — limited edition, available while supplier inventory lasts.</p>
<p><strong>QUESTIONS?</strong> Email <a href=""mailto:hello@luxemia.shop"">hello@luxemia.shop</a>, call <a href=""tel:+12153419990"">+1-215-341-9990</a>, or <a href=""https://wa.me/12153419990"" target=""_blank"">WhatsApp Mini</a> — I answer the phone myself in English, Hindi, or Gujarati.</p>
<p><strong>SEE ALSO:</strong> <a href=""https://luxemia.shop/returns"">Returns policy</a> | <a href=""https://luxemia.shop/size-guide"">Size guide</a> | <a href=""https://luxemia.shop/blog/how-to-measure-for-indian-ethnic-wear"">How to measure</a> | <a href=""https://luxemia.shop/suits"">Browse all suits</a></p>
<p>— Mini, founder of LuxeMia</p>",LuxeMia,Clothing,Suit,"black,roman silk,festive,suit,indian ethnic wear,usa,ships from india,in stock",TRUE,,,,,2000,shopify,10,deny,manual,61.35,81.81,TRUE,TRUE,LXM-black-roman-silk-ana,https://kesimg.b-cdn.net/images/650/2025y/December/59699/Black-Roman-Silk-Ocassional-Wear-Dupatta-Work-Reaadymade-Anarkali-Suit-Jiya-Vol-5-5456-3600-A(1).jpg,1,Black Anarkali Suit with Heavily Embellished Pearl Net Dupatta,FALSE,Black Anarkali Suit with Heavily Embellished Pear… | LuxeMia,Black anarkali suit for festive — $61. Ships in 2-3 days. DHL Express 3-5 days. In stock.,active,https://kesimg.b-cdn.net/images/650/2025y/December/59699/Black-Roman-Silk-Ocassional-Wear-Dupatta-Work-Reaadymade-Anarkali-Suit-Jiya-Vol-5-5456-3600-A(1).jpg,kg
red-chanderi-cotton-casual-anarkali,Red Mirror Work Anarkali Suit with Scalloped Hem On The Dupatta,"<p>Red mirror work anarkali suit with dupatta.</p>
<p>For casual events — Navratri, Diwali, weddings, family functions.</p>
<p><strong>SET INCLUDES:</strong> Kurta, bottom (salwar/palazzo/sharara), and dupatta.</p>
<p><strong>STITCHING OPTIONS:</strong></p>
<p>&nbsp;&nbsp;&bull; <strong>Standard Size S-XXL</strong> (+$23) — we stitch to a standard size before shipping.</p>
<p>&nbsp;&nbsp;&bull; <strong>Custom Stitching</strong> (+$37) — we stitch to your exact measurements (form emailed after order, 4-5 days extra).</p>
<p>&nbsp;&nbsp;&bull; <strong>Unstitched</strong> (+$0) — fabric shipped as-is, you arrange stitching locally.</p>
<p><strong>CARE:</strong> First Wash Dry Clean. Iron at moderate temperature.</p>
<p><strong>FABRIC:</strong> Chanderi Cotton-Silk blend. Approx weight: 2 kg (full set).</p>
<p><strong>SHIPPING:</strong> Ships within 2-3 days (processing). Standard delivery time varies by country. <strong>DHL Express delivers in 3-5 days</strong>. <strong>Free shipping is always Standard</strong> — DHL Express available at checkout for an additional fee.</p>
<p><strong>AVAILABILITY:</strong> <span style=""color:#1a7f37"">✓ In stock</span> — limited edition, available while supplier inventory lasts.</p>
<p><strong>QUESTIONS?</strong> Email <a href=""mailto:hello@luxemia.shop"">hello@luxemia.shop</a>, call <a href=""tel:+12153419990"">+1-215-341-9990</a>, or <a href=""https://wa.me/12153419990"" target=""_blank"">WhatsApp Mini</a> — I answer the phone myself in English, Hindi, or Gujarati.</p>
<p><strong>SEE ALSO:</strong> <a href=""https://luxemia.shop/returns"">Returns policy</a> | <a href=""https://luxemia.shop/size-guide"">Size guide</a> | <a href=""https://luxemia.shop/blog/how-to-measure-for-indian-ethnic-wear"">How to measure</a> | <a href=""https://luxemia.shop/suits"">Browse all suits</a></p>
<p>— Mini, founder of LuxeMia</p>",LuxeMia,Clothing,Suit,"red,chanderi,casual,mirror,suit,indian ethnic wear,usa,ships from india,in stock",TRUE,,,,,2000,shopify,10,deny,manual,47.85,61.35,TRUE,TRUE,LXM-red-chanderi-cotton-,https://kesimg.b-cdn.net/images/650/2025y/December/59774/Red-Chanderi-Cotton-Casual-Wear-Border-Work-Readymade-Anarkali-Suit-DN-539-B(1).jpg,1,Red Mirror Work Anarkali Suit with Scalloped Hem On The Dupatta,FALSE,Red Mirror Work Anarkali Suit with Scalloped Hem… | LuxeMia,Red Mirror Work anarkali suit for casual — $48. Ships in 2-3 days. DHL Express 3-5 days. In stock.,active,https://kesimg.b-cdn.net/images/650/2025y/December/59774/Red-Chanderi-Cotton-Casual-Wear-Border-Work-Readymade-Anarkali-Suit-DN-539-B(1).jpg,kg
champagne-beige-chanderi-anarkali,Beige Sequin Anarkali Suit with Matching Sequined Dupatta,"<p>Beige sequin anarkali suit with dupatta.</p>
<p>For festive events — Navratri, Diwali, weddings, family functions.</p>
<p><strong>SET INCLUDES:</strong> Kurta, bottom (salwar/palazzo/sharara), and dupatta.</p>
<p><strong>STITCHING OPTIONS:</strong></p>
<p>&nbsp;&nbsp;&bull; <strong>Standard Size S-XXL</strong> (+$23) — we stitch to a standard size before shipping.</p>
<p>&nbsp;&nbsp;&bull; <strong>Custom Stitching</strong> (+$37) — we stitch to your exact measurements (form emailed after order, 4-5 days extra).</p>
<p>&nbsp;&nbsp;&bull; <strong>Unstitched</strong> (+$0) — fabric shipped as-is, you arrange stitching locally.</p>
<p><strong>CARE:</strong> First Wash Dry Clean. Iron at moderate temperature.</p>
<p><strong>FABRIC:</strong> Chanderi Cotton-Silk blend. Approx weight: 2 kg (full set).</p>
<p><strong>SHIPPING:</strong> Ships within 2-3 days (processing). Standard delivery time varies by country. <strong>DHL Express delivers in 3-5 days</strong>. <strong>Free shipping is always Standard</strong> — DHL Express available at checkout for an additional fee.</p>
<p><strong>AVAILABILITY:</strong> <span style=""color:#1a7f37"">✓ In stock</span> — limited edition, available while supplier inventory lasts.</p>
<p><strong>QUESTIONS?</strong> Email <a href=""mailto:hello@luxemia.shop"">hello@luxemia.shop</a>, call <a href=""tel:+12153419990"">+1-215-341-9990</a>, or <a href=""https://wa.me/12153419990"" target=""_blank"">WhatsApp Mini</a> — I answer the phone myself in English, Hindi, or Gujarati.</p>
<p><strong>SEE ALSO:</strong> <a href=""https://luxemia.shop/returns"">Returns policy</a> | <a href=""https://luxemia.shop/size-guide"">Size guide</a> | <a href=""https://luxemia.shop/blog/how-to-measure-for-indian-ethnic-wear"">How to measure</a> | <a href=""https://luxemia.shop/suits"">Browse all suits</a></p>
<p>— Mini, founder of LuxeMia</p>",LuxeMia,Clothing,Suit,"beige,chanderi,festive,sequins,suit,indian ethnic wear,usa,ships from india,in stock",TRUE,,,,,2000,shopify,10,deny,manual,47.85,61.35,TRUE,TRUE,LXM-champagne-beige-chan,https://kesimg.b-cdn.net/images/650/2025y/December/59774/Champagne-Beige-Chanderi-Cotton-Casual-Wear-Border-Work-Readymade-Anarkali-Suit-DN-539-A(1).jpg,1,Beige Sequin Anarkali Suit with Matching Sequined Dupatta,FALSE,Beige Sequin Anarkali Suit with Matching Sequined… | LuxeMia,Beige Sequin anarkali suit for festive — $48. Ships in 2-3 days. DHL Express 3-5 days. In stock.,active,https://kesimg.b-cdn.net/images/650/2025y/December/59774/Champagne-Beige-Chanderi-Cotton-Casual-Wear-Border-Work-Readymade-Anarkali-Suit-DN-539-A(1).jpg,kg
banarasi-silk-mustard-festival-weaving-saree,Pale gold Embroidered Saree with Bright Pink Contrast Blouse And,"<p>Pale gold embroidered saree with blouse piece.</p>
<p>For festival events — Navratri, Diwali, weddings, family functions.</p>
<p><strong>SET INCLUDES:</strong> Saree with blouse piece and dupatta (where shown).</p>
<p><strong>STITCHING:</strong> Saree is unstitched. Fall and edging available for $10 (request by email after ordering).</p>
<p><strong>CARE:</strong> First Wash Dry Clean. Iron at moderate temperature.</p>
<p><strong>FABRIC:</strong> Pure Banarasi Silk (handwoven). Approx weight: 2 kg (full set).</p>
<p><strong>SHIPPING:</strong> Ships within 2-3 days (processing). Standard delivery time varies by country. <strong>DHL Express delivers in 3-5 days</strong>. <strong>Free shipping is always Standard</strong> — DHL Express available at checkout for an additional fee.</p>
<p><strong>AVAILABILITY:</strong> <span style=""color:#1a7f37"">✓ In stock</span> — limited edition, available while supplier inventory lasts.</p>
<p><strong>QUESTIONS?</strong> Email <a href=""mailto:hello@luxemia.shop"">hello@luxemia.shop</a>, call <a href=""tel:+12153419990"">+1-215-341-9990</a>, or <a href=""https://wa.me/12153419990"" target=""_blank"">WhatsApp Mini</a> — I answer the phone myself in English, Hindi, or Gujarati.</p>
<p><strong>SEE ALSO:</strong> <a href=""https://luxemia.shop/returns"">Returns policy</a> | <a href=""https://luxemia.shop/size-guide"">Size guide</a> | <a href=""https://luxemia.shop/blog/how-to-measure-for-indian-ethnic-wear"">How to measure</a> | <a href=""https://luxemia.shop/sarees"">Browse all sarees</a></p>
<p>— Mini, founder of LuxeMia</p>",LuxeMia,Clothing,Saree,"pale gold,banarasi silk,festival,embroidery,saree,indian ethnic wear,usa,ships from India,in stock",TRUE,,,,,2000,shopify,10,deny,manual,50.85,66.03,TRUE,TRUE,LXM-banarasi-silk-mustar,https://kesimg.b-cdn.net/images/650/2025y/December/59780/Mustard-Banarasi-Silk-Festival-Wear-Weaving-Work-Saree-Lotus-F(1).jpg,1,Pale gold Embroidered Saree with Bright Pink Contrast Blouse And,FALSE,Pale gold Embroidered Saree with Bright Pink Cont… | LuxeMia,Pale gold Embroidered saree for festival — $51. Ships in 2-3 days. DHL Express 3-5 days. In stock.,active,https://kesimg.b-cdn.net/images/650/2025y/December/59780/Mustard-Banarasi-Silk-Festival-Wear-Weaving-Work-Saree-Lotus-F(1).jpg,kg
teal-georgette-palazzo-suit,Palazzo Suit with Dupatta,"<p>Palazzo suit with dupatta.</p>
<p>For festive events — Navratri, Diwali, weddings, family functions.</p>
<p><strong>SET INCLUDES:</strong> Kurta, bottom (salwar/palazzo/sharara), and dupatta.</p>
<p><strong>STITCHING OPTIONS:</strong></p>
<p>&nbsp;&nbsp;&bull; <strong>Standard Size S-XXL</strong> (+$23) — we stitch to a standard size before shipping.</p>
<p>&nbsp;&nbsp;&bull; <strong>Custom Stitching</strong> (+$37) — we stitch to your exact measurements (form emailed after order, 4-5 days extra).</p>
<p>&nbsp;&nbsp;&bull; <strong>Unstitched</strong> (+$0) — fabric shipped as-is, you arrange stitching locally.</p>
<p><strong>CARE:</strong> First Wash Dry Clean. Iron at moderate temperature.</p>
<p><strong>FABRIC:</strong> Georgette (synthetic). Approx weight: 2 kg (full set).</p>
<p><strong>SHIPPING:</strong> Ships within 2-3 days (processing). Standard delivery time varies by country. <strong>DHL Express delivers in 3-5 days</strong>. <strong>Free shipping is always Standard</strong> — DHL Express available at checkout for an additional fee.</p>
<p><strong>AVAILABILITY:</strong> <span style=""color:#1a7f37"">✓ In stock</span> — limited edition, available while supplier inventory lasts.</p>
<p><strong>QUESTIONS?</strong> Email <a href=""mailto:hello@luxemia.shop"">hello@luxemia.shop</a>, call <a href=""tel:+12153419990"">+1-215-341-9990</a>, or <a href=""https://wa.me/12153419990"" target=""_blank"">WhatsApp Mini</a> — I answer the phone myself in English, Hindi, or Gujarati.</p>
<p><strong>SEE ALSO:</strong> <a href=""https://luxemia.shop/returns"">Returns policy</a> | <a href=""https://luxemia.shop/size-guide"">Size guide</a> | <a href=""https://luxemia.shop/blog/how-to-measure-for-indian-ethnic-wear"">How to measure</a> | <a href=""https://luxemia.shop/suits"">Browse all suits</a></p>
<p>— Mini, founder of LuxeMia</p>",LuxeMia,Clothing,Suit,"georgette,festive,suit,indian ethnic wear,usa,ships from india,in stock",TRUE,,,,,2000,shopify,10,deny,manual,86.85,117.27,TRUE,TRUE,LXM-teal-georgette-palaz,https://kesimg.b-cdn.net/images/650/2025y/December/59679/Teal-Faux-Georgette-Casual-Wear-Embroidery-Work-Anarkali-Gown-KB-3307-Colour,1,Palazzo Suit with Dupatta,FALSE,Palazzo Suit with Dupatta | LuxeMia,palazzo suit for festive — $87. Ships in 2-3 days. DHL Express 3-5 days. In stock.,active,https://kesimg.b-cdn.net/images/650/2025y/December/59679/Teal-Faux-Georgette-Casual-Wear-Embroidery-Work-Anarkali-Gown-KB-3307-Colour,kg
rayon-orange-festival-wear-mirror-work-readymade-lehenga-choli-with-koti-404554,Orange Rayon Folk Motifs Lehenga Choli with Dupatta,"<p>Orange mirror work lehenga choli with dupatta.</p>
<p>For festival events — Navratri, Diwali, festivals, family functions.</p>
<p><strong>SET INCLUDES:</strong> Lehenga, choli, and dupatta.</p>
<p><strong>STITCHING:</strong> Pre-stitched readymade.</p>
<p><strong>ALTERATIONS:</strong> We offer alterations to your desired measurements for an additional fee. Email <a href=""mailto:hello@luxemia.shop?subject=Alteration%20request%20for%20ws-leh-001"">hello@luxemia.shop</a> after ordering with your measurements.</p>
<p><strong>CARE:</strong> First Wash Dry Clean. Iron at moderate temperature.</p>
<p><strong>FABRIC:</strong> Rayon (semi-synthetic). Approx weight: 2 kg (lehenga set).</p>
<p><strong>SHIPPING:</strong> Ships within 2-3 days (processing). Standard delivery time varies by country. <strong>DHL Express delivers in 3-5 days</strong>. <strong>Free shipping is always Standard</strong> — DHL Express available at checkout for an additional fee.</p>
<p><strong>AVAILABILITY:</strong> <span style=""color:#1a7f37"">✓ In stock</span> — limited edition, available while supplier inventory lasts.</p>
<p><strong>QUESTIONS?</strong> Email <a href=""mailto:hello@luxemia.shop"">hello@luxemia.shop</a>, call <a href=""tel:+12153419990"">+1-215-341-9990</a>, or <a href=""https://wa.me/12153419990"" target=""_blank"">WhatsApp Mini</a> — I answer the phone myself in English, Hindi, or Gujarati.</p>
<p><strong>SEE ALSO:</strong> <a href=""https://luxemia.shop/returns"">Returns policy</a> | <a href=""https://luxemia.shop/size-guide"">Size guide</a> | <a href=""https://luxemia.shop/blog/how-to-measure-for-indian-ethnic-wear"">How to measure</a> | <a href=""https://luxemia.shop/lehengas"">Browse all lehengas</a></p>
<p>— Mini, founder of LuxeMia</p>",LuxeMia,Clothing,Lehenga Choli,"orange,rayon,festival wear,mirror work,lehenga,lehenga choli,indian ethnic wear,usa,ships from india,festive,navratri,in stock",TRUE,Stitching,Readymade,Size,"Bust 42""",2000,shopify,10,deny,manual,55.44,71.09,TRUE,TRUE,ws-leh-001-REA-BUST-42,https://luxemia.shop/images/products/lehengas/rayon-orange-festival-wear-mirror-work-readymade-lehenga-choli-with-koti-404554-1.jpg,1,Orange Rayon Folk Motifs Lehenga Choli with Dupatta,FALSE,Orange Rayon Folk Motifs Lehenga Choli with Dupat… | LuxeMia,Orange Rayon Mirror lehenga choli for festival — $55. Ships in 2-3 days. DHL Express 3-5 days. In stock.,active,https://luxemia.shop/images/products/lehengas/rayon-orange-festival-wear-mirror-work-readymade-lehenga-choli-with-koti-404554-1.jpg,kg
rayon-orange-festival-wear-mirror-work-readymade-lehenga-choli-with-koti-404554,,,,,,,,,,,,,,,,,,,,,,https://luxemia.shop/images/products/lehengas/rayon-orange-festival-wear-mirror-work-readymade-lehenga-choli-with-koti-404554-2.jpg,2,Orange Rayon Folk Motifs Lehenga Choli with Dupatta - View 2,,,,,,
rayon-orange-festival-wear-mirror-work-readymade-lehenga-choli-with-koti-404554,,,,,,,,,,,,,,,,,,,,,,https://luxemia.shop/images/products/lehengas/rayon-orange-festival-wear-mirror-work-readymade-lehenga-choli-with-koti-404554-3.jpg,3,Orange Rayon Folk Motifs Lehenga Choli with Dupatta - View 3,,,,,,
rayon-orange-festival-wear-mirror-work-readymade-lehenga-choli-with-koti-404554,,,,,,,,,,,,,,,,,,,,,,https://luxemia.shop/images/products/lehengas/rayon-orange-festival-wear-mirror-work-readymade-lehenga-choli-with-koti-404554-4.jpg,4,Orange Rayon Folk Motifs Lehenga Choli with Dupatta - View 4,,,,,,
rayon-orange-festival-wear-mirror-work-readymade-lehenga-choli-with-koti-404554,,,,,,,,,,,,,,,,,,,,,,https://luxemia.shop/images/products/lehengas/rayon-orange-festival-wear-mirror-work-readymade-lehenga-choli-with-koti-404554-5.jpg,5,Orange Rayon Folk Motifs Lehenga Choli with Dupatta - View 5,,,,,,
rayon-multicolor-festival-wear-mirror-work-readymade-navratri-lehenga-choli-404552,Multi-color Rayon Mirror Work Lehenga Choli with Striped Pattern,"<p>Multi-color mirror work lehenga choli with dupatta.</p>
<p>For festival events — Navratri, Diwali, festivals, family functions.</p>
<p><strong>SET INCLUDES:</strong> Lehenga, choli, and dupatta.</p>
<p><strong>STITCHING:</strong> Pre-stitched readymade.</p>
<p><strong>ALTERATIONS:</strong> We offer alterations to your desired measurements for an additional fee. Email <a href=""mailto:hello@luxemia.shop?subject=Alteration%20request%20for%20ws-leh-002"">hello@luxemia.shop</a> after ordering with your measurements.</p>
<p><strong>CARE:</strong> First Wash Dry Clean. Iron at moderate temperature.</p>
<p><strong>FABRIC:</strong> Rayon (semi-synthetic). Approx weight: 2 kg (lehenga set).</p>
<p><strong>SHIPPING:</strong> Ships within 2-3 days (processing). Standard delivery time varies by country. <strong>DHL Express delivers in 3-5 days</strong>. <strong>Free shipping is always Standard</strong> — DHL Express available at checkout for an additional fee.</p>
<p><strong>AVAILABILITY:</strong> <span style=""color:#1a7f37"">✓ In stock</span> — limited edition, available while supplier inventory lasts.</p>
<p><strong>QUESTIONS?</strong> Email <a href=""mailto:hello@luxemia.shop"">hello@luxemia.shop</a>, call <a href=""tel:+12153419990"">+1-215-341-9990</a>, or <a href=""https://wa.me/12153419990"" target=""_blank"">WhatsApp Mini</a> — I answer the phone myself in English, Hindi, or Gujarati.</p>
<p><strong>SEE ALSO:</strong> <a href=""https://luxemia.shop/returns"">Returns policy</a> | <a href=""https://luxemia.shop/size-guide"">Size guide</a> | <a href=""https://luxemia.shop/blog/how-to-measure-for-indian-ethnic-wear"">How to measure</a> | <a href=""https://luxemia.shop/lehengas"">Browse all lehengas</a></p>
<p>— Mini, founder of LuxeMia</p>",LuxeMia,Clothing,Lehenga Choli,"multi-color,rayon,festival wear,mirror work,lehenga,lehenga choli,indian ethnic wear,usa,ships from india,festive,navratri,in stock",TRUE,Stitching,Readymade,Size,"Bust 38""",2000,shopify,10,deny,manual,65.44,83.91,TRUE,TRUE,ws-leh-002-REA-BUST-38,https://luxemia.shop/images/products/lehengas/rayon-multicolor-festival-wear-mirror-work-readymade-navratri-lehenga-choli-404552-1.jpg,1,Multi-color Rayon Mirror Work Lehenga Choli with Striped Pattern,FALSE,Multi-color Rayon Mirror Work Lehenga Choli with … | LuxeMia,Multi-color Rayon Mirror lehenga choli for festival — $65. Ships in 2-3 days. DHL Express 3-5 days. In stock.,active,https://luxemia.shop/images/products/lehengas/rayon-multicolor-festival-wear-mirror-work-readymade-navratri-lehenga-choli-404552-1.jpg,kg
rayon-multicolor-festival-wear-mirror-work-readymade-navratri-lehenga-choli-404552,,,,,,,,,,,,,,,,,,,,,,https://luxemia.shop/images/products/lehengas/rayon-multicolor-festival-wear-mirror-work-readymade-navratri-lehenga-choli-404552-2.jpg,2,Multi-color Rayon Mirror Work Lehenga Choli with Striped Pattern - View 2,,,,,,
rayon-multicolor-festival-wear-mirror-work-readymade-navratri-lehenga-choli-404552,,,,,,,,,,,,,,,,,,,,,,https://luxemia.shop/images/products/lehengas/rayon-multicolor-festival-wear-mirror-work-readymade-navratri-lehenga-choli-404552-3.jpg,3,Multi-color Rayon Mirror Work Lehenga Choli with Striped Pattern - View 3,,,,,,
rayon-multicolor-festival-wear-mirror-work-readymade-navratri-lehenga-choli-404552,,,,,,,,,,,,,,,,,,,,,,https://luxemia.shop/images/products/lehengas/rayon-multicolor-festival-wear-mirror-work-readymade-navratri-lehenga-choli-404552-4.jpg,4,Multi-color Rayon Mirror Work Lehenga Choli with Striped Pattern - View 4,,,,,,
rayon-multicolor-festival-wear-mirror-work-readymade-navratri-lehenga-choli-404552,,,,,,,,,,,,,,,,,,,,,,https://luxemia.shop/images/products/lehengas/rayon-multicolor-festival-wear-mirror-work-readymade-navratri-lehenga-choli-404552-5.jpg,5,Multi-color Rayon Mirror Work Lehenga Choli with Striped Pattern - View 5,,,,,,
satin-silk-off-white-festival-wear-digital-print-work-navratri-lehenga-choli-404551,Off-White Satin Silk Paisley Print Lehenga Choli with Dupatta,"<p>Off-white digital print lehenga choli with dupatta.</p>
<p>For festival events — Navratri, Diwali, festivals, family functions.</p>
<p><strong>SET INCLUDES:</strong> Lehenga, choli, and dupatta.</p>
<p><strong>STITCHING OPTIONS:</strong></p>
<p>&nbsp;&nbsp;&bull; <strong>Standard Size S-XXL</strong> (+$23) — we stitch to a standard size before shipping.</p>
<p>&nbsp;&nbsp;&bull; <strong>Custom Stitching</strong> (+$37) — we stitch to your exact measurements (form emailed after order, 4-5 days extra).</p>
<p>&nbsp;&nbsp;&bull; <strong>Unstitched</strong> (+$0) — fabric shipped as-is, you arrange stitching locally.</p>
<p><strong>CARE:</strong> First Wash Dry Clean. Iron at moderate temperature.</p>
<p><strong>FABRIC:</strong> Satin weave silk blend. Approx weight: 2 kg (lehenga set).</p>
<p><strong>SHIPPING:</strong> Ships within 2-3 days (processing). Standard delivery time varies by country. <strong>DHL Express delivers in 3-5 days</strong>. <strong>Free shipping is always Standard</strong> — DHL Express available at checkout for an additional fee.</p>
<p><strong>AVAILABILITY:</strong> <span style=""color:#1a7f37"">✓ In stock</span> — limited edition, available while supplier inventory lasts.</p>
<p><strong>QUESTIONS?</strong> Email <a href=""mailto:hello@luxemia.shop"">hello@luxemia.shop</a>, call <a href=""tel:+12153419990"">+1-215-341-9990</a>, or <a href=""https://wa.me/12153419990"" target=""_blank"">WhatsApp Mini</a> — I answer the phone myself in English, Hindi, or Gujarati.</p>
<p><strong>SEE ALSO:</strong> <a href=""https://luxemia.shop/returns"">Returns policy</a> | <a href=""https://luxemia.shop/size-guide"">Size guide</a> | <a href=""https://luxemia.shop/blog/how-to-measure-for-indian-ethnic-wear"">How to measure</a> | <a href=""https://luxemia.shop/lehengas"">Browse all lehengas</a></p>
<p>— Mini, founder of LuxeMia</p>",LuxeMia,Clothing,Lehenga Choli,"off-white,satin silk,festival wear,digital print work,lehenga,lehenga choli,indian ethnic wear,usa,ships from india,festive,navratri,in stock",TRUE,Stitching,Unstitched,Size,Standard,2000,shopify,10,deny,manual,59.89,76.78,TRUE,TRUE,ws-leh-003-UNS,https://luxemia.shop/images/products/lehengas/satin-silk-off-white-festival-wear-digital-print-work-navratri-lehenga-choli-404551-1.jpg,1,Off-White Satin Silk Paisley Print Lehenga Choli with Dupatta,FALSE,Off-White Satin Silk Paisley Print Lehenga Choli … | LuxeMia,Off-White Satin Silk Digital Print lehenga choli for festival — $60. Ships in 2-3 days. DHL Express 3-5 days. In stock.,active,https://luxemia.shop/images/products/lehengas/satin-silk-off-white-festival-wear-digital-print-work-navratri-lehenga-choli-404551-1.jpg,kg
satin-silk-off-white-festival-wear-digital-print-work-navratri-lehenga-choli-404551,,,,,,,,Stitching,Custom Measurements,Size,Standard,2000,shopify,10,deny,manual,96.56,113.45,TRUE,TRUE,ws-leh-003-CUS,,,,FALSE,,,,https://luxemia.shop/images/products/lehengas/satin-silk-off-white-festival-wear-digital-print-work-navratri-lehenga-choli-404551-1.jpg,kg
satin-silk-off-white-festival-wear-digital-print-work-navratri-lehenga-choli-404551,,,,,,,,Stitching,Standard Size,Size,S,2000,shopify,10,deny,manual,83.22,100.11,TRUE,TRUE,ws-leh-003-STA-S,,,,FALSE,,,,https://luxemia.shop/images/products/lehengas/satin-silk-off-white-festival-wear-digital-print-work-navratri-lehenga-choli-404551-1.jpg,kg
satin-silk-off-white-festival-wear-digital-print-work-navratri-lehenga-choli-404551,,,,,,,,Stitching,Standard Size,Size,M,2000,shopify,10,deny,manual,83.22,100.11,TRUE,TRUE,ws-leh-003-STA-M,,,,FALSE,,,,https://luxemia.shop/images/products/lehengas/satin-silk-off-white-festival-wear-digital-print-work-navratri-lehenga-choli-404551-1.jpg,kg
satin-silk-off-white-festival-wear-digital-print-work-navratri-lehenga-choli-404551,,,,,,,,Stitching,Standard Size,Size,L,2000,shopify,10,deny,manual,83.22,100.11,TRUE,TRUE,ws-leh-003-STA-L,,,,FALSE,,,,https://luxemia.shop/images/products/lehengas/satin-silk-off-white-festival-wear-digital-print-work-navratri-lehenga-choli-404551-1.jpg,kg
satin-silk-off-white-festival-wear-digital-print-work-navratri-lehenga-choli-404551,,,,,,,,Stitching,Standard Size,Size,XL,2000,shopify,10,deny,manual,83.22,100.11,TRUE,TRUE,ws-leh-003-STA-XL,,,,FALSE,,,,https://luxemia.shop/images/products/lehengas/satin-silk-off-white-festival-wear-digital-print-work-navratri-lehenga-choli-404551-1.jpg,kg
satin-silk-off-white-festival-wear-digital-print-work-navratri-lehenga-choli-404551,,,,,,,,Stitching,Standard Size,Size,XXL,2000,shopify,10,deny,manual,83.22,100.11,TRUE,TRUE,ws-leh-003-STA-XXL,,,,FALSE,,,,https://luxemia.shop/images/products/lehengas/satin-silk-off-white-festival-wear-digital-print-work-navratri-lehenga-choli-404551-1.jpg,kg
satin-silk-off-white-festival-wear-digital-print-work-navratri-lehenga-choli-404551,,,,,,,,,,,,,,,,,,,,,,https://luxemia.shop/images/products/lehengas/satin-silk-off-white-festival-wear-digital-print-work-navratri-lehenga-choli-404551-2.jpg,2,Off-White Satin Silk Paisley Print Lehenga Choli with Dupatta - View 2,,,,,,
satin-silk-off-white-festival-wear-digital-print-work-navratri-lehenga-choli-404551,,,,,,,,,,,,,,,,,,,,,,https://luxemia.shop/images/products/lehengas/satin-silk-off-white-festival-wear-digital-print-work-navratri-lehenga-choli-404551-3.jpg,3,Off-White Satin Silk Paisley Print Lehenga Choli with Dupatta - View 3,,,,,,
satin-silk-off-white-festival-wear-digital-print-work-navratri-lehenga-choli-404551,,,,,,,,,,,,,,,,,,,,,,https://luxemia.shop/images/products/lehengas/satin-silk-off-white-festival-wear-digital-print-work-navratri-lehenga-choli-404551-4.jpg,4,Off-White Satin Silk Paisley Print Lehenga Choli with Dupatta - View 4,,,,,,
satin-silk-off-white-festival-wear-digital-print-work-navratri-lehenga-choli-404551,,,,,,,,,,,,,,,,,,,,,,https://luxemia.shop/images/products/lehengas/satin-silk-off-white-festival-wear-digital-print-work-navratri-lehenga-choli-404551-5.jpg,5,Off-White Satin Silk Paisley Print Lehenga Choli with Dupatta - View 5,,,,,,
cotton-multicolor-festival-wear-digital-print-work-navratri-lehenga-choli-404545,Multi-color Cotton Folk Motif Lehenga Choli - Yellow & Teal,"<p>Multi-color digital print lehenga choli with dupatta.</p>
<p>For festival events — Navratri, Diwali, festivals, family functions.</p>
<p><strong>SET INCLUDES:</strong> Lehenga, choli, and dupatta.</p>
<p><strong>STITCHING OPTIONS:</strong></p>
<p>&nbsp;&nbsp;&bull; <strong>Standard Size S-XXL</strong> (+$23) — we stitch to a standard size before shipping.</p>
<p>&nbsp;&nbsp;&bull; <strong>Custom Stitching</strong> (+$37) — we stitch to your exact measurements (form emailed after order, 4-5 days extra).</p>
<p>&nbsp;&nbsp;&bull; <strong>Unstitched</strong> (+$0) — fabric shipped as-is, you arrange stitching locally.</p>
<p><strong>CARE:</strong> First Wash Dry Clean. Iron at moderate temperature.</p>
<p><strong>FABRIC:</strong> Cotton (natural fiber). Approx weight: 2 kg (lehenga set).</p>
<p><strong>SHIPPING:</strong> Ships within 2-3 days (processing). Standard delivery time varies by country. <strong>DHL Express delivers in 3-5 days</strong>. <strong>Free shipping is always Standard</strong> — DHL Express available at checkout for an additional fee.</p>
<p><strong>AVAILABILITY:</strong> <span style=""color:#1a7f37"">✓ In stock</span> — limited edition, available while supplier inventory lasts.</p>
<p><strong>QUESTIONS?</strong> Email <a href=""mailto:hello@luxemia.shop"">hello@luxemia.shop</a>, call <a href=""tel:+12153419990"">+1-215-341-9990</a>, or <a href=""https://wa.me/12153419990"" target=""_blank"">WhatsApp Mini</a> — I answer the phone myself in English, Hindi, or Gujarati.</p>
<p><strong>SEE ALSO:</strong> <a href=""https://luxemia.shop/returns"">Returns policy</a> | <a href=""https://luxemia.shop/size-guide"">Size guide</a> | <a href=""https://luxemia.shop/blog/how-to-measure-for-indian-ethnic-wear"">How to measure</a> | <a href=""https://luxemia.shop/lehengas"">Browse all lehengas</a></p>
<p>— Mini, founder of LuxeMia</p>",LuxeMia,Clothing,Lehenga Choli,"multi-color,cotton,festival wear,digital print work,lehenga,lehenga choli,indian ethnic wear,usa,ships from india,festive,navratri,in stock",TRUE,Stitching,Unstitched,Size,Standard,2000,shopify,10,deny,manual,51.00,65.38,TRUE,TRUE,ws-leh-004-UNS,https://luxemia.shop/images/products/lehengas/cotton-multicolor-festival-wear-digital-print-work-navratri-lehenga-choli-404545-1.jpg,1,Multi-color Cotton Folk Motif Lehenga Choli - Yellow & Teal,FALSE,Multi-color Cotton Folk Motif Lehenga Choli - Yel… | LuxeMia,Multi-color Cotton Digital Print lehenga choli for festival — $51. Ships in 2-3 days. DHL Express 3-5 days. In stock.,active,https://luxemia.shop/images/products/lehengas/cotton-multicolor-festival-wear-digital-print-work-navratri-lehenga-choli-404545-1.jpg,kg
cotton-multicolor-festival-wear-digital-print-work-navratri-lehenga-choli-404545,,,,,,,,Stitching,Custom Measurements,Size,Standard,2000,shopify,10,deny,manual,87.67,102.05,TRUE,TRUE,ws-leh-004-CUS,,,,FALSE,,,,https://luxemia.shop/images/products/lehengas/cotton-multicolor-festival-wear-digital-print-work-navratri-lehenga-choli-404545-1.jpg,kg
cotton-multicolor-festival-wear-digital-print-work-navratri-lehenga-choli-404545,,,,,,,,Stitching,Standard Size,Size,S,2000,shopify,10,deny,manual,74.33,88.71,TRUE,TRUE,ws-leh-004-STA-S,,,,FALSE,,,,https://luxemia.shop/images/products/lehengas/cotton-multicolor-festival-wear-digital-print-work-navratri-lehenga-choli-404545-1.jpg,kg
cotton-multicolor-festival-wear-digital-print-work-navratri-lehenga-choli-404545,,,,,,,,Stitching,Standard Size,Size,M,2000,shopify,10,deny,manual,74.33,88.71,TRUE,TRUE,ws-leh-004-STA-M,,,,FALSE,,,,https://luxemia.shop/images/products/lehengas/cotton-multicolor-festival-wear-digital-print-work-navratri-lehenga-choli-404545-1.jpg,kg
cotton-multicolor-festival-wear-digital-print-work-navratri-lehenga-choli-404545,,,,,,,,Stitching,Standard Size,Size,L,2000,shopify,10,deny,manual,74.33,88.71,TRUE,TRUE,ws-leh-004-STA-L,,,,FALSE,,,,https://luxemia.shop/images/products/lehengas/cotton-multicolor-festival-wear-digital-print-work-navratri-lehenga-choli-404545-1.jpg,kg
cotton-multicolor-festival-wear-digital-print-work-navratri-lehenga-choli-404545,,,,,,,,Stitching,Standard Size,Size,XL,2000,shopify,10,deny,manual,74.33,88.71,TRUE,TRUE,ws-leh-004-STA-XL,,,,FALSE,,,,https://luxemia.shop/images/products/lehengas/cotton-multicolor-festival-wear-digital-print-work-navratri-lehenga-choli-404545-1.jpg,kg
cotton-multicolor-festival-wear-digital-print-work-navratri-lehenga-choli-404545,,,,,,,,Stitching,Standard Size,Size,XXL,2000,shopify,10,deny,manual,74.33,88.71,TRUE,TRUE,ws-leh-004-STA-XXL,,,,FALSE,,,,https://luxemia.shop/images/products/lehengas/cotton-multicolor-festival-wear-digital-print-work-navratri-lehenga-choli-404545-1.jpg,kg
cotton-multicolor-festival-wear-digital-print-work-navratri-lehenga-choli-404545,,,,,,,,,,,,,,,,,,,,,,https://luxemia.shop/images/products/lehengas/cotton-multicolor-festival-wear-digital-print-work-navratri-lehenga-choli-404545-2.jpg,2,Multi-color Cotton Folk Motif Lehenga Choli - Yellow & Teal - View 2,,,,,,
cotton-multicolor-festival-wear-digital-print-work-navratri-lehenga-choli-404545,,,,,,,,,,,,,,,,,,,,,,https://luxemia.shop/images/products/lehengas/cotton-multicolor-festival-wear-digital-print-work-navratri-lehenga-choli-404545-3.jpg,3,Multi-color Cotton Folk Motif Lehenga Choli - Yellow & Teal - View 3,,,,,,
cotton-multicolor-festival-wear-digital-print-work-navratri-lehenga-choli-404545,,,,,,,,,,,,,,,,,,,,,,https://luxemia.shop/images/products/lehengas/cotton-multicolor-festival-wear-digital-print-work-navratri-lehenga-choli-404545-4.jpg,4,Multi-color Cotton Folk Motif Lehenga Choli - Yellow & Teal - View 4,,,,,,
cotton-multicolor-festival-wear-digital-print-work-navratri-lehenga-choli-404545,,,,,,,,,,,,,,,,,,,,,,https://luxemia.shop/images/products/lehengas/cotton-multicolor-festival-wear-digital-print-work-navratri-lehenga-choli-404545-5.jpg,5,Multi-color Cotton Folk Motif Lehenga Choli - Yellow & Teal - View 5,,,,,,
cotton-multicolor-festival-wear-digital-print-work-navratri-lehenga-choli-404544,Multi-color Cotton Folk Motif Lehenga Choli - Purple & Maroon,"<p>Multi-color digital print lehenga choli with dupatta.</p>
<p>For festival events — Navratri, Diwali, festivals, family functions.</p>
<p><strong>SET INCLUDES:</strong> Lehenga, choli, and dupatta.</p>
<p><strong>STITCHING OPTIONS:</strong></p>
<p>&nbsp;&nbsp;&bull; <strong>Standard Size S-XXL</strong> (+$23) — we stitch to a standard size before shipping.</p>
<p>&nbsp;&nbsp;&bull; <strong>Custom Stitching</strong> (+$37) — we stitch to your exact measurements (form emailed after order, 4-5 days extra).</p>
<p>&nbsp;&nbsp;&bull; <strong>Unstitched</strong> (+$0) — fabric shipped as-is, you arrange stitching locally.</p>
<p><strong>CARE:</strong> First Wash Dry Clean. Iron at moderate temperature.</p>
<p><strong>FABRIC:</strong> Cotton (natural fiber). Approx weight: 2 kg (lehenga set).</p>
<p><strong>SHIPPING:</strong> Ships within 2-3 days (processing). Standard delivery time varies by country. <strong>DHL Express delivers in 3-5 days</strong>. <strong>Free shipping is always Standard</strong> — DHL Express available at checkout for an additional fee.</p>
<p><strong>AVAILABILITY:</strong> <span style=""color:#1a7f37"">✓ In stock</span> — limited edition, available while supplier inventory lasts.</p>
<p><strong>QUESTIONS?</strong> Email <a href=""mailto:hello@luxemia.shop"">hello@luxemia.shop</a>, call <a href=""tel:+12153419990"">+1-215-341-9990</a>, or <a href=""https://wa.me/12153419990"" target=""_blank"">WhatsApp Mini</a> — I answer the phone myself in English, Hindi, or Gujarati.</p>
<p><strong>SEE ALSO:</strong> <a href=""https://luxemia.shop/returns"">Returns policy</a> | <a href=""https://luxemia.shop/size-guide"">Size guide</a> | <a href=""https://luxemia.shop/blog/how-to-measure-for-indian-ethnic-wear"">How to measure</a> | <a href=""https://luxemia.shop/lehengas"">Browse all lehengas</a></p>
<p>— Mini, founder of LuxeMia</p>",LuxeMia,Clothing,Lehenga Choli,"multi-color,cotton,festival wear,digital print work,lehenga,lehenga choli,indian ethnic wear,usa,ships from india,festive,navratri,in stock",TRUE,Stitching,Unstitched,Size,Standard,2000,shopify,10,deny,manual,55.44,71.09,TRUE,TRUE,ws-leh-005-UNS,https://luxemia.shop/images/products/lehengas/cotton-multicolor-festival-wear-digital-print-work-navratri-lehenga-choli-404544-1.jpg,1,Multi-color Cotton Folk Motif Lehenga Choli - Purple & Maroon,FALSE,Multi-color Cotton Folk Motif Lehenga Choli - Pur… | LuxeMia,Multi-color Cotton Digital Print lehenga choli for festival — $55. Ships in 2-3 days. DHL Express 3-5 days. In stock.,active,https://luxemia.shop/images/products/lehengas/cotton-multicolor-festival-wear-digital-print-work-navratri-lehenga-choli-404544-1.jpg,kg
cotton-multicolor-festival-wear-digital-print-work-navratri-lehenga-choli-404544,,,,,,,,Stitching,Custom Measurements,Size,Standard,2000,shopify,10,deny,manual,92.11,107.76,TRUE,TRUE,ws-leh-005-CUS,,,,FALSE,,,,https://luxemia.shop/images/products/lehengas/cotton-multicolor-festival-wear-digital-print-work-navratri-lehenga-choli-404544-1.jpg,kg
cotton-multicolor-festival-wear-digital-print-work-navratri-lehenga-choli-404544,,,,,,,,Stitching,Standard Size,Size,S,2000,shopify,10,deny,manual,78.77,94.42,TRUE,TRUE,ws-leh-005-STA-S,,,,FALSE,,,,https://luxemia.shop/images/products/lehengas/cotton-multicolor-festival-wear-digital-print-work-navratri-lehenga-choli-404544-1.jpg,kg
cotton-multicolor-festival-wear-digital-print-work-navratri-lehenga-choli-404544,,,,,,,,Stitching,Standard Size,Size,M,2000,shopify,10,deny,manual,78.77,94.42,TRUE,TRUE,ws-leh-005-STA-M,,,,FALSE,,,,https://luxemia.shop/images/products/lehengas/cotton-multicolor-festival-wear-digital-print-work-navratri-lehenga-choli-404544-1.jpg,kg
cotton-multicolor-festival-wear-digital-print-work-navratri-lehenga-choli-404544,,,,,,,,Stitching,Standard Size,Size,L,2000,shopify,10,deny,manual,78.77,94.42,TRUE,TRUE,ws-leh-005-STA-L,,,,FALSE,,,,https://luxemia.shop/images/products/lehengas/cotton-multicolor-festival-wear-digital-print-work-navratri-lehenga-choli-404544-1.jpg,kg
cotton-multicolor-festival-wear-digital-print-work-navratri-lehenga-choli-404544,,,,,,,,Stitching,Standard Size,Size,XL,2000,shopify,10,deny,manual,78.77,94.42,TRUE,TRUE,ws-leh-005-STA-XL,,,,FALSE,,,,https://luxemia.shop/images/products/lehengas/cotton-multicolor-festival-wear-digital-print-work-navratri-lehenga-choli-404544-1.jpg,kg
cotton-multicolor-festival-wear-digital-print-work-navratri-lehenga-choli-404544,,,,,,,,Stitching,Standard Size,Size,XXL,2000,shopify,10,deny,manual,78.77,94.42,TRUE,TRUE,ws-leh-005-STA-XXL,,,,FALSE,,,,https://luxemia.shop/images/products/lehengas/cotton-multicolor-festival-wear-digital-print-work-navratri-lehenga-choli-404544-1.jpg,kg
cotton-multicolor-festival-wear-digital-print-work-navratri-lehenga-choli-404544,,,,,,,,,,,,,,,,,,,,,,https://luxemia.shop/images/products/lehengas/cotton-multicolor-festival-wear-digital-print-work-navratri-lehenga-choli-404544-2.jpg,2,Multi-color Cotton Folk Motif Lehenga Choli - Purple & Maroon - View 2,,,,,,
cotton-multicolor-festival-wear-digital-print-work-navratri-lehenga-choli-404544,,,,,,,,,,,,,,,,,,,,,,https://luxemia.shop/images/products/lehengas/cotton-multicolor-festival-wear-digital-print-work-navratri-lehenga-choli-404544-3.jpg,3,Multi-color Cotton Folk Motif Lehenga Choli - Purple & Maroon - View 3,,,,,,
cotton-multicolor-festival-wear-digital-print-work-navratri-lehenga-choli-404544,,,,,,,,,,,,,,,,,,,,,,https://luxemia.shop/images/products/lehengas/cotton-multicolor-festival-wear-digital-print-work-navratri-lehenga-choli-404544-4.jpg,4,Multi-color Cotton Folk Motif Lehenga Choli - Purple & Maroon - View 4,,,,,,
cotton-multicolor-festival-wear-digital-print-work-navratri-lehenga-choli-404544,,,,,,,,,,,,,,,,,,,,,,https://luxemia.shop/images/products/lehengas/cotton-multicolor-festival-wear-digital-print-work-navratri-lehenga-choli-404544-5.jpg,5,Multi-color Cotton Folk Motif Lehenga Choli - Purple & Maroon - View 5,,,,,,
cotton-off-white-festival-wear-digital-print-work-navratri-lehenga-choli-404543,Off-White Cotton Geometric Lehenga Choli with Koti,"<p>Off-white digital print lehenga choli with dupatta.</p>
<p>For festival events — Navratri, Diwali, festivals, family functions.</p>
<p><strong>SET INCLUDES:</strong> Lehenga, choli, and dupatta.</p>
<p><strong>STITCHING OPTIONS:</strong></p>
<p>&nbsp;&nbsp;&bull; <strong>Standard Size S-XXL</strong> (+$23) — we stitch to a standard size before shipping.</p>
<p>&nbsp;&nbsp;&bull; <strong>Custom Stitching</strong> (+$37) — we stitch to your exact measurements (form emailed after order, 4-5 days extra).</p>
<p>&nbsp;&nbsp;&bull; <strong>Unstitched</strong> (+$0) — fabric shipped as-is, you arrange stitching locally.</p>
<p><strong>CARE:</strong> First Wash Dry Clean. Iron at moderate temperature.</p>
<p><strong>FABRIC:</strong> Cotton (natural fiber). Approx weight: 2 kg (lehenga set).</p>
<p><strong>SHIPPING:</strong> Ships within 2-3 days (processing). Standard delivery time varies by country. <strong>DHL Express delivers in 3-5 days</strong>. <strong>Free shipping is always Standard</strong> — DHL Express available at checkout for an additional fee.</p>
<p><strong>AVAILABILITY:</strong> <span style=""color:#1a7f37"">✓ In stock</span> — limited edition, available while supplier inventory lasts.</p>
<p><strong>QUESTIONS?</strong> Email <a href=""mailto:hello@luxemia.shop"">hello@luxemia.shop</a>, call <a href=""tel:+12153419990"">+1-215-341-9990</a>, or <a href=""https://wa.me/12153419990"" target=""_blank"">WhatsApp Mini</a> — I answer the phone myself in English, Hindi, or Gujarati.</p>
<p><strong>SEE ALSO:</strong> <a href=""https://luxemia.shop/returns"">Returns policy</a> | <a href=""https://luxemia.shop/size-guide"">Size guide</a> | <a href=""https://luxemia.shop/blog/how-to-measure-for-indian-ethnic-wear"">How to measure</a> | <a href=""https://luxemia.shop/lehengas"">Browse all lehengas</a></p>
<p>— Mini, founder of LuxeMia</p>",LuxeMia,Clothing,Lehenga Choli,"off-white,cotton,festival wear,digital print work,lehenga,lehenga choli,indian ethnic wear,usa,ships from india,festive,navratri,in stock",TRUE,Stitching,Unstitched,Size,Standard,2000,shopify,10,deny,manual,49.89,63.96,TRUE,TRUE,ws-leh-006-UNS,https://luxemia.shop/images/products/lehengas/cotton-off-white-festival-wear-digital-print-work-navratri-lehenga-choli-404543-1.jpg,1,Off-White Cotton Geometric Lehenga Choli with Koti,FALSE,Off-White Cotton Geometric Lehenga Choli with Koti | LuxeMia,Off-White Cotton Digital Print lehenga choli for festival — $50. Ships in 2-3 days. DHL Express 3-5 days. In stock.,active,https://luxemia.shop/images/products/lehengas/cotton-off-white-festival-wear-digital-print-work-navratri-lehenga-choli-404543-1.jpg,kg
cotton-off-white-festival-wear-digital-print-work-navratri-lehenga-choli-404543,,,,,,,,Stitching,Custom Measurements,Size,Standard,2000,shopify,10,deny,manual,86.56,100.63,TRUE,TRUE,ws-leh-006-CUS,,,,FALSE,,,,https://luxemia.shop/images/products/lehengas/cotton-off-white-festival-wear-digital-print-work-navratri-lehenga-choli-404543-1.jpg,kg
cotton-off-white-festival-wear-digital-print-work-navratri-lehenga-choli-404543,,,,,,,,Stitching,Standard Size,Size,S,2000,shopify,10,deny,manual,73.22,87.29,TRUE,TRUE,ws-leh-006-STA-S,,,,FALSE,,,,https://luxemia.shop/images/products/lehengas/cotton-off-white-festival-wear-digital-print-work-navratri-lehenga-choli-404543-1.jpg,kg
cotton-off-white-festival-wear-digital-print-work-navratri-lehenga-choli-404543,,,,,,,,Stitching,Standard Size,Size,M,2000,shopify,10,deny,manual,73.22,87.29,TRUE,TRUE,ws-leh-006-STA-M,,,,FALSE,,,,https://luxemia.shop/images/products/lehengas/cotton-off-white-festival-wear-digital-print-work-navratri-lehenga-choli-404543-1.jpg,kg
cotton-off-white-festival-wear-digital-print-work-navratri-lehenga-choli-404543,,,,,,,,Stitching,Standard Size,Size,L,2000,shopify,10,deny,manual,73.22,87.29,TRUE,TRUE,ws-leh-006-STA-L,,,,FALSE,,,,https://luxemia.shop/images/products/lehengas/cotton-off-white-festival-wear-digital-print-work-navratri-lehenga-choli-404543-1.jpg,kg
cotton-off-white-festival-wear-digital-print-work-navratri-lehenga-choli-404543,,,,,,,,Stitching,Standard Size,Size,XL,2000,shopify,10,deny,manual,73.22,87.29,TRUE,TRUE,ws-leh-006-STA-XL,,,,FALSE,,,,https://luxemia.shop/images/products/lehengas/cotton-off-white-festival-wear-digital-print-work-navratri-lehenga-choli-404543-1.jpg,kg
cotton-off-white-festival-wear-digital-print-work-navratri-lehenga-choli-404543,,,,,,,,Stitching,Standard Size,Size,XXL,2000,shopify,10,deny,manual,73.22,87.29,TRUE,TRUE,ws-leh-006-STA-XXL,,,,FALSE,,,,https://luxemia.shop/images/products/lehengas/cotton-off-white-festival-wear-digital-print-work-navratri-lehenga-choli-404543-1.jpg,kg
cotton-off-white-festival-wear-digital-print-work-navratri-lehenga-choli-404543,,,,,,,,,,,,,,,,,,,,,,https://luxemia.shop/images/products/lehengas/cotton-off-white-festival-wear-digital-print-work-navratri-lehenga-choli-404543-2.jpg,2,Off-White Cotton Geometric Lehenga Choli with Koti - View 2,,,,,,
cotton-off-white-festival-wear-digital-print-work-navratri-lehenga-choli-404543,,,,,,,,,,,,,,,,,,,,,,https://luxemia.shop/images/products/lehengas/cotton-off-white-festival-wear-digital-print-work-navratri-lehenga-choli-404543-3.jpg,3,Off-White Cotton Geometric Lehenga Choli with Koti - View 3,,,,,,
cotton-off-white-festival-wear-digital-print-work-navratri-lehenga-choli-404543,,,,,,,,,,,,,,,,,,,,,,https://luxemia.shop/images/products/lehengas/cotton-off-white-festival-wear-digital-print-work-navratri-lehenga-choli-404543-4.jpg,4,Off-White Cotton Geometric Lehenga Choli with Koti - View 4,,,,,,
cotton-off-white-festival-wear-digital-print-work-navratri-lehenga-choli-404543,,,,,,,,,,,,,,,,,,,,,,https://luxemia.shop/images/products/lehengas/cotton-off-white-festival-wear-digital-print-work-navratri-lehenga-choli-404543-5.jpg,5,Off-White Cotton Geometric Lehenga Choli with Koti - View 5,,,,,,
chinon-silk-navy-blue-occasional-wear-embroidery-work-readymade-lehenga-choli-404508,Navy Blue Chinon Silk Embroidered Lehenga Choli with Dupatta,"<p>Navy blue embroidered lehenga choli with dupatta.</p>
<p>For occasional events — Navratri, Diwali, festivals, family functions.</p>
<p><strong>SET INCLUDES:</strong> Lehenga, choli, and dupatta.</p>
<p><strong>STITCHING:</strong> Pre-stitched readymade.</p>
<p><strong>ALTERATIONS:</strong> We offer alterations to your desired measurements for an additional fee. Email <a href=""mailto:hello@luxemia.shop?subject=Alteration%20request%20for%20ws-leh-007"">hello@luxemia.shop</a> after ordering with your measurements.</p>
<p><strong>CARE:</strong> First Wash Dry Clean. Iron at moderate temperature.</p>
<p><strong>FABRIC:</strong> Chinon (synthetic silk blend). Approx weight: 2 kg (lehenga set).</p>
<p><strong>SHIPPING:</strong> Ships within 2-3 days (processing). Standard delivery time varies by country. <strong>DHL Express delivers in 3-5 days</strong>. <strong>Free shipping is always Standard</strong> — DHL Express available at checkout for an additional fee.</p>
<p><strong>AVAILABILITY:</strong> <span style=""color:#1a7f37"">✓ In stock</span> — limited edition, available while supplier inventory lasts.</p>
<p><strong>QUESTIONS?</strong> Email <a href=""mailto:hello@luxemia.shop"">hello@luxemia.shop</a>, call <a href=""tel:+12153419990"">+1-215-341-9990</a>, or <a href=""https://wa.me/12153419990"" target=""_blank"">WhatsApp Mini</a> — I answer the phone myself in English, Hindi, or Gujarati.</p>
<p><strong>SEE ALSO:</strong> <a href=""https://luxemia.shop/returns"">Returns policy</a> | <a href=""https://luxemia.shop/size-guide"">Size guide</a> | <a href=""https://luxemia.shop/blog/how-to-measure-for-indian-ethnic-wear"">How to measure</a> | <a href=""https://luxemia.shop/lehengas"">Browse all lehengas</a></p>
<p>— Mini, founder of LuxeMia</p>",LuxeMia,Clothing,Lehenga Choli,"navy blue,chinon silk,occasional wear,embroidery work,lehenga,lehenga choli,indian ethnic wear,usa,ships from india,festive,navratri,in stock",TRUE,Stitching,Readymade,Size,"Bust 48""",2000,shopify,10,deny,manual,78.78,101.00,TRUE,TRUE,ws-leh-007-REA-BUST-48,https://luxemia.shop/images/products/lehengas/chinon-silk-navy-blue-occasional-wear-embroidery-work-readymade-lehenga-choli-404508-1.jpg,1,Navy Blue Chinon Silk Embroidered Lehenga Choli with Dupatta,FALSE,Navy Blue Chinon Silk Embroidered Lehenga Choli w… | LuxeMia,Navy Blue Chinon Silk Embroidery lehenga choli for occasional — $79. Ships in 2-3 days. DHL Express 3-5 days. In stock.,active,https://luxemia.shop/images/products/lehengas/chinon-silk-navy-blue-occasional-wear-embroidery-work-readymade-lehenga-choli-404508-1.jpg,kg
chinon-silk-navy-blue-occasional-wear-embroidery-work-readymade-lehenga-choli-404508,,,,,,,,,,,,,,,,,,,,,,https://luxemia.shop/images/products/lehengas/chinon-silk-navy-blue-occasional-wear-embroidery-work-readymade-lehenga-choli-404508-2.jpg,2,Navy Blue Chinon Silk Embroidered Lehenga Choli with Dupatta - View 2,,,,,,
chinon-silk-navy-blue-occasional-wear-embroidery-work-readymade-lehenga-choli-404508,,,,,,,,,,,,,,,,,,,,,,https://luxemia.shop/images/products/lehengas/chinon-silk-navy-blue-occasional-wear-embroidery-work-readymade-lehenga-choli-404508-3.jpg,3,Navy Blue Chinon Silk Embroidered Lehenga Choli with Dupatta - View 3,,,,,,
chinon-silk-navy-blue-occasional-wear-embroidery-work-readymade-lehenga-choli-404508,,,,,,,,,,,,,,,,,,,,,,https://luxemia.shop/images/products/lehengas/chinon-silk-navy-blue-occasional-wear-embroidery-work-readymade-lehenga-choli-404508-4.jpg,4,Navy Blue Chinon Silk Embroidered Lehenga Choli with Dupatta - View 4,,,,,,
chinon-silk-navy-blue-occasional-wear-embroidery-work-readymade-lehenga-choli-404508,,,,,,,,,,,,,,,,,,,,,,https://luxemia.shop/images/products/lehengas/chinon-silk-navy-blue-occasional-wear-embroidery-work-readymade-lehenga-choli-404508-5.jpg,5,Navy Blue Chinon Silk Embroidered Lehenga Choli with Dupatta - View 5,,,,,,
chinon-silk-rust-orange-occasional-wear-embroidery-work-readymade-lehenga-choli-404507,Rust Orange Chinon Silk Embroidered Lehenga Choli with Dupatta,"<p>Rust orange embroidered lehenga choli with dupatta.</p>
<p>For occasional events — Navratri, Diwali, festivals, family functions.</p>
<p><strong>SET INCLUDES:</strong> Lehenga, choli, and dupatta.</p>
<p><strong>STITCHING:</strong> Pre-stitched readymade.</p>
<p><strong>ALTERATIONS:</strong> We offer alterations to your desired measurements for an additional fee. Email <a href=""mailto:hello@luxemia.shop?subject=Alteration%20request%20for%20ws-leh-008"">hello@luxemia.shop</a> after ordering with your measurements.</p>
<p><strong>CARE:</strong> First Wash Dry Clean. Iron at moderate temperature.</p>
<p><strong>FABRIC:</strong> Chinon (synthetic silk blend). Approx weight: 2 kg (lehenga set).</p>
<p><strong>SHIPPING:</strong> Ships within 2-3 days (processing). Standard delivery time varies by country. <strong>DHL Express delivers in 3-5 days</strong>. <strong>Free shipping is always Standard</strong> — DHL Express available at checkout for an additional fee.</p>
<p><strong>AVAILABILITY:</strong> <span style=""color:#1a7f37"">✓ In stock</span> — limited edition, available while supplier inventory lasts.</p>
<p><strong>QUESTIONS?</strong> Email <a href=""mailto:hello@luxemia.shop"">hello@luxemia.shop</a>, call <a href=""tel:+12153419990"">+1-215-341-9990</a>, or <a href=""https://wa.me/12153419990"" target=""_blank"">WhatsApp Mini</a> — I answer the phone myself in English, Hindi, or Gujarati.</p>
<p><strong>SEE ALSO:</strong> <a href=""https://luxemia.shop/returns"">Returns policy</a> | <a href=""https://luxemia.shop/size-guide"">Size guide</a> | <a href=""https://luxemia.shop/blog/how-to-measure-for-indian-ethnic-wear"">How to measure</a> | <a href=""https://luxemia.shop/lehengas"">Browse all lehengas</a></p>
<p>— Mini, founder of LuxeMia</p>",LuxeMia,Clothing,Lehenga Choli,"rust orange,chinon silk,occasional wear,embroidery work,lehenga,lehenga choli,indian ethnic wear,usa,ships from india,festive,navratri,in stock",TRUE,Stitching,Readymade,Size,"Bust 48""",2000,shopify,10,deny,manual,78.78,101.00,TRUE,TRUE,ws-leh-008-REA-BUST-48,https://luxemia.shop/images/products/lehengas/chinon-silk-rust-orange-occasional-wear-embroidery-work-readymade-lehenga-choli-404507-1.jpg,1,Rust Orange Chinon Silk Embroidered Lehenga Choli with Dupatta,FALSE,Rust Orange Chinon Silk Embroidered Lehenga Choli… | LuxeMia,Rust Orange Chinon Silk Embroidery lehenga choli for occasional — $79. Ships in 2-3 days. DHL Express 3-5 days. In stock.,active,https://luxemia.shop/images/products/lehengas/chinon-silk-rust-orange-occasional-wear-embroidery-work-readymade-lehenga-choli-404507-1.jpg,kg
chinon-silk-rust-orange-occasional-wear-embroidery-work-readymade-lehenga-choli-404507,,,,,,,,,,,,,,,,,,,,,,https://luxemia.shop/images/products/lehengas/chinon-silk-rust-orange-occasional-wear-embroidery-work-readymade-lehenga-choli-404507-2.jpg,2,Rust Orange Chinon Silk Embroidered Lehenga Choli with Dupatta - View 2,,,,,,
chinon-silk-rust-orange-occasional-wear-embroidery-work-readymade-lehenga-choli-404507,,,,,,,,,,,,,,,,,,,,,,https://luxemia.shop/images/products/lehengas/chinon-silk-rust-orange-occasional-wear-embroidery-work-readymade-lehenga-choli-404507-3.jpg,3,Rust Orange Chinon Silk Embroidered Lehenga Choli with Dupatta - View 3,,,,,,
chinon-silk-rust-orange-occasional-wear-embroidery-work-readymade-lehenga-choli-404507,,,,,,,,,,,,,,,,,,,,,,https://luxemia.shop/images/products/lehengas/chinon-silk-rust-orange-occasional-wear-embroidery-work-readymade-lehenga-choli-404507-4.jpg,4,Rust Orange Chinon Silk Embroidered Lehenga Choli with Dupatta - View 4,,,,,,
chinon-silk-rust-orange-occasional-wear-embroidery-work-readymade-lehenga-choli-404507,,,,,,,,,,,,,,,,,,,,,,https://luxemia.shop/images/products/lehengas/chinon-silk-rust-orange-occasional-wear-embroidery-work-readymade-lehenga-choli-404507-5.jpg,5,Rust Orange Chinon Silk Embroidered Lehenga Choli with Dupatta - View 5,,,,,,
cotton-teal-blue-party-wear-mirror-work-readymade-navrayri-lehenga-choli-with-purse-404506,Teal Blue Cotton Mirror Work Lehenga Choli with Potli Bag,"<p>Teal blue mirror work lehenga choli with dupatta.</p>
<p>For party events — Navratri, Diwali, festivals, family functions.</p>
<p><strong>SET INCLUDES:</strong> Lehenga, choli, and dupatta.</p>
<p><strong>STITCHING:</strong> Pre-stitched readymade.</p>
<p><strong>ALTERATIONS:</strong> We offer alterations to your desired measurements for an additional fee. Email <a href=""mailto:hello@luxemia.shop?subject=Alteration%20request%20for%20ws-leh-009"">hello@luxemia.shop</a> after ordering with your measurements.</p>
<p><strong>CARE:</strong> First Wash Dry Clean. Iron at moderate temperature.</p>
<p><strong>FABRIC:</strong> Cotton (natural fiber). Approx weight: 2 kg (lehenga set).</p>
<p><strong>SHIPPING:</strong> Ships within 2-3 days (processing). Standard delivery time varies by country. <strong>DHL Express delivers in 3-5 days</strong>. <strong>Free shipping is always Standard</strong> — DHL Express available at checkout for an additional fee.</p>
<p><strong>AVAILABILITY:</strong> <span style=""color:#1a7f37"">✓ In stock</span> — limited edition, available while supplier inventory lasts.</p>
<p><strong>QUESTIONS?</strong> Email <a href=""mailto:hello@luxemia.shop"">hello@luxemia.shop</a>, call <a href=""tel:+12153419990"">+1-215-341-9990</a>, or <a href=""https://wa.me/12153419990"" target=""_blank"">WhatsApp Mini</a> — I answer the phone myself in English, Hindi, or Gujarati.</p>
<p><strong>SEE ALSO:</strong> <a href=""https://luxemia.shop/returns"">Returns policy</a> | <a href=""https://luxemia.shop/size-guide"">Size guide</a> | <a href=""https://luxemia.shop/blog/how-to-measure-for-indian-ethnic-wear"">How to measure</a> | <a href=""https://luxemia.shop/lehengas"">Browse all lehengas</a></p>
<p>— Mini, founder of LuxeMia</p>",LuxeMia,Clothing,Lehenga Choli,"teal blue,cotton,party wear,mirror work,lehenga,lehenga choli,indian ethnic wear,usa,ships from india,festive,navratri,in stock",TRUE,Stitching,Readymade,Size,"Bust 40""",2000,shopify,10,deny,manual,64.33,82.49,TRUE,TRUE,ws-leh-009-REA-BUST-40,https://luxemia.shop/images/products/lehengas/cotton-teal-blue-party-wear-mirror-work-readymade-navrayri-lehenga-choli-with-purse-404506-1.jpg,1,Teal Blue Cotton Mirror Work Lehenga Choli with Potli Bag,FALSE,Teal Blue Cotton Mirror Work Lehenga Choli with P… | LuxeMia,Teal Blue Cotton Mirror lehenga choli for party — $64. Ships in 2-3 days. DHL Express 3-5 days. In stock.,active,https://luxemia.shop/images/products/lehengas/cotton-teal-blue-party-wear-mirror-work-readymade-navrayri-lehenga-choli-with-purse-404506-1.jpg,kg
cotton-teal-blue-party-wear-mirror-work-readymade-navrayri-lehenga-choli-with-purse-404506,,,,,,,,,,,,,,,,,,,,,,https://luxemia.shop/images/products/lehengas/cotton-teal-blue-party-wear-mirror-work-readymade-navrayri-lehenga-choli-with-purse-404506-2.jpg,2,Teal Blue Cotton Mirror Work Lehenga Choli with Potli Bag - View 2,,,,,,
cotton-teal-blue-party-wear-mirror-work-readymade-navrayri-lehenga-choli-with-purse-404506,,,,,,,,,,,,,,,,,,,,,,https://luxemia.shop/images/products/lehengas/cotton-teal-blue-party-wear-mirror-work-readymade-navrayri-lehenga-choli-with-purse-404506-3.jpg,3,Teal Blue Cotton Mirror Work Lehenga Choli with Potli Bag - View 3,,,,,,
cotton-teal-blue-party-wear-mirror-work-readymade-navrayri-lehenga-choli-with-purse-404506,,,,,,,,,,,,,,,,,,,,,,https://luxemia.shop/images/products/lehengas/cotton-teal-blue-party-wear-mirror-work-readymade-navrayri-lehenga-choli-with-purse-404506-4.jpg,4,Teal Blue Cotton Mirror Work Lehenga Choli with Potli Bag - View 4,,,,,,
cotton-teal-blue-party-wear-mirror-work-readymade-navrayri-lehenga-choli-with-purse-404506,,,,,,,,,,,,,,,,,,,,,,https://luxemia.shop/images/products/lehengas/cotton-teal-blue-party-wear-mirror-work-readymade-navrayri-lehenga-choli-with-purse-404506-5.jpg,5,Teal Blue Cotton Mirror Work Lehenga Choli with Potli Bag - View 5,,,,,,
pure-cotton-off-white-festival-wear-ribbon-work-readymade-navratri-lehenga-choli-with-koti-404497,Off-White Pure Cotton Ribbon Work Lehenga Choli with Koti,"<p>Off-white ribbon work lehenga choli with dupatta.</p>
<p>For festival events — Navratri, Diwali, festivals, family functions.</p>
<p><strong>SET INCLUDES:</strong> Lehenga, choli, and dupatta.</p>
<p><strong>STITCHING:</strong> Pre-stitched readymade.</p>
<p><strong>ALTERATIONS:</strong> We offer alterations to your desired measurements for an additional fee. Email <a href=""mailto:hello@luxemia.shop?subject=Alteration%20request%20for%20ws-leh-010"">hello@luxemia.shop</a> after ordering with your measurements.</p>
<p><strong>CARE:</strong> First Wash Dry Clean. Iron at moderate temperature.</p>
<p><strong>FABRIC:</strong> 100% Pure Cotton (natural fiber). Approx weight: 2 kg (lehenga set).</p>
<p><strong>SHIPPING:</strong> Ships within 2-3 days (processing). Standard delivery time varies by country. <strong>DHL Express delivers in 3-5 days</strong>. <strong>Free shipping is always Standard</strong> — DHL Express available at checkout for an additional fee.</p>
<p><strong>AVAILABILITY:</strong> <span style=""color:#1a7f37"">✓ In stock</span> — limited edition, available while supplier inventory lasts.</p>
<p><strong>QUESTIONS?</strong> Email <a href=""mailto:hello@luxemia.shop"">hello@luxemia.shop</a>, call <a href=""tel:+12153419990"">+1-215-341-9990</a>, or <a href=""https://wa.me/12153419990"" target=""_blank"">WhatsApp Mini</a> — I answer the phone myself in English, Hindi, or Gujarati.</p>
<p><strong>SEE ALSO:</strong> <a href=""https://luxemia.shop/returns"">Returns policy</a> | <a href=""https://luxemia.shop/size-guide"">Size guide</a> | <a href=""https://luxemia.shop/blog/how-to-measure-for-indian-ethnic-wear"">How to measure</a> | <a href=""https://luxemia.shop/lehengas"">Browse all lehengas</a></p>
<p>— Mini, founder of LuxeMia</p>",LuxeMia,Clothing,Lehenga Choli,"off-white,pure cotton,festival wear,ribbon work,lehenga,lehenga choli,indian ethnic wear,usa,ships from india,festive,navratri,in stock",TRUE,Stitching,Readymade,Size,"Bust 44""",2000,shopify,10,deny,manual,63.22,81.04,TRUE,TRUE,ws-leh-010-REA-BUST-44,https://luxemia.shop/images/products/lehengas/pure-cotton-off-white-festival-wear-ribbon-work-readymade-navratri-lehenga-choli-with-koti-404497-1.jpg,1,Off-White Pure Cotton Ribbon Work Lehenga Choli with Koti,FALSE,Off-White Pure Cotton Ribbon Work Lehenga Choli w… | LuxeMia,Off-White Pure Cotton Ribbon lehenga choli for festival — $63. Ships in 2-3 days. DHL Express 3-5 days. In stock.,active,https://luxemia.shop/images/products/lehengas/pure-cotton-off-white-festival-wear-ribbon-work-readymade-navratri-lehenga-choli-with-koti-404497-1.jpg,kg
pure-cotton-off-white-festival-wear-ribbon-work-readymade-navratri-lehenga-choli-with-koti-404497,,,,,,,,,,,,,,,,,,,,,,https://luxemia.shop/images/products/lehengas/pure-cotton-off-white-festival-wear-ribbon-work-readymade-navratri-lehenga-choli-with-koti-404497-2.jpg,2,Off-White Pure Cotton Ribbon Work Lehenga Choli with Koti - View 2,,,,,,
pure-cotton-off-white-festival-wear-ribbon-work-readymade-navratri-lehenga-choli-with-koti-404497,,,,,,,,,,,,,,,,,,,,,,https://luxemia.shop/images/products/lehengas/pure-cotton-off-white-festival-wear-ribbon-work-readymade-navratri-lehenga-choli-with-koti-404497-3.jpg,3,Off-White Pure Cotton Ribbon Work Lehenga Choli with Koti - View 3,,,,,,
pure-cotton-off-white-festival-wear-ribbon-work-readymade-navratri-lehenga-choli-with-koti-404497,,,,,,,,,,,,,,,,,,,,,,https://luxemia.shop/images/products/lehengas/pure-cotton-off-white-festival-wear-ribbon-work-readymade-navratri-lehenga-choli-with-koti-404497-4.jpg,4,Off-White Pure Cotton Ribbon Work Lehenga Choli with Koti - View 4,,,,,,
pure-cotton-off-white-festival-wear-ribbon-work-readymade-navratri-lehenga-choli-with-koti-404497,,,,,,,,,,,,,,,,,,,,,,https://luxemia.shop/images/products/lehengas/pure-cotton-off-white-festival-wear-ribbon-work-readymade-navratri-lehenga-choli-with-koti-404497-5.jpg,5,Off-White Pure Cotton Ribbon Work Lehenga Choli with Koti - View 5,,,,,,
pure-cotton-rani-pink-festival-wear-ribbon-work-readymade-navratri-lehenga-choli-with-koti-404496,Rani Pink Pure Cotton Ribbon Work Lehenga Choli with Koti,"<p>Rani pink ribbon work lehenga choli with dupatta.</p>
<p>For festival events — Navratri, Diwali, festivals, family functions.</p>
<p><strong>SET INCLUDES:</strong> Lehenga, choli, and dupatta.</p>
<p><strong>STITCHING:</strong> Pre-stitched readymade.</p>
<p><strong>ALTERATIONS:</strong> We offer alterations to your desired measurements for an additional fee. Email <a href=""mailto:hello@luxemia.shop?subject=Alteration%20request%20for%20ws-leh-011"">hello@luxemia.shop</a> after ordering with your measurements.</p>
<p><strong>CARE:</strong> First Wash Dry Clean. Iron at moderate temperature.</p>
<p><strong>FABRIC:</strong> 100% Pure Cotton (natural fiber). Approx weight: 2 kg (lehenga set).</p>
<p><strong>SHIPPING:</strong> Ships within 2-3 days (processing). Standard delivery time varies by country. <strong>DHL Express delivers in 3-5 days</strong>. <strong>Free shipping is always Standard</strong> — DHL Express available at checkout for an additional fee.</p>
<p><strong>AVAILABILITY:</strong> <span style=""color:#1a7f37"">✓ In stock</span> — limited edition, available while supplier inventory lasts.</p>
<p><strong>QUESTIONS?</strong> Email <a href=""mailto:hello@luxemia.shop"">hello@luxemia.shop</a>, call <a href=""tel:+12153419990"">+1-215-341-9990</a>, or <a href=""https://wa.me/12153419990"" target=""_blank"">WhatsApp Mini</a> — I answer the phone myself in English, Hindi, or Gujarati.</p>
<p><strong>SEE ALSO:</strong> <a href=""https://luxemia.shop/returns"">Returns policy</a> | <a href=""https://luxemia.shop/size-guide"">Size guide</a> | <a href=""https://luxemia.shop/blog/how-to-measure-for-indian-ethnic-wear"">How to measure</a> | <a href=""https://luxemia.shop/lehengas"">Browse all lehengas</a></p>
<p>— Mini, founder of LuxeMia</p>",LuxeMia,Clothing,Lehenga Choli,"rani pink,pure cotton,festival wear,ribbon work,lehenga,lehenga choli,indian ethnic wear,usa,ships from india,festive,navratri,in stock",TRUE,Stitching,Readymade,Size,"Bust 44""",2000,shopify,10,deny,manual,63.22,81.04,TRUE,TRUE,ws-leh-011-REA-BUST-44,https://luxemia.shop/images/products/lehengas/pure-cotton-rani-pink-festival-wear-ribbon-work-readymade-navratri-lehenga-choli-with-koti-404496-1.jpg,1,Rani Pink Pure Cotton Ribbon Work Lehenga Choli with Koti,FALSE,Rani Pink Pure Cotton Ribbon Work Lehenga Choli w… | LuxeMia,Rani Pink Pure Cotton Ribbon lehenga choli for festival — $63. Ships in 2-3 days. DHL Express 3-5 days. In stock.,active,https://luxemia.shop/images/products/lehengas/pure-cotton-rani-pink-festival-wear-ribbon-work-readymade-navratri-lehenga-choli-with-koti-404496-1.jpg,kg
pure-cotton-rani-pink-festival-wear-ribbon-work-readymade-navratri-lehenga-choli-with-koti-404496,,,,,,,,,,,,,,,,,,,,,,https://luxemia.shop/images/products/lehengas/pure-cotton-rani-pink-festival-wear-ribbon-work-readymade-navratri-lehenga-choli-with-koti-404496-2.jpg,2,Rani Pink Pure Cotton Ribbon Work Lehenga Choli with Koti - View 2,,,,,,
pure-cotton-rani-pink-festival-wear-ribbon-work-readymade-navratri-lehenga-choli-with-koti-404496,,,,,,,,,,,,,,,,,,,,,,https://luxemia.shop/images/products/lehengas/pure-cotton-rani-pink-festival-wear-ribbon-work-readymade-navratri-lehenga-choli-with-koti-404496-3.jpg,3,Rani Pink Pure Cotton Ribbon Work Lehenga Choli with Koti - View 3,,,,,,
pure-cotton-rani-pink-festival-wear-ribbon-work-readymade-navratri-lehenga-choli-with-koti-404496,,,,,,,,,,,,,,,,,,,,,,https://luxemia.shop/images/products/lehengas/pure-cotton-rani-pink-festival-wear-ribbon-work-readymade-navratri-lehenga-choli-with-koti-404496-4.jpg,4,Rani Pink Pure Cotton Ribbon Work Lehenga Choli with Koti - View 4,,,,,,
pure-cotton-rani-pink-festival-wear-ribbon-work-readymade-navratri-lehenga-choli-with-koti-404496,,,,,,,,,,,,,,,,,,,,,,https://luxemia.shop/images/products/lehengas/pure-cotton-rani-pink-festival-wear-ribbon-work-readymade-navratri-lehenga-choli-with-koti-404496-5.jpg,5,Rani Pink Pure Cotton Ribbon Work Lehenga Choli with Koti - View 5,,,,,,
pure-cotton-rust-orange-festival-wear-ribbon-work-readymade-navratri-lehenga-choli-with-koti-404495,Rust Orange Pure Cotton Ribbon Work Lehenga Choli with Peplum,"<p>Rust orange ribbon work lehenga choli with dupatta.</p>
<p>For festival events — Navratri, Diwali, festivals, family functions.</p>
<p><strong>SET INCLUDES:</strong> Lehenga, choli, and dupatta.</p>
<p><strong>STITCHING:</strong> Pre-stitched readymade.</p>
<p><strong>ALTERATIONS:</strong> We offer alterations to your desired measurements for an additional fee. Email <a href=""mailto:hello@luxemia.shop?subject=Alteration%20request%20for%20ws-leh-012"">hello@luxemia.shop</a> after ordering with your measurements.</p>
<p><strong>CARE:</strong> First Wash Dry Clean. Iron at moderate temperature.</p>
<p><strong>FABRIC:</strong> 100% Pure Cotton (natural fiber). Approx weight: 2 kg (lehenga set).</p>
<p><strong>SHIPPING:</strong> Ships within 2-3 days (processing). Standard delivery time varies by country. <strong>DHL Express delivers in 3-5 days</strong>. <strong>Free shipping is always Standard</strong> — DHL Express available at checkout for an additional fee.</p>
<p><strong>AVAILABILITY:</strong> <span style=""color:#1a7f37"">✓ In stock</span> — limited edition, available while supplier inventory lasts.</p>
<p><strong>QUESTIONS?</strong> Email <a href=""mailto:hello@luxemia.shop"">hello@luxemia.shop</a>, call <a href=""tel:+12153419990"">+1-215-341-9990</a>, or <a href=""https://wa.me/12153419990"" target=""_blank"">WhatsApp Mini</a> — I answer the phone myself in English, Hindi, or Gujarati.</p>
<p><strong>SEE ALSO:</strong> <a href=""https://luxemia.shop/returns"">Returns policy</a> | <a href=""https://luxemia.shop/size-guide"">Size guide</a> | <a href=""https://luxemia.shop/blog/how-to-measure-for-indian-ethnic-wear"">How to measure</a> | <a href=""https://luxemia.shop/lehengas"">Browse all lehengas</a></p>
<p>— Mini, founder of LuxeMia</p>",LuxeMia,Clothing,Lehenga Choli,"rust orange,pure cotton,festival wear,ribbon work,lehenga,lehenga choli,indian ethnic wear,usa,ships from india,festive,navratri,in stock",TRUE,Stitching,Readymade,Size,"Bust 44""",2000,shopify,10,deny,manual,63.22,81.04,TRUE,TRUE,ws-leh-012-REA-BUST-44,https://luxemia.shop/images/products/lehengas/pure-cotton-rust-orange-festival-wear-ribbon-work-readymade-navratri-lehenga-choli-with-koti-404495-1.jpg,1,Rust Orange Pure Cotton Ribbon Work Lehenga Choli with Peplum,FALSE,Rust Orange Pure Cotton Ribbon Work Lehenga Choli… | LuxeMia,Rust Orange Pure Cotton Ribbon lehenga choli for festival — $63. Ships in 2-3 days. DHL Express 3-5 days. In stock.,active,https://luxemia.shop/images/products/lehengas/pure-cotton-rust-orange-festival-wear-ribbon-work-readymade-navratri-lehenga-choli-with-koti-404495-1.jpg,kg
pure-cotton-rust-orange-festival-wear-ribbon-work-readymade-navratri-lehenga-choli-with-koti-404495,,,,,,,,,,,,,,,,,,,,,,https://luxemia.shop/images/products/lehengas/pure-cotton-rust-orange-festival-wear-ribbon-work-readymade-navratri-lehenga-choli-with-koti-404495-2.jpg,2,Rust Orange Pure Cotton Ribbon Work Lehenga Choli with Peplum - View 2,,,,,,
pure-cotton-rust-orange-festival-wear-ribbon-work-readymade-navratri-lehenga-choli-with-koti-404495,,,,,,,,,,,,,,,,,,,,,,https://luxemia.shop/images/products/lehengas/pure-cotton-rust-orange-festival-wear-ribbon-work-readymade-navratri-lehenga-choli-with-koti-404495-3.jpg,3,Rust Orange Pure Cotton Ribbon Work Lehenga Choli with Peplum - View 3,,,,,,
pure-cotton-rust-orange-festival-wear-ribbon-work-readymade-navratri-lehenga-choli-with-koti-404495,,,,,,,,,,,,,,,,,,,,,,https://luxemia.shop/images/products/lehengas/pure-cotton-rust-orange-festival-wear-ribbon-work-readymade-navratri-lehenga-choli-with-koti-404495-4.jpg,4,Rust Orange Pure Cotton Ribbon Work Lehenga Choli with Peplum - View 4,,,,,,
pure-cotton-rust-orange-festival-wear-ribbon-work-readymade-navratri-lehenga-choli-with-koti-404495,,,,,,,,,,,,,,,,,,,,,,https://luxemia.shop/images/products/lehengas/pure-cotton-rust-orange-festival-wear-ribbon-work-readymade-navratri-lehenga-choli-with-koti-404495-5.jpg,5,Rust Orange Pure Cotton Ribbon Work Lehenga Choli with Peplum - View 5,,,,,,
pure-cotton-purple-festival-wear-ribbon-work-readymade-navratri-lehenga-choli-with-koti-404494,Purple Pure Cotton Ribbon Work Lehenga Choli with Koti,"<p>Purple ribbon work lehenga choli with dupatta.</p>
<p>For festival events — Navratri, Diwali, festivals, family functions.</p>
<p><strong>SET INCLUDES:</strong> Lehenga, choli, and dupatta.</p>
<p><strong>STITCHING:</strong> Pre-stitched readymade.</p>
<p><strong>ALTERATIONS:</strong> We offer alterations to your desired measurements for an additional fee. Email <a href=""mailto:hello@luxemia.shop?subject=Alteration%20request%20for%20ws-leh-013"">hello@luxemia.shop</a> after ordering with your measurements.</p>
<p><strong>CARE:</strong> First Wash Dry Clean. Iron at moderate temperature.</p>
<p><strong>FABRIC:</strong> 100% Pure Cotton (natural fiber). Approx weight: 2 kg (lehenga set).</p>
<p><strong>SHIPPING:</strong> Ships within 2-3 days (processing). Standard delivery time varies by country. <strong>DHL Express delivers in 3-5 days</strong>. <strong>Free shipping is always Standard</strong> — DHL Express available at checkout for an additional fee.</p>
<p><strong>AVAILABILITY:</strong> <span style=""color:#1a7f37"">✓ In stock</span> — limited edition, available while supplier inventory lasts.</p>
<p><strong>QUESTIONS?</strong> Email <a href=""mailto:hello@luxemia.shop"">hello@luxemia.shop</a>, call <a href=""tel:+12153419990"">+1-215-341-9990</a>, or <a href=""https://wa.me/12153419990"" target=""_blank"">WhatsApp Mini</a> — I answer the phone myself in English, Hindi, or Gujarati.</p>
<p><strong>SEE ALSO:</strong> <a href=""https://luxemia.shop/returns"">Returns policy</a> | <a href=""https://luxemia.shop/size-guide"">Size guide</a> | <a href=""https://luxemia.shop/blog/how-to-measure-for-indian-ethnic-wear"">How to measure</a> | <a href=""https://luxemia.shop/lehengas"">Browse all lehengas</a></p>
<p>— Mini, founder of LuxeMia</p>",LuxeMia,Clothing,Lehenga Choli,"purple,pure cotton,festival wear,ribbon work,lehenga,lehenga choli,indian ethnic wear,usa,ships from india,festive,navratri,in stock",TRUE,Stitching,Readymade,Size,"Bust 44""",2000,shopify,10,deny,manual,63.22,81.04,TRUE,TRUE,ws-leh-013-REA-BUST-44,https://luxemia.shop/images/products/lehengas/pure-cotton-purple-festival-wear-ribbon-work-readymade-navratri-lehenga-choli-with-koti-404494-1.jpg,1,Purple Pure Cotton Ribbon Work Lehenga Choli with Koti,FALSE,Purple Pure Cotton Ribbon Work Lehenga Choli with… | LuxeMia,Purple Pure Cotton Ribbon lehenga choli for festival — $63. Ships in 2-3 days. DHL Express 3-5 days. In stock.,active,https://luxemia.shop/images/products/lehengas/pure-cotton-purple-festival-wear-ribbon-work-readymade-navratri-lehenga-choli-with-koti-404494-1.jpg,kg
pure-cotton-purple-festival-wear-ribbon-work-readymade-navratri-lehenga-choli-with-koti-404494,,,,,,,,,,,,,,,,,,,,,,https://luxemia.shop/images/products/lehengas/pure-cotton-purple-festival-wear-ribbon-work-readymade-navratri-lehenga-choli-with-koti-404494-2.jpg,2,Purple Pure Cotton Ribbon Work Lehenga Choli with Koti - View 2,,,,,,
pure-cotton-purple-festival-wear-ribbon-work-readymade-navratri-lehenga-choli-with-koti-404494,,,,,,,,,,,,,,,,,,,,,,https://luxemia.shop/images/products/lehengas/pure-cotton-purple-festival-wear-ribbon-work-readymade-navratri-lehenga-choli-with-koti-404494-3.jpg,3,Purple Pure Cotton Ribbon Work Lehenga Choli with Koti - View 3,,,,,,
pure-cotton-purple-festival-wear-ribbon-work-readymade-navratri-lehenga-choli-with-koti-404494,,,,,,,,,,,,,,,,,,,,,,https://luxemia.shop/images/products/lehengas/pure-cotton-purple-festival-wear-ribbon-work-readymade-navratri-lehenga-choli-with-koti-404494-4.jpg,4,Purple Pure Cotton Ribbon Work Lehenga Choli with Koti - View 4,,,,,,
pure-cotton-purple-festival-wear-ribbon-work-readymade-navratri-lehenga-choli-with-koti-404494,,,,,,,,,,,,,,,,,,,,,,https://luxemia.shop/images/products/lehengas/pure-cotton-purple-festival-wear-ribbon-work-readymade-navratri-lehenga-choli-with-koti-404494-5.jpg,5,Purple Pure Cotton Ribbon Work Lehenga Choli with Koti - View 5,,,,,,
pure-cotton-black-festival-wear-ribbon-work-readymade-navratri-lehenga-choli-with-koti-404493,Black Pure Cotton Ribbon Work Lehenga Choli with Geometric Border,"<p>Black ribbon work lehenga choli with dupatta.</p>
<p>For festival events — Navratri, Diwali, festivals, family functions.</p>
<p><strong>SET INCLUDES:</strong> Lehenga, choli, and dupatta.</p>
<p><strong>STITCHING:</strong> Pre-stitched readymade.</p>
<p><strong>ALTERATIONS:</strong> We offer alterations to your desired measurements for an additional fee. Email <a href=""mailto:hello@luxemia.shop?subject=Alteration%20request%20for%20ws-leh-014"">hello@luxemia.shop</a> after ordering with your measurements.</p>
<p><strong>CARE:</strong> First Wash Dry Clean. Iron at moderate temperature.</p>
<p><strong>FABRIC:</strong> 100% Pure Cotton (natural fiber). Approx weight: 2 kg (lehenga set).</p>
<p><strong>SHIPPING:</strong> Ships within 2-3 days (processing). Standard delivery time varies by country. <strong>DHL Express delivers in 3-5 days</strong>. <strong>Free shipping is always Standard</strong> — DHL Express available at checkout for an additional fee.</p>
<p><strong>AVAILABILITY:</strong> <span style=""color:#1a7f37"">✓ In stock</span> — limited edition, available while supplier inventory lasts.</p>
<p><strong>QUESTIONS?</strong> Email <a href=""mailto:hello@luxemia.shop"">hello@luxemia.shop</a>, call <a href=""tel:+12153419990"">+1-215-341-9990</a>, or <a href=""https://wa.me/12153419990"" target=""_blank"">WhatsApp Mini</a> — I answer the phone myself in English, Hindi, or Gujarati.</p>
<p><strong>SEE ALSO:</strong> <a href=""https://luxemia.shop/returns"">Returns policy</a> | <a href=""https://luxemia.shop/size-guide"">Size guide</a> | <a href=""https://luxemia.shop/blog/how-to-measure-for-indian-ethnic-wear"">How to measure</a> | <a href=""https://luxemia.shop/lehengas"">Browse all lehengas</a></p>
<p>— Mini, founder of LuxeMia</p>",LuxeMia,Clothing,Lehenga Choli,"black,pure cotton,festival wear,ribbon work,lehenga,lehenga choli,indian ethnic wear,usa,ships from india,festive,navratri,in stock",TRUE,Stitching,Readymade,Size,"Bust 44""",2000,shopify,10,deny,manual,63.22,81.04,TRUE,TRUE,ws-leh-014-REA-BUST-44,https://luxemia.shop/images/products/lehengas/pure-cotton-black-festival-wear-ribbon-work-readymade-navratri-lehenga-choli-with-koti-404493-1.jpg,1,Black Pure Cotton Ribbon Work Lehenga Choli with Geometric Border,FALSE,Black Pure Cotton Ribbon Work Lehenga Choli with … | LuxeMia,Black Pure Cotton Ribbon lehenga choli for festival — $63. Ships in 2-3 days. DHL Express 3-5 days. In stock.,active,https://luxemia.shop/images/products/lehengas/pure-cotton-black-festival-wear-ribbon-work-readymade-navratri-lehenga-choli-with-koti-404493-1.jpg,kg
pure-cotton-black-festival-wear-ribbon-work-readymade-navratri-lehenga-choli-with-koti-404493,,,,,,,,,,,,,,,,,,,,,,https://luxemia.shop/images/products/lehengas/pure-cotton-black-festival-wear-ribbon-work-readymade-navratri-lehenga-choli-with-koti-404493-2.jpg,2,Black Pure Cotton Ribbon Work Lehenga Choli with Geometric Border - View 2,,,,,,
pure-cotton-black-festival-wear-ribbon-work-readymade-navratri-lehenga-choli-with-koti-404493,,,,,,,,,,,,,,,,,,,,,,https://luxemia.shop/images/products/lehengas/pure-cotton-black-festival-wear-ribbon-work-readymade-navratri-lehenga-choli-with-koti-404493-3.jpg,3,Black Pure Cotton Ribbon Work Lehenga Choli with Geometric Border - View 3,,,,,,
pure-cotton-black-festival-wear-ribbon-work-readymade-navratri-lehenga-choli-with-koti-404493,,,,,,,,,,,,,,,,,,,,,,https://luxemia.shop/images/products/lehengas/pure-cotton-black-festival-wear-ribbon-work-readymade-navratri-lehenga-choli-with-koti-404493-4.jpg,4,Black Pure Cotton Ribbon Work Lehenga Choli with Geometric Border - View 4,,,,,,
pure-cotton-black-festival-wear-ribbon-work-readymade-navratri-lehenga-choli-with-koti-404493,,,,,,,,,,,,,,,,,,,,,,https://luxemia.shop/images/products/lehengas/pure-cotton-black-festival-wear-ribbon-work-readymade-navratri-lehenga-choli-with-koti-404493-5.jpg,5,Black Pure Cotton Ribbon Work Lehenga Choli with Geometric Border - View 5,,,,,,
banarasi-silk-lilac-occasional-wear-embroidery-work-lehenga-choli-404487,Lilac Banarasi Silk Embroidered Lehenga Choli with Dupatta,"<p>Lilac embroidered lehenga choli with dupatta.</p>
<p>For occasional events — Navratri, Diwali, festivals, family functions.</p>
<p><strong>SET INCLUDES:</strong> Lehenga, choli, and dupatta.</p>
<p><strong>STITCHING OPTIONS:</strong></p>
<p>&nbsp;&nbsp;&bull; <strong>Standard Size S-XXL</strong> (+$23) — we stitch to a standard size before shipping.</p>
<p>&nbsp;&nbsp;&bull; <strong>Custom Stitching</strong> (+$37) — we stitch to your exact measurements (form emailed after order, 4-5 days extra).</p>
<p>&nbsp;&nbsp;&bull; <strong>Unstitched</strong> (+$0) — fabric shipped as-is, you arrange stitching locally.</p>
<p><strong>CARE:</strong> First Wash Dry Clean. Iron at moderate temperature.</p>
<p><strong>FABRIC:</strong> Pure Banarasi Silk (handwoven). Approx weight: 2 kg (lehenga set).</p>
<p><strong>SHIPPING:</strong> Ships within 2-3 days (processing). Standard delivery time varies by country. <strong>DHL Express delivers in 3-5 days</strong>. <strong>Free shipping is always Standard</strong> — DHL Express available at checkout for an additional fee.</p>
<p><strong>AVAILABILITY:</strong> <span style=""color:#1a7f37"">✓ In stock</span> — limited edition, available while supplier inventory lasts.</p>
<p><strong>QUESTIONS?</strong> Email <a href=""mailto:hello@luxemia.shop"">hello@luxemia.shop</a>, call <a href=""tel:+12153419990"">+1-215-341-9990</a>, or <a href=""https://wa.me/12153419990"" target=""_blank"">WhatsApp Mini</a> — I answer the phone myself in English, Hindi, or Gujarati.</p>
<p><strong>SEE ALSO:</strong> <a href=""https://luxemia.shop/returns"">Returns policy</a> | <a href=""https://luxemia.shop/size-guide"">Size guide</a> | <a href=""https://luxemia.shop/blog/how-to-measure-for-indian-ethnic-wear"">How to measure</a> | <a href=""https://luxemia.shop/lehengas"">Browse all lehengas</a></p>
<p>— Mini, founder of LuxeMia</p>",LuxeMia,Clothing,Lehenga Choli,"lilac,banarasi silk,occasional wear,embroidery work,lehenga,lehenga choli,indian ethnic wear,usa,ships from india,festive,navratri,in stock",TRUE,Stitching,Unstitched,Size,Standard,2000,shopify,10,deny,manual,177.17,227.13,TRUE,TRUE,ws-leh-015-UNS,https://luxemia.shop/images/products/lehengas/banarasi-silk-lilac-occasional-wear-embroidery-work-lehenga-choli-404487-1.jpg,1,Lilac Banarasi Silk Embroidered Lehenga Choli with Dupatta,FALSE,Lilac Banarasi Silk Embroidered Lehenga Choli wit… | LuxeMia,Lilac Banarasi Silk Embroidery lehenga choli for occasional — $177. Ships in 2-3 days. DHL Express 3-5 days. In stock.,active,https://luxemia.shop/images/products/lehengas/banarasi-silk-lilac-occasional-wear-embroidery-work-lehenga-choli-404487-1.jpg,kg
banarasi-silk-lilac-occasional-wear-embroidery-work-lehenga-choli-404487,,,,,,,,Stitching,Custom Measurements,Size,Standard,2000,shopify,10,deny,manual,213.84,263.80,TRUE,TRUE,ws-leh-015-CUS,,,,FALSE,,,,https://luxemia.shop/images/products/lehengas/banarasi-silk-lilac-occasional-wear-embroidery-work-lehenga-choli-404487-1.jpg,kg
banarasi-silk-lilac-occasional-wear-embroidery-work-lehenga-choli-404487,,,,,,,,Stitching,Standard Size,Size,S,2000,shopify,10,deny,manual,200.50,250.46,TRUE,TRUE,ws-leh-015-STA-S,,,,FALSE,,,,https://luxemia.shop/images/products/lehengas/banarasi-silk-lilac-occasional-wear-embroidery-work-lehenga-choli-404487-1.jpg,kg
banarasi-silk-lilac-occasional-wear-embroidery-work-lehenga-choli-404487,,,,,,,,Stitching,Standard Size,Size,M,2000,shopify,10,deny,manual,200.50,250.46,TRUE,TRUE,ws-leh-015-STA-M,,,,FALSE,,,,https://luxemia.shop/images/products/lehengas/banarasi-silk-lilac-occasional-wear-embroidery-work-lehenga-choli-404487-1.jpg,kg
banarasi-silk-lilac-occasional-wear-embroidery-work-lehenga-choli-404487,,,,,,,,Stitching,Standard Size,Size,L,2000,shopify,10,deny,manual,200.50,250.46,TRUE,TRUE,ws-leh-015-STA-L,,,,FALSE,,,,https://luxemia.shop/images/products/lehengas/banarasi-silk-lilac-occasional-wear-embroidery-work-lehenga-choli-404487-1.jpg,kg
banarasi-silk-lilac-occasional-wear-embroidery-work-lehenga-choli-404487,,,,,,,,Stitching,Standard Size,Size,XL,2000,shopify,10,deny,manual,200.50,250.46,TRUE,TRUE,ws-leh-015-STA-XL,,,,FALSE,,,,https://luxemia.shop/images/products/lehengas/banarasi-silk-lilac-occasional-wear-embroidery-work-lehenga-choli-404487-1.jpg,kg
banarasi-silk-lilac-occasional-wear-embroidery-work-lehenga-choli-404487,,,,,,,,Stitching,Standard Size,Size,XXL,2000,shopify,10,deny,manual,200.50,250.46,TRUE,TRUE,ws-leh-015-STA-XXL,,,,FALSE,,,,https://luxemia.shop/images/products/lehengas/banarasi-silk-lilac-occasional-wear-embroidery-work-lehenga-choli-404487-1.jpg,kg
banarasi-silk-lilac-occasional-wear-embroidery-work-lehenga-choli-404487,,,,,,,,,,,,,,,,,,,,,,https://luxemia.shop/images/products/lehengas/banarasi-silk-lilac-occasional-wear-embroidery-work-lehenga-choli-404487-2.jpg,2,Lilac Banarasi Silk Embroidered Lehenga Choli with Dupatta - View 2,,,,,,
banarasi-silk-lilac-occasional-wear-embroidery-work-lehenga-choli-404487,,,,,,,,,,,,,,,,,,,,,,https://luxemia.shop/images/products/lehengas/banarasi-silk-lilac-occasional-wear-embroidery-work-lehenga-choli-404487-3.jpg,3,Lilac Banarasi Silk Embroidered Lehenga Choli with Dupatta - View 3,,,,,,
banarasi-silk-lilac-occasional-wear-embroidery-work-lehenga-choli-404487,,,,,,,,,,,,,,,,,,,,,,https://luxemia.shop/images/products/lehengas/banarasi-silk-lilac-occasional-wear-embroidery-work-lehenga-choli-404487-4.jpg,4,Lilac Banarasi Silk Embroidered Lehenga Choli with Dupatta - View 4,,,,,,
banarasi-silk-lilac-occasional-wear-embroidery-work-lehenga-choli-404487,,,,,,,,,,,,,,,,,,,,,,https://luxemia.shop/images/products/lehengas/banarasi-silk-lilac-occasional-wear-embroidery-work-lehenga-choli-404487-5.jpg,5,Lilac Banarasi Silk Embroidered Lehenga Choli with Dupatta - View 5,,,,,,
banarasi-silk-olive-green-occasional-wear-embroidery-work-lehenga-choli-404486,Olive Green Banarasi Silk Embroidered Lehenga Choli with Dupatta,"<p>Olive green embroidered lehenga choli with dupatta.</p>
<p>For occasional events — Navratri, Diwali, festivals, family functions.</p>
<p><strong>SET INCLUDES:</strong> Lehenga, choli, and dupatta.</p>
<p><strong>STITCHING OPTIONS:</strong></p>
<p>&nbsp;&nbsp;&bull; <strong>Standard Size S-XXL</strong> (+$23) — we stitch to a standard size before shipping.</p>
<p>&nbsp;&nbsp;&bull; <strong>Custom Stitching</strong> (+$37) — we stitch to your exact measurements (form emailed after order, 4-5 days extra).</p>
<p>&nbsp;&nbsp;&bull; <strong>Unstitched</strong> (+$0) — fabric shipped as-is, you arrange stitching locally.</p>
<p><strong>CARE:</strong> First Wash Dry Clean. Iron at moderate temperature.</p>
<p><strong>FABRIC:</strong> Pure Banarasi Silk (handwoven). Approx weight: 2 kg (lehenga set).</p>
<p><strong>SHIPPING:</strong> Ships within 2-3 days (processing). Standard delivery time varies by country. <strong>DHL Express delivers in 3-5 days</strong>. <strong>Free shipping is always Standard</strong> — DHL Express available at checkout for an additional fee.</p>
<p><strong>AVAILABILITY:</strong> <span style=""color:#1a7f37"">✓ In stock</span> — limited edition, available while supplier inventory lasts.</p>
<p><strong>QUESTIONS?</strong> Email <a href=""mailto:hello@luxemia.shop"">hello@luxemia.shop</a>, call <a href=""tel:+12153419990"">+1-215-341-9990</a>, or <a href=""https://wa.me/12153419990"" target=""_blank"">WhatsApp Mini</a> — I answer the phone myself in English, Hindi, or Gujarati.</p>
<p><strong>SEE ALSO:</strong> <a href=""https://luxemia.shop/returns"">Returns policy</a> | <a href=""https://luxemia.shop/size-guide"">Size guide</a> | <a href=""https://luxemia.shop/blog/how-to-measure-for-indian-ethnic-wear"">How to measure</a> | <a href=""https://luxemia.shop/lehengas"">Browse all lehengas</a></p>
<p>— Mini, founder of LuxeMia</p>",LuxeMia,Clothing,Lehenga Choli,"olive green,banarasi silk,occasional wear,embroidery work,lehenga,lehenga choli,indian ethnic wear,usa,ships from india,festive,navratri,in stock",TRUE,Stitching,Unstitched,Size,Standard,2000,shopify,10,deny,manual,177.17,227.13,TRUE,TRUE,ws-leh-016-UNS,https://luxemia.shop/images/products/lehengas/banarasi-silk-olive-green-occasional-wear-embroidery-work-lehenga-choli-404486-1.jpg,1,Olive Green Banarasi Silk Embroidered Lehenga Choli with Dupatta,FALSE,Olive Green Banarasi Silk Embroidered Lehenga Cho… | LuxeMia,Olive Green Banarasi Silk Embroidery lehenga choli for occasional — $177. Ships in 2-3 days. DHL Express 3-5 days. In stock.,active,https://luxemia.shop/images/products/lehengas/banarasi-silk-olive-green-occasional-wear-embroidery-work-lehenga-choli-404486-1.jpg,kg
banarasi-silk-olive-green-occasional-wear-embroidery-work-lehenga-choli-404486,,,,,,,,Stitching,Custom Measurements,Size,Standard,2000,shopify,10,deny,manual,213.84,263.80,TRUE,TRUE,ws-leh-016-CUS,,,,FALSE,,,,https://luxemia.shop/images/products/lehengas/banarasi-silk-olive-green-occasional-wear-embroidery-work-lehenga-choli-404486-1.jpg,kg
banarasi-silk-olive-green-occasional-wear-embroidery-work-lehenga-choli-404486,,,,,,,,Stitching,Standard Size,Size,S,2000,shopify,10,deny,manual,200.50,250.46,TRUE,TRUE,ws-leh-016-STA-S,,,,FALSE,,,,https://luxemia.shop/images/products/lehengas/banarasi-silk-olive-green-occasional-wear-embroidery-work-lehenga-choli-404486-1.jpg,kg
banarasi-silk-olive-green-occasional-wear-embroidery-work-lehenga-choli-404486,,,,,,,,Stitching,Standard Size,Size,M,2000,shopify,10,deny,manual,200.50,250.46,TRUE,TRUE,ws-leh-016-STA-M,,,,FALSE,,,,https://luxemia.shop/images/products/lehengas/banarasi-silk-olive-green-occasional-wear-embroidery-work-lehenga-choli-404486-1.jpg,kg
banarasi-silk-olive-green-occasional-wear-embroidery-work-lehenga-choli-404486,,,,,,,,Stitching,Standard Size,Size,L,2000,shopify,10,deny,manual,200.50,250.46,TRUE,TRUE,ws-leh-016-STA-L,,,,FALSE,,,,https://luxemia.shop/images/products/lehengas/banarasi-silk-olive-green-occasional-wear-embroidery-work-lehenga-choli-404486-1.jpg,kg
banarasi-silk-olive-green-occasional-wear-embroidery-work-lehenga-choli-404486,,,,,,,,Stitching,Standard Size,Size,XL,2000,shopify,10,deny,manual,200.50,250.46,TRUE,TRUE,ws-leh-016-STA-XL,,,,FALSE,,,,https://luxemia.shop/images/products/lehengas/banarasi-silk-olive-green-occasional-wear-embroidery-work-lehenga-choli-404486-1.jpg,kg
banarasi-silk-olive-green-occasional-wear-embroidery-work-lehenga-choli-404486,,,,,,,,Stitching,Standard Size,Size,XXL,2000,shopify,10,deny,manual,200.50,250.46,TRUE,TRUE,ws-leh-016-STA-XXL,,,,FALSE,,,,https://luxemia.shop/images/products/lehengas/banarasi-silk-olive-green-occasional-wear-embroidery-work-lehenga-choli-404486-1.jpg,kg
banarasi-silk-olive-green-occasional-wear-embroidery-work-lehenga-choli-404486,,,,,,,,,,,,,,,,,,,,,,https://luxemia.shop/images/products/lehengas/banarasi-silk-olive-green-occasional-wear-embroidery-work-lehenga-choli-404486-2.jpg,2,Olive Green Banarasi Silk Embroidered Lehenga Choli with Dupatta - View 2,,,,,,
banarasi-silk-olive-green-occasional-wear-embroidery-work-lehenga-choli-404486,,,,,,,,,,,,,,,,,,,,,,https://luxemia.shop/images/products/lehengas/banarasi-silk-olive-green-occasional-wear-embroidery-work-lehenga-choli-404486-3.jpg,3,Olive Green Banarasi Silk Embroidered Lehenga Choli with Dupatta - View 3,,,,,,
banarasi-silk-olive-green-occasional-wear-embroidery-work-lehenga-choli-404486,,,,,,,,,,,,,,,,,,,,,,https://luxemia.shop/images/products/lehengas/banarasi-silk-olive-green-occasional-wear-embroidery-work-lehenga-choli-404486-4.jpg,4,Olive Green Banarasi Silk Embroidered Lehenga Choli with Dupatta - View 4,,,,,,
banarasi-silk-olive-green-occasional-wear-embroidery-work-lehenga-choli-404486,,,,,,,,,,,,,,,,,,,,,,https://luxemia.shop/images/products/lehengas/banarasi-silk-olive-green-occasional-wear-embroidery-work-lehenga-choli-404486-5.jpg,5,Olive Green Banarasi Silk Embroidered Lehenga Choli with Dupatta - View 5,,,,,,
banarasi-silk-purple-occasional-wear-embroidery-work-lehenga-choli-404485,Purple Banarasi Silk Folk Motifs Embroidery Lehenga Choli with Dupatta,"<p>Purple embroidered lehenga choli with dupatta.</p>
<p>For occasional events — Navratri, Diwali, festivals, family functions.</p>
<p><strong>SET INCLUDES:</strong> Lehenga, choli, and dupatta.</p>
<p><strong>STITCHING OPTIONS:</strong></p>
<p>&nbsp;&nbsp;&bull; <strong>Standard Size S-XXL</strong> (+$23) — we stitch to a standard size before shipping.</p>
<p>&nbsp;&nbsp;&bull; <strong>Custom Stitching</strong> (+$37) — we stitch to your exact measurements (form emailed after order, 4-5 days extra).</p>
<p>&nbsp;&nbsp;&bull; <strong>Unstitched</strong> (+$0) — fabric shipped as-is, you arrange stitching locally.</p>
<p><strong>CARE:</strong> First Wash Dry Clean. Iron at moderate temperature.</p>
<p><strong>FABRIC:</strong> Pure Banarasi Silk (handwoven). Approx weight: 2 kg (lehenga set).</p>
<p><strong>SHIPPING:</strong> Ships within 2-3 days (processing). Standard delivery time varies by country. <strong>DHL Express delivers in 3-5 days</strong>. <strong>Free shipping is always Standard</strong> — DHL Express available at checkout for an additional fee.</p>
<p><strong>AVAILABILITY:</strong> <span style=""color:#1a7f37"">✓ In stock</span> — limited edition, available while supplier inventory lasts.</p>
<p><strong>QUESTIONS?</strong> Email <a href=""mailto:hello@luxemia.shop"">hello@luxemia.shop</a>, call <a href=""tel:+12153419990"">+1-215-341-9990</a>, or <a href=""https://wa.me/12153419990"" target=""_blank"">WhatsApp Mini</a> — I answer the phone myself in English, Hindi, or Gujarati.</p>
<p><strong>SEE ALSO:</strong> <a href=""https://luxemia.shop/returns"">Returns policy</a> | <a href=""https://luxemia.shop/size-guide"">Size guide</a> | <a href=""https://luxemia.shop/blog/how-to-measure-for-indian-ethnic-wear"">How to measure</a> | <a href=""https://luxemia.shop/lehengas"">Browse all lehengas</a></p>
<p>— Mini, founder of LuxeMia</p>",LuxeMia,Clothing,Lehenga Choli,"purple,banarasi silk,occasional wear,embroidery work,lehenga,lehenga choli,indian ethnic wear,usa,ships from india,festive,navratri,in stock",TRUE,Stitching,Unstitched,Size,Standard,2000,shopify,10,deny,manual,177.17,227.13,TRUE,TRUE,ws-leh-017-UNS,https://luxemia.shop/images/products/lehengas/banarasi-silk-purple-occasional-wear-embroidery-work-lehenga-choli-404485-1.jpg,1,Purple Banarasi Silk Folk Motifs Embroidery Lehenga Choli with Dupatta,FALSE,Purple Banarasi Silk Folk Motifs Embroidery Lehen… | LuxeMia,Purple Banarasi Silk Embroidery lehenga choli for occasional — $177. Ships in 2-3 days. DHL Express 3-5 days. In stock.,active,https://luxemia.shop/images/products/lehengas/banarasi-silk-purple-occasional-wear-embroidery-work-lehenga-choli-404485-1.jpg,kg
banarasi-silk-purple-occasional-wear-embroidery-work-lehenga-choli-404485,,,,,,,,Stitching,Custom Measurements,Size,Standard,2000,shopify,10,deny,manual,213.84,263.80,TRUE,TRUE,ws-leh-017-CUS,,,,FALSE,,,,https://luxemia.shop/images/products/lehengas/banarasi-silk-purple-occasional-wear-embroidery-work-lehenga-choli-404485-1.jpg,kg
banarasi-silk-purple-occasional-wear-embroidery-work-lehenga-choli-404485,,,,,,,,Stitching,Standard Size,Size,S,2000,shopify,10,deny,manual,200.50,250.46,TRUE,TRUE,ws-leh-017-STA-S,,,,FALSE,,,,https://luxemia.shop/images/products/lehengas/banarasi-silk-purple-occasional-wear-embroidery-work-lehenga-choli-404485-1.jpg,kg
banarasi-silk-purple-occasional-wear-embroidery-work-lehenga-choli-404485,,,,,,,,Stitching,Standard Size,Size,M,2000,shopify,10,deny,manual,200.50,250.46,TRUE,TRUE,ws-leh-017-STA-M,,,,FALSE,,,,https://luxemia.shop/images/products/lehengas/banarasi-silk-purple-occasional-wear-embroidery-work-lehenga-choli-404485-1.jpg,kg
banarasi-silk-purple-occasional-wear-embroidery-work-lehenga-choli-404485,,,,,,,,Stitching,Standard Size,Size,L,2000,shopify,10,deny,manual,200.50,250.46,TRUE,TRUE,ws-leh-017-STA-L,,,,FALSE,,,,https://luxemia.shop/images/products/lehengas/banarasi-silk-purple-occasional-wear-embroidery-work-lehenga-choli-404485-1.jpg,kg
banarasi-silk-purple-occasional-wear-embroidery-work-lehenga-choli-404485,,,,,,,,Stitching,Standard Size,Size,XL,2000,shopify,10,deny,manual,200.50,250.46,TRUE,TRUE,ws-leh-017-STA-XL,,,,FALSE,,,,https://luxemia.shop/images/products/lehengas/banarasi-silk-purple-occasional-wear-embroidery-work-lehenga-choli-404485-1.jpg,kg
banarasi-silk-purple-occasional-wear-embroidery-work-lehenga-choli-404485,,,,,,,,Stitching,Standard Size,Size,XXL,2000,shopify,10,deny,manual,200.50,250.46,TRUE,TRUE,ws-leh-017-STA-XXL,,,,FALSE,,,,https://luxemia.shop/images/products/lehengas/banarasi-silk-purple-occasional-wear-embroidery-work-lehenga-choli-404485-1.jpg,kg
banarasi-silk-purple-occasional-wear-embroidery-work-lehenga-choli-404485,,,,,,,,,,,,,,,,,,,,,,https://luxemia.shop/images/products/lehengas/banarasi-silk-purple-occasional-wear-embroidery-work-lehenga-choli-404485-2.jpg,2,Purple Banarasi Silk Folk Motifs Embroidery Lehenga Choli with Dupatta - View 2,,,,,,
banarasi-silk-purple-occasional-wear-embroidery-work-lehenga-choli-404485,,,,,,,,,,,,,,,,,,,,,,https://luxemia.shop/images/products/lehengas/banarasi-silk-purple-occasional-wear-embroidery-work-lehenga-choli-404485-3.jpg,3,Purple Banarasi Silk Folk Motifs Embroidery Lehenga Choli with Dupatta - View 3,,,,,,
banarasi-silk-purple-occasional-wear-embroidery-work-lehenga-choli-404485,,,,,,,,,,,,,,,,,,,,,,https://luxemia.shop/images/products/lehengas/banarasi-silk-purple-occasional-wear-embroidery-work-lehenga-choli-404485-4.jpg,4,Purple Banarasi Silk Folk Motifs Embroidery Lehenga Choli with Dupatta - View 4,,,,,,
banarasi-silk-rani-pink-occasional-wear-embroidery-work-lehenga-choli-404484,Rani Pink Banarasi Silk Embroidered Lehenga Choli with Dupatta,"<p>Rani pink embroidered lehenga choli with dupatta.</p>
<p>For occasional events — Navratri, Diwali, festivals, family functions.</p>
<p><strong>SET INCLUDES:</strong> Lehenga, choli, and dupatta.</p>
<p><strong>STITCHING OPTIONS:</strong></p>
<p>&nbsp;&nbsp;&bull; <strong>Standard Size S-XXL</strong> (+$23) — we stitch to a standard size before shipping.</p>
<p>&nbsp;&nbsp;&bull; <strong>Custom Stitching</strong> (+$37) — we stitch to your exact measurements (form emailed after order, 4-5 days extra).</p>
<p>&nbsp;&nbsp;&bull; <strong>Unstitched</strong> (+$0) — fabric shipped as-is, you arrange stitching locally.</p>
<p><strong>CARE:</strong> First Wash Dry Clean. Iron at moderate temperature.</p>
<p><strong>FABRIC:</strong> Pure Banarasi Silk (handwoven). Approx weight: 2 kg (lehenga set).</p>
<p><strong>SHIPPING:</strong> Ships within 2-3 days (processing). Standard delivery time varies by country. <strong>DHL Express delivers in 3-5 days</strong>. <strong>Free shipping is always Standard</strong> — DHL Express available at checkout for an additional fee.</p>
<p><strong>AVAILABILITY:</strong> <span style=""color:#1a7f37"">✓ In stock</span> — limited edition, available while supplier inventory lasts.</p>
<p><strong>QUESTIONS?</strong> Email <a href=""mailto:hello@luxemia.shop"">hello@luxemia.shop</a>, call <a href=""tel:+12153419990"">+1-215-341-9990</a>, or <a href=""https://wa.me/12153419990"" target=""_blank"">WhatsApp Mini</a> — I answer the phone myself in English, Hindi, or Gujarati.</p>
<p><strong>SEE ALSO:</strong> <a href=""https://luxemia.shop/returns"">Returns policy</a> | <a href=""https://luxemia.shop/size-guide"">Size guide</a> | <a href=""https://luxemia.shop/blog/how-to-measure-for-indian-ethnic-wear"">How to measure</a> | <a href=""https://luxemia.shop/lehengas"">Browse all lehengas</a></p>
<p>— Mini, founder of LuxeMia</p>",LuxeMia,Clothing,Lehenga Choli,"rani pink,banarasi silk,occasional wear,embroidery work,lehenga,lehenga choli,indian ethnic wear,usa,ships from india,festive,navratri,in stock",TRUE,Stitching,Unstitched,Size,Standard,2000,shopify,10,deny,manual,177.17,227.13,TRUE,TRUE,ws-leh-018-UNS,https://luxemia.shop/images/products/lehengas/banarasi-silk-rani-pink-occasional-wear-embroidery-work-lehenga-choli-404484-1.jpg,1,Rani Pink Banarasi Silk Embroidered Lehenga Choli with Dupatta,FALSE,Rani Pink Banarasi Silk Embroidered Lehenga Choli… | LuxeMia,Rani Pink Banarasi Silk Embroidery lehenga choli for occasional — $177. Ships in 2-3 days. DHL Express 3-5 days. In stock.,active,https://luxemia.shop/images/products/lehengas/banarasi-silk-rani-pink-occasional-wear-embroidery-work-lehenga-choli-404484-1.jpg,kg
banarasi-silk-rani-pink-occasional-wear-embroidery-work-lehenga-choli-404484,,,,,,,,Stitching,Custom Measurements,Size,Standard,2000,shopify,10,deny,manual,213.84,263.80,TRUE,TRUE,ws-leh-018-CUS,,,,FALSE,,,,https://luxemia.shop/images/products/lehengas/banarasi-silk-rani-pink-occasional-wear-embroidery-work-lehenga-choli-404484-1.jpg,kg
banarasi-silk-rani-pink-occasional-wear-embroidery-work-lehenga-choli-404484,,,,,,,,Stitching,Standard Size,Size,S,2000,shopify,10,deny,manual,200.50,250.46,TRUE,TRUE,ws-leh-018-STA-S,,,,FALSE,,,,https://luxemia.shop/images/products/lehengas/banarasi-silk-rani-pink-occasional-wear-embroidery-work-lehenga-choli-404484-1.jpg,kg
banarasi-silk-rani-pink-occasional-wear-embroidery-work-lehenga-choli-404484,,,,,,,,Stitching,Standard Size,Size,M,2000,shopify,10,deny,manual,200.50,250.46,TRUE,TRUE,ws-leh-018-STA-M,,,,FALSE,,,,https://luxemia.shop/images/products/lehengas/banarasi-silk-rani-pink-occasional-wear-embroidery-work-lehenga-choli-404484-1.jpg,kg
banarasi-silk-rani-pink-occasional-wear-embroidery-work-lehenga-choli-404484,,,,,,,,Stitching,Standard Size,Size,L,2000,shopify,10,deny,manual,200.50,250.46,TRUE,TRUE,ws-leh-018-STA-L,,,,FALSE,,,,https://luxemia.shop/images/products/lehengas/banarasi-silk-rani-pink-occasional-wear-embroidery-work-lehenga-choli-404484-1.jpg,kg
banarasi-silk-rani-pink-occasional-wear-embroidery-work-lehenga-choli-404484,,,,,,,,Stitching,Standard Size,Size,XL,2000,shopify,10,deny,manual,200.50,250.46,TRUE,TRUE,ws-leh-018-STA-XL,,,,FALSE,,,,https://luxemia.shop/images/products/lehengas/banarasi-silk-rani-pink-occasional-wear-embroidery-work-lehenga-choli-404484-1.jpg,kg
banarasi-silk-rani-pink-occasional-wear-embroidery-work-lehenga-choli-404484,,,,,,,,Stitching,Standard Size,Size,XXL,2000,shopify,10,deny,manual,200.50,250.46,TRUE,TRUE,ws-leh-018-STA-XXL,,,,FALSE,,,,https://luxemia.shop/images/products/lehengas/banarasi-silk-rani-pink-occasional-wear-embroidery-work-lehenga-choli-404484-1.jpg,kg
banarasi-silk-rani-pink-occasional-wear-embroidery-work-lehenga-choli-404484,,,,,,,,,,,,,,,,,,,,,,https://luxemia.shop/images/products/lehengas/banarasi-silk-rani-pink-occasional-wear-embroidery-work-lehenga-choli-404484-2.jpg,2,Rani Pink Banarasi Silk Embroidered Lehenga Choli with Dupatta - View 2,,,,,,
banarasi-silk-rani-pink-occasional-wear-embroidery-work-lehenga-choli-404484,,,,,,,,,,,,,,,,,,,,,,https://luxemia.shop/images/products/lehengas/banarasi-silk-rani-pink-occasional-wear-embroidery-work-lehenga-choli-404484-3.jpg,3,Rani Pink Banarasi Silk Embroidered Lehenga Choli with Dupatta - View 3,,,,,,
banarasi-silk-rani-pink-occasional-wear-embroidery-work-lehenga-choli-404484,,,,,,,,,,,,,,,,,,,,,,https://luxemia.shop/images/products/lehengas/banarasi-silk-rani-pink-occasional-wear-embroidery-work-lehenga-choli-404484-4.jpg,4,Rani Pink Banarasi Silk Embroidered Lehenga Choli with Dupatta - View 4,,,,,,
banarasi-silk-rani-pink-occasional-wear-embroidery-work-lehenga-choli-404484,,,,,,,,,,,,,,,,,,,,,,https://luxemia.shop/images/products/lehengas/banarasi-silk-rani-pink-occasional-wear-embroidery-work-lehenga-choli-404484-5.jpg,5,Rani Pink Banarasi Silk Embroidered Lehenga Choli with Dupatta - View 5,,,,,,
banarasi-silk-cream-occasional-wear-embroidery-work-lehenga-choli-404483,Cream Banarasi Silk Floral Folk Motifs Lehenga Choli with Dupatta,"<p>Cream embroidered lehenga choli with dupatta.</p>
<p>For occasional events — Navratri, Diwali, festivals, family functions.</p>
<p><strong>SET INCLUDES:</strong> Lehenga, choli, and dupatta.</p>
<p><strong>STITCHING OPTIONS:</strong></p>
<p>&nbsp;&nbsp;&bull; <strong>Standard Size S-XXL</strong> (+$23) — we stitch to a standard size before shipping.</p>
<p>&nbsp;&nbsp;&bull; <strong>Custom Stitching</strong> (+$37) — we stitch to your exact measurements (form emailed after order, 4-5 days extra).</p>
<p>&nbsp;&nbsp;&bull; <strong>Unstitched</strong> (+$0) — fabric shipped as-is, you arrange stitching locally.</p>
<p><strong>CARE:</strong> First Wash Dry Clean. Iron at moderate temperature.</p>
<p><strong>FABRIC:</strong> Pure Banarasi Silk (handwoven). Approx weight: 2 kg (lehenga set).</p>
<p><strong>SHIPPING:</strong> Ships within 2-3 days (processing). Standard delivery time varies by country. <strong>DHL Express delivers in 3-5 days</strong>. <strong>Free shipping is always Standard</strong> — DHL Express available at checkout for an additional fee.</p>
<p><strong>AVAILABILITY:</strong> <span style=""color:#1a7f37"">✓ In stock</span> — limited edition, available while supplier inventory lasts.</p>
<p><strong>QUESTIONS?</strong> Email <a href=""mailto:hello@luxemia.shop"">hello@luxemia.shop</a>, call <a href=""tel:+12153419990"">+1-215-341-9990</a>, or <a href=""https://wa.me/12153419990"" target=""_blank"">WhatsApp Mini</a> — I answer the phone myself in English, Hindi, or Gujarati.</p>
<p><strong>SEE ALSO:</strong> <a href=""https://luxemia.shop/returns"">Returns policy</a> | <a href=""https://luxemia.shop/size-guide"">Size guide</a> | <a href=""https://luxemia.shop/blog/how-to-measure-for-indian-ethnic-wear"">How to measure</a> | <a href=""https://luxemia.shop/lehengas"">Browse all lehengas</a></p>
<p>— Mini, founder of LuxeMia</p>",LuxeMia,Clothing,Lehenga Choli,"cream,banarasi silk,occasional wear,embroidery work,lehenga,lehenga choli,indian ethnic wear,usa,ships from india,festive,navratri,in stock",TRUE,Stitching,Unstitched,Size,Standard,2000,shopify,10,deny,manual,177.17,227.13,TRUE,TRUE,ws-leh-019-UNS,https://luxemia.shop/images/products/lehengas/banarasi-silk-cream-occasional-wear-embroidery-work-lehenga-choli-404483-1.jpg,1,Cream Banarasi Silk Floral Folk Motifs Lehenga Choli with Dupatta,FALSE,Cream Banarasi Silk Floral Folk Motifs Lehenga Ch… | LuxeMia,Cream Banarasi Silk Embroidery lehenga choli for occasional — $177. Ships in 2-3 days. DHL Express 3-5 days. In stock.,active,https://luxemia.shop/images/products/lehengas/banarasi-silk-cream-occasional-wear-embroidery-work-lehenga-choli-404483-1.jpg,kg
banarasi-silk-cream-occasional-wear-embroidery-work-lehenga-choli-404483,,,,,,,,Stitching,Custom Measurements,Size,Standard,2000,shopify,10,deny,manual,213.84,263.80,TRUE,TRUE,ws-leh-019-CUS,,,,FALSE,,,,https://luxemia.shop/images/products/lehengas/banarasi-silk-cream-occasional-wear-embroidery-work-lehenga-choli-404483-1.jpg,kg
banarasi-silk-cream-occasional-wear-embroidery-work-lehenga-choli-404483,,,,,,,,Stitching,Standard Size,Size,S,2000,shopify,10,deny,manual,200.50,250.46,TRUE,TRUE,ws-leh-019-STA-S,,,,FALSE,,,,https://luxemia.shop/images/products/lehengas/banarasi-silk-cream-occasional-wear-embroidery-work-lehenga-choli-404483-1.jpg,kg
banarasi-silk-cream-occasional-wear-embroidery-work-lehenga-choli-404483,,,,,,,,Stitching,Standard Size,Size,M,2000,shopify,10,deny,manual,200.50,250.46,TRUE,TRUE,ws-leh-019-STA-M,,,,FALSE,,,,https://luxemia.shop/images/products/lehengas/banarasi-silk-cream-occasional-wear-embroidery-work-lehenga-choli-404483-1.jpg,kg
banarasi-silk-cream-occasional-wear-embroidery-work-lehenga-choli-404483,,,,,,,,Stitching,Standard Size,Size,L,2000,shopify,10,deny,manual,200.50,250.46,TRUE,TRUE,ws-leh-019-STA-L,,,,FALSE,,,,https://luxemia.shop/images/products/lehengas/banarasi-silk-cream-occasional-wear-embroidery-work-lehenga-choli-404483-1.jpg,kg
banarasi-silk-cream-occasional-wear-embroidery-work-lehenga-choli-404483,,,,,,,,Stitching,Standard Size,Size,XL,2000,shopify,10,deny,manual,200.50,250.46,TRUE,TRUE,ws-leh-019-STA-XL,,,,FALSE,,,,https://luxemia.shop/images/products/lehengas/banarasi-silk-cream-occasional-wear-embroidery-work-lehenga-choli-404483-1.jpg,kg
banarasi-silk-cream-occasional-wear-embroidery-work-lehenga-choli-404483,,,,,,,,Stitching,Standard Size,Size,XXL,2000,shopify,10,deny,manual,200.50,250.46,TRUE,TRUE,ws-leh-019-STA-XXL,,,,FALSE,,,,https://luxemia.shop/images/products/lehengas/banarasi-silk-cream-occasional-wear-embroidery-work-lehenga-choli-404483-1.jpg,kg
banarasi-silk-cream-occasional-wear-embroidery-work-lehenga-choli-404483,,,,,,,,,,,,,,,,,,,,,,https://luxemia.shop/images/products/lehengas/banarasi-silk-cream-occasional-wear-embroidery-work-lehenga-choli-404483-2.jpg,2,Cream Banarasi Silk Floral Folk Motifs Lehenga Choli with Dupatta - View 2,,,,,,
banarasi-silk-cream-occasional-wear-embroidery-work-lehenga-choli-404483,,,,,,,,,,,,,,,,,,,,,,https://luxemia.shop/images/products/lehengas/banarasi-silk-cream-occasional-wear-embroidery-work-lehenga-choli-404483-3.jpg,3,Cream Banarasi Silk Floral Folk Motifs Lehenga Choli with Dupatta - View 3,,,,,,
banarasi-silk-cream-occasional-wear-embroidery-work-lehenga-choli-404483,,,,,,,,,,,,,,,,,,,,,,https://luxemia.shop/images/products/lehengas/banarasi-silk-cream-occasional-wear-embroidery-work-lehenga-choli-404483-4.jpg,4,Cream Banarasi Silk Floral Folk Motifs Lehenga Choli with Dupatta - View 4,,,,,,
banarasi-silk-cream-occasional-wear-embroidery-work-lehenga-choli-404483,,,,,,,,,,,,,,,,,,,,,,https://luxemia.shop/images/products/lehengas/banarasi-silk-cream-occasional-wear-embroidery-work-lehenga-choli-404483-5.jpg,5,Cream Banarasi Silk Floral Folk Motifs Lehenga Choli with Dupatta - View 5,,,,,,
banarasi-silk-peach-occasional-wear-embroidery-work-lehenga-choli-404482,Peach Banarasi Silk Embroidered Lehenga Choli with Dupatta,"<p>Peach embroidered lehenga choli with dupatta.</p>
<p>For occasional events — Navratri, Diwali, festivals, family functions.</p>
<p><strong>SET INCLUDES:</strong> Lehenga, choli, and dupatta.</p>
<p><strong>STITCHING OPTIONS:</strong></p>
<p>&nbsp;&nbsp;&bull; <strong>Standard Size S-XXL</strong> (+$23) — we stitch to a standard size before shipping.</p>
<p>&nbsp;&nbsp;&bull; <strong>Custom Stitching</strong> (+$37) — we stitch to your exact measurements (form emailed after order, 4-5 days extra).</p>
<p>&nbsp;&nbsp;&bull; <strong>Unstitched</strong> (+$0) — fabric shipped as-is, you arrange stitching locally.</p>
<p><strong>CARE:</strong> First Wash Dry Clean. Iron at moderate temperature.</p>
<p><strong>FABRIC:</strong> Pure Banarasi Silk (handwoven). Approx weight: 2 kg (lehenga set).</p>
<p><strong>SHIPPING:</strong> Ships within 2-3 days (processing). Standard delivery time varies by country. <strong>DHL Express delivers in 3-5 days</strong>. <strong>Free shipping is always Standard</strong> — DHL Express available at checkout for an additional fee.</p>
<p><strong>AVAILABILITY:</strong> <span style=""color:#1a7f37"">✓ In stock</span> — limited edition, available while supplier inventory lasts.</p>
<p><strong>QUESTIONS?</strong> Email <a href=""mailto:hello@luxemia.shop"">hello@luxemia.shop</a>, call <a href=""tel:+12153419990"">+1-215-341-9990</a>, or <a href=""https://wa.me/12153419990"" target=""_blank"">WhatsApp Mini</a> — I answer the phone myself in English, Hindi, or Gujarati.</p>
<p><strong>SEE ALSO:</strong> <a href=""https://luxemia.shop/returns"">Returns policy</a> | <a href=""https://luxemia.shop/size-guide"">Size guide</a> | <a href=""https://luxemia.shop/blog/how-to-measure-for-indian-ethnic-wear"">How to measure</a> | <a href=""https://luxemia.shop/lehengas"">Browse all lehengas</a></p>
<p>— Mini, founder of LuxeMia</p>",LuxeMia,Clothing,Lehenga Choli,"peach,banarasi silk,occasional wear,embroidery work,lehenga,lehenga choli,indian ethnic wear,usa,ships from india,festive,navratri,in stock",TRUE,Stitching,Unstitched,Size,Standard,2000,shopify,10,deny,manual,177.17,227.13,TRUE,TRUE,ws-leh-020-UNS,https://luxemia.shop/images/products/lehengas/banarasi-silk-peach-occasional-wear-embroidery-work-lehenga-choli-404482-1.jpg,1,Peach Banarasi Silk Embroidered Lehenga Choli with Dupatta,FALSE,Peach Banarasi Silk Embroidered Lehenga Choli wit… | LuxeMia,Peach Banarasi Silk Embroidery lehenga choli for occasional — $177. Ships in 2-3 days. DHL Express 3-5 days. In stock.,active,https://luxemia.shop/images/products/lehengas/banarasi-silk-peach-occasional-wear-embroidery-work-lehenga-choli-404482-1.jpg,kg
banarasi-silk-peach-occasional-wear-embroidery-work-lehenga-choli-404482,,,,,,,,Stitching,Custom Measurements,Size,Standard,2000,shopify,10,deny,manual,213.84,263.80,TRUE,TRUE,ws-leh-020-CUS,,,,FALSE,,,,https://luxemia.shop/images/products/lehengas/banarasi-silk-peach-occasional-wear-embroidery-work-lehenga-choli-404482-1.jpg,kg
banarasi-silk-peach-occasional-wear-embroidery-work-lehenga-choli-404482,,,,,,,,Stitching,Standard Size,Size,S,2000,shopify,10,deny,manual,200.50,250.46,TRUE,TRUE,ws-leh-020-STA-S,,,,FALSE,,,,https://luxemia.shop/images/products/lehengas/banarasi-silk-peach-occasional-wear-embroidery-work-lehenga-choli-404482-1.jpg,kg
banarasi-silk-peach-occasional-wear-embroidery-work-lehenga-choli-404482,,,,,,,,Stitching,Standard Size,Size,M,2000,shopify,10,deny,manual,200.50,250.46,TRUE,TRUE,ws-leh-020-STA-M,,,,FALSE,,,,https://luxemia.shop/images/products/lehengas/banarasi-silk-peach-occasional-wear-embroidery-work-lehenga-choli-404482-1.jpg,kg
banarasi-silk-peach-occasional-wear-embroidery-work-lehenga-choli-404482,,,,,,,,Stitching,Standard Size,Size,L,2000,shopify,10,deny,manual,200.50,250.46,TRUE,TRUE,ws-leh-020-STA-L,,,,FALSE,,,,https://luxemia.shop/images/products/lehengas/banarasi-silk-peach-occasional-wear-embroidery-work-lehenga-choli-404482-1.jpg,kg
banarasi-silk-peach-occasional-wear-embroidery-work-lehenga-choli-404482,,,,,,,,Stitching,Standard Size,Size,XL,2000,shopify,10,deny,manual,200.50,250.46,TRUE,TRUE,ws-leh-020-STA-XL,,,,FALSE,,,,https://luxemia.shop/images/products/lehengas/banarasi-silk-peach-occasional-wear-embroidery-work-lehenga-choli-404482-1.jpg,kg
banarasi-silk-peach-occasional-wear-embroidery-work-lehenga-choli-404482,,,,,,,,Stitching,Standard Size,Size,XXL,2000,shopify,10,deny,manual,200.50,250.46,TRUE,TRUE,ws-leh-020-STA-XXL,,,,FALSE,,,,https://luxemia.shop/images/products/lehengas/banarasi-silk-peach-occasional-wear-embroidery-work-lehenga-choli-404482-1.jpg,kg
banarasi-silk-peach-occasional-wear-embroidery-work-lehenga-choli-404482,,,,,,,,,,,,,,,,,,,,,,https://luxemia.shop/images/products/lehengas/banarasi-silk-peach-occasional-wear-embroidery-work-lehenga-choli-404482-2.jpg,2,Peach Banarasi Silk Embroidered Lehenga Choli with Dupatta - View 2,,,,,,
banarasi-silk-peach-occasional-wear-embroidery-work-lehenga-choli-404482,,,,,,,,,,,,,,,,,,,,,,https://luxemia.shop/images/products/lehengas/banarasi-silk-peach-occasional-wear-embroidery-work-lehenga-choli-404482-3.jpg,3,Peach Banarasi Silk Embroidered Lehenga Choli with Dupatta - View 3,,,,,,
banarasi-silk-peach-occasional-wear-embroidery-work-lehenga-choli-404482,,,,,,,,,,,,,,,,,,,,,,https://luxemia.shop/images/products/lehengas/banarasi-silk-peach-occasional-wear-embroidery-work-lehenga-choli-404482-4.jpg,4,Peach Banarasi Silk Embroidered Lehenga Choli with Dupatta - View 4,,,,,,
banarasi-silk-peach-occasional-wear-embroidery-work-lehenga-choli-404482,,,,,,,,,,,,,,,,,,,,,,https://luxemia.shop/images/products/lehengas/banarasi-silk-peach-occasional-wear-embroidery-work-lehenga-choli-404482-5.jpg,5,Peach Banarasi Silk Embroidered Lehenga Choli with Dupatta - View 5,,,,,,
fendi-silk-olive-green-festival-wear-embroidery-work-readymade-lehenga-choli-404449,Olive Green Fendi Silk Mirror Work Lehenga Choli with Border,"<p>Olive green embroidered lehenga choli with dupatta.</p>
<p>For festival events — Navratri, Diwali, festivals, family functions.</p>
<p><strong>SET INCLUDES:</strong> Lehenga, choli, and dupatta.</p>
<p><strong>STITCHING:</strong> Pre-stitched readymade.</p>
<p><strong>ALTERATIONS:</strong> We offer alterations to your desired measurements for an additional fee. Email <a href=""mailto:hello@luxemia.shop?subject=Alteration%20request%20for%20ws-leh-021"">hello@luxemia.shop</a> after ordering with your measurements.</p>
<p><strong>CARE:</strong> First Wash Dry Clean. Iron at moderate temperature.</p>
<p><strong>FABRIC:</strong> Fendi Silk (synthetic blend). Approx weight: 2 kg (lehenga set).</p>
<p><strong>SHIPPING:</strong> Ships within 2-3 days (processing). Standard delivery time varies by country. <strong>DHL Express delivers in 3-5 days</strong>. <strong>Free shipping is always Standard</strong> — DHL Express available at checkout for an additional fee.</p>
<p><strong>AVAILABILITY:</strong> <span style=""color:#1a7f37"">✓ In stock</span> — limited edition, available while supplier inventory lasts.</p>
<p><strong>QUESTIONS?</strong> Email <a href=""mailto:hello@luxemia.shop"">hello@luxemia.shop</a>, call <a href=""tel:+12153419990"">+1-215-341-9990</a>, or <a href=""https://wa.me/12153419990"" target=""_blank"">WhatsApp Mini</a> — I answer the phone myself in English, Hindi, or Gujarati.</p>
<p><strong>SEE ALSO:</strong> <a href=""https://luxemia.shop/returns"">Returns policy</a> | <a href=""https://luxemia.shop/size-guide"">Size guide</a> | <a href=""https://luxemia.shop/blog/how-to-measure-for-indian-ethnic-wear"">How to measure</a> | <a href=""https://luxemia.shop/lehengas"">Browse all lehengas</a></p>
<p>— Mini, founder of LuxeMia</p>",LuxeMia,Clothing,Lehenga Choli,"olive green,fendi silk,festival wear,embroidery work,lehenga,lehenga choli,indian ethnic wear,usa,ships from india,festive,navratri,in stock",TRUE,Stitching,Readymade,Size,"Bust 40""",2000,shopify,10,deny,manual,52.11,66.80,TRUE,TRUE,ws-leh-021-REA-BUST-40,https://luxemia.shop/images/products/lehengas/fendi-silk-olive-green-festival-wear-embroidery-work-readymade-lehenga-choli-404449-1.jpg,1,Olive Green Fendi Silk Mirror Work Lehenga Choli with Border,FALSE,Olive Green Fendi Silk Mirror Work Lehenga Choli … | LuxeMia,Olive Green Fendi Silk Embroidery lehenga choli for festival — $52. Ships in 2-3 days. DHL Express 3-5 days. In stock.,active,https://luxemia.shop/images/products/lehengas/fendi-silk-olive-green-festival-wear-embroidery-work-readymade-lehenga-choli-404449-1.jpg,kg
fendi-silk-olive-green-festival-wear-embroidery-work-readymade-lehenga-choli-404449,,,,,,,,Stitching,Readymade,Size,"Bust 42""",2000,shopify,10,deny,manual,52.11,66.80,TRUE,TRUE,ws-leh-021-REA-BUST-42,,,,FALSE,,,,https://luxemia.shop/images/products/lehengas/fendi-silk-olive-green-festival-wear-embroidery-work-readymade-lehenga-choli-404449-1.jpg,kg
fendi-silk-olive-green-festival-wear-embroidery-work-readymade-lehenga-choli-404449,,,,,,,,,,,,,,,,,,,,,,https://luxemia.shop/images/products/lehengas/fendi-silk-olive-green-festival-wear-embroidery-work-readymade-lehenga-choli-404449-2.jpg,2,Olive Green Fendi Silk Mirror Work Lehenga Choli with Border - View 2,,,,,,
fendi-silk-olive-green-festival-wear-embroidery-work-readymade-lehenga-choli-404449,,,,,,,,,,,,,,,,,,,,,,https://luxemia.shop/images/products/lehengas/fendi-silk-olive-green-festival-wear-embroidery-work-readymade-lehenga-choli-404449-3.jpg,3,Olive Green Fendi Silk Mirror Work Lehenga Choli with Border - View 3,,,,,,
fendi-silk-olive-green-festival-wear-embroidery-work-readymade-lehenga-choli-404449,,,,,,,,,,,,,,,,,,,,,,https://luxemia.shop/images/products/lehengas/fendi-silk-olive-green-festival-wear-embroidery-work-readymade-lehenga-choli-404449-4.jpg,4,Olive Green Fendi Silk Mirror Work Lehenga Choli with Border - View 4,,,,,,
fendi-silk-olive-green-festival-wear-embroidery-work-readymade-lehenga-choli-404449,,,,,,,,,,,,,,,,,,,,,,https://luxemia.shop/images/products/lehengas/fendi-silk-olive-green-festival-wear-embroidery-work-readymade-lehenga-choli-404449-5.jpg,5,Olive Green Fendi Silk Mirror Work Lehenga Choli with Border - View 5,,,,,,
cotton-multicolor-festival-wear-mirror-work-navratri-lehenga-choli-404441,Multi-color Cotton Mirror Lehenga Choli - Maroon Border,"<p>Multi-color mirror work lehenga choli with dupatta.</p>
<p>For festival events — Navratri, Diwali, festivals, family functions.</p>
<p><strong>SET INCLUDES:</strong> Lehenga, choli, and dupatta.</p>
<p><strong>STITCHING OPTIONS:</strong></p>
<p>&nbsp;&nbsp;&bull; <strong>Standard Size S-XXL</strong> (+$23) — we stitch to a standard size before shipping.</p>
<p>&nbsp;&nbsp;&bull; <strong>Custom Stitching</strong> (+$37) — we stitch to your exact measurements (form emailed after order, 4-5 days extra).</p>
<p>&nbsp;&nbsp;&bull; <strong>Unstitched</strong> (+$0) — fabric shipped as-is, you arrange stitching locally.</p>
<p><strong>CARE:</strong> First Wash Dry Clean. Iron at moderate temperature.</p>
<p><strong>FABRIC:</strong> Cotton (natural fiber). Approx weight: 2 kg (lehenga set).</p>
<p><strong>SHIPPING:</strong> Ships within 2-3 days (processing). Standard delivery time varies by country. <strong>DHL Express delivers in 3-5 days</strong>. <strong>Free shipping is always Standard</strong> — DHL Express available at checkout for an additional fee.</p>
<p><strong>AVAILABILITY:</strong> <span style=""color:#1a7f37"">✓ In stock</span> — limited edition, available while supplier inventory lasts.</p>
<p><strong>QUESTIONS?</strong> Email <a href=""mailto:hello@luxemia.shop"">hello@luxemia.shop</a>, call <a href=""tel:+12153419990"">+1-215-341-9990</a>, or <a href=""https://wa.me/12153419990"" target=""_blank"">WhatsApp Mini</a> — I answer the phone myself in English, Hindi, or Gujarati.</p>
<p><strong>SEE ALSO:</strong> <a href=""https://luxemia.shop/returns"">Returns policy</a> | <a href=""https://luxemia.shop/size-guide"">Size guide</a> | <a href=""https://luxemia.shop/blog/how-to-measure-for-indian-ethnic-wear"">How to measure</a> | <a href=""https://luxemia.shop/lehengas"">Browse all lehengas</a></p>
<p>— Mini, founder of LuxeMia</p>",LuxeMia,Clothing,Lehenga Choli,"multi-color,cotton,festival wear,mirror work,lehenga,lehenga choli,indian ethnic wear,usa,ships from india,festive,navratri,in stock",TRUE,Stitching,Unstitched,Size,Standard,2000,shopify,10,deny,manual,53.22,68.24,TRUE,TRUE,ws-leh-022-UNS,https://luxemia.shop/images/products/lehengas/cotton-multicolor-festival-wear-mirror-work-navratri-lehenga-choli-404441-1.jpg,1,Multi-color Cotton Mirror Lehenga Choli - Maroon Border,FALSE,Multi-color Cotton Mirror Lehenga Choli - Maroon … | LuxeMia,Multi-color Cotton Mirror lehenga choli for festival — $53. Ships in 2-3 days. DHL Express 3-5 days. In stock.,active,https://luxemia.shop/images/products/lehengas/cotton-multicolor-festival-wear-mirror-work-navratri-lehenga-choli-404441-1.jpg,kg
cotton-multicolor-festival-wear-mirror-work-navratri-lehenga-choli-404441,,,,,,,,Stitching,Custom Measurements,Size,Standard,2000,shopify,10,deny,manual,89.89,104.91,TRUE,TRUE,ws-leh-022-CUS,,,,FALSE,,,,https://luxemia.shop/images/products/lehengas/cotton-multicolor-festival-wear-mirror-work-navratri-lehenga-choli-404441-1.jpg,kg
cotton-multicolor-festival-wear-mirror-work-navratri-lehenga-choli-404441,,,,,,,,Stitching,Standard Size,Size,S,2000,shopify,10,deny,manual,76.55,91.57,TRUE,TRUE,ws-leh-022-STA-S,,,,FALSE,,,,https://luxemia.shop/images/products/lehengas/cotton-multicolor-festival-wear-mirror-work-navratri-lehenga-choli-404441-1.jpg,kg
cotton-multicolor-festival-wear-mirror-work-navratri-lehenga-choli-404441,,,,,,,,Stitching,Standard Size,Size,M,2000,shopify,10,deny,manual,76.55,91.57,TRUE,TRUE,ws-leh-022-STA-M,,,,FALSE,,,,https://luxemia.shop/images/products/lehengas/cotton-multicolor-festival-wear-mirror-work-navratri-lehenga-choli-404441-1.jpg,kg
cotton-multicolor-festival-wear-mirror-work-navratri-lehenga-choli-404441,,,,,,,,Stitching,Standard Size,Size,L,2000,shopify,10,deny,manual,76.55,91.57,TRUE,TRUE,ws-leh-022-STA-L,,,,FALSE,,,,https://luxemia.shop/images/products/lehengas/cotton-multicolor-festival-wear-mirror-work-navratri-lehenga-choli-404441-1.jpg,kg
cotton-multicolor-festival-wear-mirror-work-navratri-lehenga-choli-404441,,,,,,,,Stitching,Standard Size,Size,XL,2000,shopify,10,deny,manual,76.55,91.57,TRUE,TRUE,ws-leh-022-STA-XL,,,,FALSE,,,,https://luxemia.shop/images/products/lehengas/cotton-multicolor-festival-wear-mirror-work-navratri-lehenga-choli-404441-1.jpg,kg
cotton-multicolor-festival-wear-mirror-work-navratri-lehenga-choli-404441,,,,,,,,Stitching,Standard Size,Size,XXL,2000,shopify,10,deny,manual,76.55,91.57,TRUE,TRUE,ws-leh-022-STA-XXL,,,,FALSE,,,,https://luxemia.shop/images/products/lehengas/cotton-multicolor-festival-wear-mirror-work-navratri-lehenga-choli-404441-1.jpg,kg
cotton-multicolor-festival-wear-mirror-work-navratri-lehenga-choli-404441,,,,,,,,,,,,,,,,,,,,,,https://luxemia.shop/images/products/lehengas/cotton-multicolor-festival-wear-mirror-work-navratri-lehenga-choli-404441-2.jpg,2,Multi-color Cotton Mirror Lehenga Choli - Maroon Border - View 2,,,,,,
cotton-multicolor-festival-wear-mirror-work-navratri-lehenga-choli-404441,,,,,,,,,,,,,,,,,,,,,,https://luxemia.shop/images/products/lehengas/cotton-multicolor-festival-wear-mirror-work-navratri-lehenga-choli-404441-3.jpg,3,Multi-color Cotton Mirror Lehenga Choli - Maroon Border - View 3,,,,,,
cotton-multicolor-festival-wear-mirror-work-navratri-lehenga-choli-404441,,,,,,,,,,,,,,,,,,,,,,https://luxemia.shop/images/products/lehengas/cotton-multicolor-festival-wear-mirror-work-navratri-lehenga-choli-404441-4.jpg,4,Multi-color Cotton Mirror Lehenga Choli - Maroon Border - View 4,,,,,,
cotton-multicolor-festival-wear-mirror-work-navratri-lehenga-choli-404441,,,,,,,,,,,,,,,,,,,,,,https://luxemia.shop/images/products/lehengas/cotton-multicolor-festival-wear-mirror-work-navratri-lehenga-choli-404441-5.jpg,5,Multi-color Cotton Mirror Lehenga Choli - Maroon Border - View 5,,,,,,
cotton-multicolor-festival-wear-digital-print-work-navratri-lehenga-choli-404440,Multi-color Cotton Bandhani Print Lehenga Choli with Dupatta,"<p>Multi-color digital print lehenga choli with dupatta.</p>
<p>For festival events — Navratri, Diwali, festivals, family functions.</p>
<p><strong>SET INCLUDES:</strong> Lehenga, choli, and dupatta.</p>
<p><strong>STITCHING OPTIONS:</strong></p>
<p>&nbsp;&nbsp;&bull; <strong>Standard Size S-XXL</strong> (+$23) — we stitch to a standard size before shipping.</p>
<p>&nbsp;&nbsp;&bull; <strong>Custom Stitching</strong> (+$37) — we stitch to your exact measurements (form emailed after order, 4-5 days extra).</p>
<p>&nbsp;&nbsp;&bull; <strong>Unstitched</strong> (+$0) — fabric shipped as-is, you arrange stitching locally.</p>
<p><strong>CARE:</strong> First Wash Dry Clean. Iron at moderate temperature.</p>
<p><strong>FABRIC:</strong> Cotton (natural fiber). Approx weight: 2 kg (lehenga set).</p>
<p><strong>SHIPPING:</strong> Ships within 2-3 days (processing). Standard delivery time varies by country. <strong>DHL Express delivers in 3-5 days</strong>. <strong>Free shipping is always Standard</strong> — DHL Express available at checkout for an additional fee.</p>
<p><strong>AVAILABILITY:</strong> <span style=""color:#1a7f37"">✓ In stock</span> — limited edition, available while supplier inventory lasts.</p>
<p><strong>QUESTIONS?</strong> Email <a href=""mailto:hello@luxemia.shop"">hello@luxemia.shop</a>, call <a href=""tel:+12153419990"">+1-215-341-9990</a>, or <a href=""https://wa.me/12153419990"" target=""_blank"">WhatsApp Mini</a> — I answer the phone myself in English, Hindi, or Gujarati.</p>
<p><strong>SEE ALSO:</strong> <a href=""https://luxemia.shop/returns"">Returns policy</a> | <a href=""https://luxemia.shop/size-guide"">Size guide</a> | <a href=""https://luxemia.shop/blog/how-to-measure-for-indian-ethnic-wear"">How to measure</a> | <a href=""https://luxemia.shop/lehengas"">Browse all lehengas</a></p>
<p>— Mini, founder of LuxeMia</p>",LuxeMia,Clothing,Lehenga Choli,"multi-color,cotton,festival wear,digital print work,lehenga,lehenga choli,indian ethnic wear,usa,ships from india,festive,navratri,in stock",TRUE,Stitching,Unstitched,Size,Standard,2000,shopify,10,deny,manual,54.33,69.67,TRUE,TRUE,ws-leh-023-UNS,https://luxemia.shop/images/products/lehengas/cotton-multicolor-festival-wear-digital-print-work-navratri-lehenga-choli-404440-1.jpg,1,Multi-color Cotton Bandhani Print Lehenga Choli with Dupatta,FALSE,Multi-color Cotton Bandhani Print Lehenga Choli w… | LuxeMia,Multi-color Cotton Digital Print lehenga choli for festival — $54. Ships in 2-3 days. DHL Express 3-5 days. In stock.,active,https://luxemia.shop/images/products/lehengas/cotton-multicolor-festival-wear-digital-print-work-navratri-lehenga-choli-404440-1.jpg,kg
cotton-multicolor-festival-wear-digital-print-work-navratri-lehenga-choli-404440,,,,,,,,Stitching,Custom Measurements,Size,Standard,2000,shopify,10,deny,manual,91.00,106.34,TRUE,TRUE,ws-leh-023-CUS,,,,FALSE,,,,https://luxemia.shop/images/products/lehengas/cotton-multicolor-festival-wear-digital-print-work-navratri-lehenga-choli-404440-1.jpg,kg
cotton-multicolor-festival-wear-digital-print-work-navratri-lehenga-choli-404440,,,,,,,,Stitching,Standard Size,Size,S,2000,shopify,10,deny,manual,77.66,93.00,TRUE,TRUE,ws-leh-023-STA-S,,,,FALSE,,,,https://luxemia.shop/images/products/lehengas/cotton-multicolor-festival-wear-digital-print-work-navratri-lehenga-choli-404440-1.jpg,kg
cotton-multicolor-festival-wear-digital-print-work-navratri-lehenga-choli-404440,,,,,,,,Stitching,Standard Size,Size,M,2000,shopify,10,deny,manual,77.66,93.00,TRUE,TRUE,ws-leh-023-STA-M,,,,FALSE,,,,https://luxemia.shop/images/products/lehengas/cotton-multicolor-festival-wear-digital-print-work-navratri-lehenga-choli-404440-1.jpg,kg
cotton-multicolor-festival-wear-digital-print-work-navratri-lehenga-choli-404440,,,,,,,,Stitching,Standard Size,Size,L,2000,shopify,10,deny,manual,77.66,93.00,TRUE,TRUE,ws-leh-023-STA-L,,,,FALSE,,,,https://luxemia.shop/images/products/lehengas/cotton-multicolor-festival-wear-digital-print-work-navratri-lehenga-choli-404440-1.jpg,kg
cotton-multicolor-festival-wear-digital-print-work-navratri-lehenga-choli-404440,,,,,,,,Stitching,Standard Size,Size,XL,2000,shopify,10,deny,manual,77.66,93.00,TRUE,TRUE,ws-leh-023-STA-XL,,,,FALSE,,,,https://luxemia.shop/images/products/lehengas/cotton-multicolor-festival-wear-digital-print-work-navratri-lehenga-choli-404440-1.jpg,kg
cotton-multicolor-festival-wear-digital-print-work-navratri-lehenga-choli-404440,,,,,,,,Stitching,Standard Size,Size,XXL,2000,shopify,10,deny,manual,77.66,93.00,TRUE,TRUE,ws-leh-023-STA-XXL,,,,FALSE,,,,https://luxemia.shop/images/products/lehengas/cotton-multicolor-festival-wear-digital-print-work-navratri-lehenga-choli-404440-1.jpg,kg
cotton-multicolor-festival-wear-digital-print-work-navratri-lehenga-choli-404440,,,,,,,,,,,,,,,,,,,,,,https://luxemia.shop/images/products/lehengas/cotton-multicolor-festival-wear-digital-print-work-navratri-lehenga-choli-404440-2.jpg,2,Multi-color Cotton Bandhani Print Lehenga Choli with Dupatta - View 2,,,,,,
cotton-multicolor-festival-wear-digital-print-work-navratri-lehenga-choli-404440,,,,,,,,,,,,,,,,,,,,,,https://luxemia.shop/images/products/lehengas/cotton-multicolor-festival-wear-digital-print-work-navratri-lehenga-choli-404440-3.jpg,3,Multi-color Cotton Bandhani Print Lehenga Choli with Dupatta - View 3,,,,,,
cotton-multicolor-festival-wear-digital-print-work-navratri-lehenga-choli-404440,,,,,,,,,,,,,,,,,,,,,,https://luxemia.shop/images/products/lehengas/cotton-multicolor-festival-wear-digital-print-work-navratri-lehenga-choli-404440-4.jpg,4,Multi-color Cotton Bandhani Print Lehenga Choli with Dupatta - View 4,,,,,,
cotton-multicolor-festival-wear-digital-print-work-navratri-lehenga-choli-404440,,,,,,,,,,,,,,,,,,,,,,https://luxemia.shop/images/products/lehengas/cotton-multicolor-festival-wear-digital-print-work-navratri-lehenga-choli-404440-5.jpg,5,Multi-color Cotton Bandhani Print Lehenga Choli with Dupatta - View 5,,,,,,
cotton-multicolor-festival-wear-mirror-work-navratri-lehenga-choli-404439,Multi-color Cotton Mirror Lehenga Choli - Pink Border,"<p>Multi-color mirror work lehenga choli with dupatta.</p>
<p>For festival events — Navratri, Diwali, festivals, family functions.</p>
<p><strong>SET INCLUDES:</strong> Lehenga, choli, and dupatta.</p>
<p><strong>STITCHING OPTIONS:</strong></p>
<p>&nbsp;&nbsp;&bull; <strong>Standard Size S-XXL</strong> (+$23) — we stitch to a standard size before shipping.</p>
<p>&nbsp;&nbsp;&bull; <strong>Custom Stitching</strong> (+$37) — we stitch to your exact measurements (form emailed after order, 4-5 days extra).</p>
<p>&nbsp;&nbsp;&bull; <strong>Unstitched</strong> (+$0) — fabric shipped as-is, you arrange stitching locally.</p>
<p><strong>CARE:</strong> First Wash Dry Clean. Iron at moderate temperature.</p>
<p><strong>FABRIC:</strong> Cotton (natural fiber). Approx weight: 2 kg (lehenga set).</p>
<p><strong>SHIPPING:</strong> Ships within 2-3 days (processing). Standard delivery time varies by country. <strong>DHL Express delivers in 3-5 days</strong>. <strong>Free shipping is always Standard</strong> — DHL Express available at checkout for an additional fee.</p>
<p><strong>AVAILABILITY:</strong> <span style=""color:#1a7f37"">✓ In stock</span> — limited edition, available while supplier inventory lasts.</p>
<p><strong>QUESTIONS?</strong> Email <a href=""mailto:hello@luxemia.shop"">hello@luxemia.shop</a>, call <a href=""tel:+12153419990"">+1-215-341-9990</a>, or <a href=""https://wa.me/12153419990"" target=""_blank"">WhatsApp Mini</a> — I answer the phone myself in English, Hindi, or Gujarati.</p>
<p><strong>SEE ALSO:</strong> <a href=""https://luxemia.shop/returns"">Returns policy</a> | <a href=""https://luxemia.shop/size-guide"">Size guide</a> | <a href=""https://luxemia.shop/blog/how-to-measure-for-indian-ethnic-wear"">How to measure</a> | <a href=""https://luxemia.shop/lehengas"">Browse all lehengas</a></p>
<p>— Mini, founder of LuxeMia</p>",LuxeMia,Clothing,Lehenga Choli,"multi-color,cotton,festival wear,mirror work,lehenga,lehenga choli,indian ethnic wear,usa,ships from india,festive,navratri,in stock",TRUE,Stitching,Unstitched,Size,Standard,2000,shopify,10,deny,manual,49.89,63.96,TRUE,TRUE,ws-leh-024-UNS,https://luxemia.shop/images/products/lehengas/cotton-multicolor-festival-wear-mirror-work-navratri-lehenga-choli-404439-1.jpg,1,Multi-color Cotton Mirror Lehenga Choli - Pink Border,FALSE,Multi-color Cotton Mirror Lehenga Choli - Pink Bo… | LuxeMia,Multi-color Cotton Mirror lehenga choli for festival — $50. Ships in 2-3 days. DHL Express 3-5 days. In stock.,active,https://luxemia.shop/images/products/lehengas/cotton-multicolor-festival-wear-mirror-work-navratri-lehenga-choli-404439-1.jpg,kg
cotton-multicolor-festival-wear-mirror-work-navratri-lehenga-choli-404439,,,,,,,,Stitching,Custom Measurements,Size,Standard,2000,shopify,10,deny,manual,86.56,100.63,TRUE,TRUE,ws-leh-024-CUS,,,,FALSE,,,,https://luxemia.shop/images/products/lehengas/cotton-multicolor-festival-wear-mirror-work-navratri-lehenga-choli-404439-1.jpg,kg
cotton-multicolor-festival-wear-mirror-work-navratri-lehenga-choli-404439,,,,,,,,Stitching,Standard Size,Size,S,2000,shopify,10,deny,manual,73.22,87.29,TRUE,TRUE,ws-leh-024-STA-S,,,,FALSE,,,,https://luxemia.shop/images/products/lehengas/cotton-multicolor-festival-wear-mirror-work-navratri-lehenga-choli-404439-1.jpg,kg
cotton-multicolor-festival-wear-mirror-work-navratri-lehenga-choli-404439,,,,,,,,Stitching,Standard Size,Size,M,2000,shopify,10,deny,manual,73.22,87.29,TRUE,TRUE,ws-leh-024-STA-M,,,,FALSE,,,,https://luxemia.shop/images/products/lehengas/cotton-multicolor-festival-wear-mirror-work-navratri-lehenga-choli-404439-1.jpg,kg
cotton-multicolor-festival-wear-mirror-work-navratri-lehenga-choli-404439,,,,,,,,Stitching,Standard Size,Size,L,2000,shopify,10,deny,manual,73.22,87.29,TRUE,TRUE,ws-leh-024-STA-L,,,,FALSE,,,,https://luxemia.shop/images/products/lehengas/cotton-multicolor-festival-wear-mirror-work-navratri-lehenga-choli-404439-1.jpg,kg
cotton-multicolor-festival-wear-mirror-work-navratri-lehenga-choli-404439,,,,,,,,Stitching,Standard Size,Size,XL,2000,shopify,10,deny,manual,73.22,87.29,TRUE,TRUE,ws-leh-024-STA-XL,,,,FALSE,,,,https://luxemia.shop/images/products/lehengas/cotton-multicolor-festival-wear-mirror-work-navratri-lehenga-choli-404439-1.jpg,kg
cotton-multicolor-festival-wear-mirror-work-navratri-lehenga-choli-404439,,,,,,,,Stitching,Standard Size,Size,XXL,2000,shopify,10,deny,manual,73.22,87.29,TRUE,TRUE,ws-leh-024-STA-XXL,,,,FALSE,,,,https://luxemia.shop/images/products/lehengas/cotton-multicolor-festival-wear-mirror-work-navratri-lehenga-choli-404439-1.jpg,kg
cotton-multicolor-festival-wear-mirror-work-navratri-lehenga-choli-404439,,,,,,,,,,,,,,,,,,,,,,https://luxemia.shop/images/products/lehengas/cotton-multicolor-festival-wear-mirror-work-navratri-lehenga-choli-404439-2.jpg,2,Multi-color Cotton Mirror Lehenga Choli - Pink Border - View 2,,,,,,
cotton-multicolor-festival-wear-mirror-work-navratri-lehenga-choli-404439,,,,,,,,,,,,,,,,,,,,,,https://luxemia.shop/images/products/lehengas/cotton-multicolor-festival-wear-mirror-work-navratri-lehenga-choli-404439-3.jpg,3,Multi-color Cotton Mirror Lehenga Choli - Pink Border - View 3,,,,,,
cotton-multicolor-festival-wear-mirror-work-navratri-lehenga-choli-404439,,,,,,,,,,,,,,,,,,,,,,https://luxemia.shop/images/products/lehengas/cotton-multicolor-festival-wear-mirror-work-navratri-lehenga-choli-404439-4.jpg,4,Multi-color Cotton Mirror Lehenga Choli - Pink Border - View 4,,,,,,
cotton-multicolor-festival-wear-mirror-work-navratri-lehenga-choli-404439,,,,,,,,,,,,,,,,,,,,,,https://luxemia.shop/images/products/lehengas/cotton-multicolor-festival-wear-mirror-work-navratri-lehenga-choli-404439-5.jpg,5,Multi-color Cotton Mirror Lehenga Choli - Pink Border - View 5,,,,,,
silk-multicolor-casual-wear-printed-work-lehenga-choli-404438,Multi-color Silk Floral Paisley Embroidery Lehenga Choli with Dupatta,"<p>Multi-color printed lehenga choli with dupatta.</p>
<p>For casual events — Navratri, Diwali, festivals, family functions.</p>
<p><strong>SET INCLUDES:</strong> Lehenga, choli, and dupatta.</p>
<p><strong>STITCHING OPTIONS:</strong></p>
<p>&nbsp;&nbsp;&bull; <strong>Standard Size S-XXL</strong> (+$23) — we stitch to a standard size before shipping.</p>
<p>&nbsp;&nbsp;&bull; <strong>Custom Stitching</strong> (+$37) — we stitch to your exact measurements (form emailed after order, 4-5 days extra).</p>
<p>&nbsp;&nbsp;&bull; <strong>Unstitched</strong> (+$0) — fabric shipped as-is, you arrange stitching locally.</p>
<p><strong>CARE:</strong> First Wash Dry Clean. Iron at moderate temperature.</p>
<p><strong>FABRIC:</strong> Silk blend. Approx weight: 2 kg (lehenga set).</p>
<p><strong>SHIPPING:</strong> Ships within 2-3 days (processing). Standard delivery time varies by country. <strong>DHL Express delivers in 3-5 days</strong>. <strong>Free shipping is always Standard</strong> — DHL Express available at checkout for an additional fee.</p>
<p><strong>AVAILABILITY:</strong> <span style=""color:#1a7f37"">✓ In stock</span> — limited edition, available while supplier inventory lasts.</p>
<p><strong>QUESTIONS?</strong> Email <a href=""mailto:hello@luxemia.shop"">hello@luxemia.shop</a>, call <a href=""tel:+12153419990"">+1-215-341-9990</a>, or <a href=""https://wa.me/12153419990"" target=""_blank"">WhatsApp Mini</a> — I answer the phone myself in English, Hindi, or Gujarati.</p>
<p><strong>SEE ALSO:</strong> <a href=""https://luxemia.shop/returns"">Returns policy</a> | <a href=""https://luxemia.shop/size-guide"">Size guide</a> | <a href=""https://luxemia.shop/blog/how-to-measure-for-indian-ethnic-wear"">How to measure</a> | <a href=""https://luxemia.shop/lehengas"">Browse all lehengas</a></p>
<p>— Mini, founder of LuxeMia</p>",LuxeMia,Clothing,Lehenga Choli,"multi-color,silk,casual wear,printed work,lehenga,lehenga choli,indian ethnic wear,usa,ships from india,festive,navratri,in stock",TRUE,Stitching,Unstitched,Size,Standard,2000,shopify,10,deny,manual,59.89,76.78,TRUE,TRUE,ws-leh-025-UNS,https://luxemia.shop/images/products/lehengas/silk-multicolor-casual-wear-printed-work-lehenga-choli-404438-1.jpg,1,Multi-color Silk Floral Paisley Embroidery Lehenga Choli with Dupatta,FALSE,Multi-color Silk Floral Paisley Embroidery Leheng… | LuxeMia,Multi-color Silk Printed lehenga choli for casual — $60. Ships in 2-3 days. DHL Express 3-5 days. In stock.,active,https://luxemia.shop/images/products/lehengas/silk-multicolor-casual-wear-printed-work-lehenga-choli-404438-1.jpg,kg
silk-multicolor-casual-wear-printed-work-lehenga-choli-404438,,,,,,,,Stitching,Custom Measurements,Size,Standard,2000,shopify,10,deny,manual,96.56,113.45,TRUE,TRUE,ws-leh-025-CUS,,,,FALSE,,,,https://luxemia.shop/images/products/lehengas/silk-multicolor-casual-wear-printed-work-lehenga-choli-404438-1.jpg,kg
silk-multicolor-casual-wear-printed-work-lehenga-choli-404438,,,,,,,,Stitching,Standard Size,Size,S,2000,shopify,10,deny,manual,83.22,100.11,TRUE,TRUE,ws-leh-025-STA-S,,,,FALSE,,,,https://luxemia.shop/images/products/lehengas/silk-multicolor-casual-wear-printed-work-lehenga-choli-404438-1.jpg,kg
silk-multicolor-casual-wear-printed-work-lehenga-choli-404438,,,,,,,,Stitching,Standard Size,Size,M,2000,shopify,10,deny,manual,83.22,100.11,TRUE,TRUE,ws-leh-025-STA-M,,,,FALSE,,,,https://luxemia.shop/images/products/lehengas/silk-multicolor-casual-wear-printed-work-lehenga-choli-404438-1.jpg,kg
silk-multicolor-casual-wear-printed-work-lehenga-choli-404438,,,,,,,,Stitching,Standard Size,Size,L,2000,shopify,10,deny,manual,83.22,100.11,TRUE,TRUE,ws-leh-025-STA-L,,,,FALSE,,,,https://luxemia.shop/images/products/lehengas/silk-multicolor-casual-wear-printed-work-lehenga-choli-404438-1.jpg,kg
silk-multicolor-casual-wear-printed-work-lehenga-choli-404438,,,,,,,,Stitching,Standard Size,Size,XL,2000,shopify,10,deny,manual,83.22,100.11,TRUE,TRUE,ws-leh-025-STA-XL,,,,FALSE,,,,https://luxemia.shop/images/products/lehengas/silk-multicolor-casual-wear-printed-work-lehenga-choli-404438-1.jpg,kg
silk-multicolor-casual-wear-printed-work-lehenga-choli-404438,,,,,,,,Stitching,Standard Size,Size,XXL,2000,shopify,10,deny,manual,83.22,100.11,TRUE,TRUE,ws-leh-025-STA-XXL,,,,FALSE,,,,https://luxemia.shop/images/products/lehengas/silk-multicolor-casual-wear-printed-work-lehenga-choli-404438-1.jpg,kg
silk-multicolor-casual-wear-printed-work-lehenga-choli-404438,,,,,,,,,,,,,,,,,,,,,,https://luxemia.shop/images/products/lehengas/silk-multicolor-casual-wear-printed-work-lehenga-choli-404438-2.jpg,2,Multi-color Silk Floral Paisley Embroidery Lehenga Choli with Dupatta - View 2,,,,,,
silk-multicolor-casual-wear-printed-work-lehenga-choli-404438,,,,,,,,,,,,,,,,,,,,,,https://luxemia.shop/images/products/lehengas/silk-multicolor-casual-wear-printed-work-lehenga-choli-404438-3.jpg,3,Multi-color Silk Floral Paisley Embroidery Lehenga Choli with Dupatta - View 3,,,,,,
silk-multicolor-casual-wear-printed-work-lehenga-choli-404438,,,,,,,,,,,,,,,,,,,,,,https://luxemia.shop/images/products/lehengas/silk-multicolor-casual-wear-printed-work-lehenga-choli-404438-4.jpg,4,Multi-color Silk Floral Paisley Embroidery Lehenga Choli with Dupatta - View 4,,,,,,
silk-multicolor-casual-wear-printed-work-lehenga-choli-404438,,,,,,,,,,,,,,,,,,,,,,https://luxemia.shop/images/products/lehengas/silk-multicolor-casual-wear-printed-work-lehenga-choli-404438-5.jpg,5,Multi-color Silk Floral Paisley Embroidery Lehenga Choli with Dupatta - View 5,,,,,,
chinon-silk-off-white-casual-wear-sequins-work-readymade-lehenga-suit-404433,Off-White Chinon Silk Lehenga Choli with Koti,"<p>Off-white sequin lehenga choli with dupatta.</p>
<p>For casual events — Navratri, Diwali, festivals, family functions.</p>
<p><strong>SET INCLUDES:</strong> Lehenga, choli, and dupatta.</p>
<p><strong>STITCHING:</strong> Pre-stitched readymade.</p>
<p><strong>ALTERATIONS:</strong> We offer alterations to your desired measurements for an additional fee. Email <a href=""mailto:hello@luxemia.shop?subject=Alteration%20request%20for%20ws-leh-026"">hello@luxemia.shop</a> after ordering with your measurements.</p>
<p><strong>CARE:</strong> First Wash Dry Clean. Iron at moderate temperature.</p>
<p><strong>FABRIC:</strong> Chinon (synthetic silk blend). Approx weight: 2 kg (lehenga set).</p>
<p><strong>SHIPPING:</strong> Ships within 2-3 days (processing). Standard delivery time varies by country. <strong>DHL Express delivers in 3-5 days</strong>. <strong>Free shipping is always Standard</strong> — DHL Express available at checkout for an additional fee.</p>
<p><strong>AVAILABILITY:</strong> <span style=""color:#1a7f37"">✓ In stock</span> — limited edition, available while supplier inventory lasts.</p>
<p><strong>QUESTIONS?</strong> Email <a href=""mailto:hello@luxemia.shop"">hello@luxemia.shop</a>, call <a href=""tel:+12153419990"">+1-215-341-9990</a>, or <a href=""https://wa.me/12153419990"" target=""_blank"">WhatsApp Mini</a> — I answer the phone myself in English, Hindi, or Gujarati.</p>
<p><strong>SEE ALSO:</strong> <a href=""https://luxemia.shop/returns"">Returns policy</a> | <a href=""https://luxemia.shop/size-guide"">Size guide</a> | <a href=""https://luxemia.shop/blog/how-to-measure-for-indian-ethnic-wear"">How to measure</a> | <a href=""https://luxemia.shop/lehengas"">Browse all lehengas</a></p>
<p>— Mini, founder of LuxeMia</p>",LuxeMia,Clothing,Lehenga Choli,"off-white,chinon silk,casual wear,sequins work,lehenga,lehenga choli,indian ethnic wear,usa,ships from india,festive,navratri,in stock",TRUE,Stitching,Readymade,Size,"Bust 38""",2000,shopify,10,deny,manual,49.89,63.96,TRUE,TRUE,ws-leh-026-REA-BUST-38,https://luxemia.shop/images/products/lehengas/chinon-silk-off-white-casual-wear-sequins-work-readymade-lehenga-suit-404433-1.jpg,1,Off-White Chinon Silk Lehenga Choli with Koti,FALSE,Off-White Chinon Silk Lehenga Choli with Koti | LuxeMia,Off-White Chinon Silk Sequins lehenga choli for casual — $50. Ships in 2-3 days. DHL Express 3-5 days. In stock.,active,https://luxemia.shop/images/products/lehengas/chinon-silk-off-white-casual-wear-sequins-work-readymade-lehenga-suit-404433-1.jpg,kg
chinon-silk-off-white-casual-wear-sequins-work-readymade-lehenga-suit-404433,,,,,,,,Stitching,Readymade,Size,"Bust 42""",2000,shopify,10,deny,manual,49.89,63.96,TRUE,TRUE,ws-leh-026-REA-BUST-42,,,,FALSE,,,,https://luxemia.shop/images/products/lehengas/chinon-silk-off-white-casual-wear-sequins-work-readymade-lehenga-suit-404433-1.jpg,kg
chinon-silk-off-white-casual-wear-sequins-work-readymade-lehenga-suit-404433,,,,,,,,,,,,,,,,,,,,,,https://luxemia.shop/images/products/lehengas/chinon-silk-off-white-casual-wear-sequins-work-readymade-lehenga-suit-404433-2.jpg,2,Off-White Chinon Silk Lehenga Choli with Koti - View 2,,,,,,
chinon-silk-off-white-casual-wear-sequins-work-readymade-lehenga-suit-404433,,,,,,,,,,,,,,,,,,,,,,https://luxemia.shop/images/products/lehengas/chinon-silk-off-white-casual-wear-sequins-work-readymade-lehenga-suit-404433-3.jpg,3,Off-White Chinon Silk Lehenga Choli with Koti - View 3,,,,,,
chinon-silk-off-white-casual-wear-sequins-work-readymade-lehenga-suit-404433,,,,,,,,,,,,,,,,,,,,,,https://luxemia.shop/images/products/lehengas/chinon-silk-off-white-casual-wear-sequins-work-readymade-lehenga-suit-404433-4.jpg,4,Off-White Chinon Silk Lehenga Choli with Koti - View 4,,,,,,
chinon-silk-off-white-casual-wear-sequins-work-readymade-lehenga-suit-404433,,,,,,,,,,,,,,,,,,,,,,https://luxemia.shop/images/products/lehengas/chinon-silk-off-white-casual-wear-sequins-work-readymade-lehenga-suit-404433-5.jpg,5,Off-White Chinon Silk Lehenga Choli with Koti - View 5,,,,,,
chinon-silk-blue-casual-wear-sequins-work-readymade-lehenga-suit-404432,Blue Chinon Silk Sequin Lehenga Choli with Contrast Dupatta,"<p>Blue sequin lehenga choli with dupatta.</p>
<p>For casual events — Navratri, Diwali, festivals, family functions.</p>
<p><strong>SET INCLUDES:</strong> Lehenga, choli, and dupatta.</p>
<p><strong>STITCHING:</strong> Pre-stitched readymade.</p>
<p><strong>ALTERATIONS:</strong> We offer alterations to your desired measurements for an additional fee. Email <a href=""mailto:hello@luxemia.shop?subject=Alteration%20request%20for%20ws-leh-027"">hello@luxemia.shop</a> after ordering with your measurements.</p>
<p><strong>CARE:</strong> First Wash Dry Clean. Iron at moderate temperature.</p>
<p><strong>FABRIC:</strong> Chinon (synthetic silk blend). Approx weight: 2 kg (lehenga set).</p>
<p><strong>SHIPPING:</strong> Ships within 2-3 days (processing). Standard delivery time varies by country. <strong>DHL Express delivers in 3-5 days</strong>. <strong>Free shipping is always Standard</strong> — DHL Express available at checkout for an additional fee.</p>
<p><strong>AVAILABILITY:</strong> <span style=""color:#1a7f37"">✓ In stock</span> — limited edition, available while supplier inventory lasts.</p>
<p><strong>QUESTIONS?</strong> Email <a href=""mailto:hello@luxemia.shop"">hello@luxemia.shop</a>, call <a href=""tel:+12153419990"">+1-215-341-9990</a>, or <a href=""https://wa.me/12153419990"" target=""_blank"">WhatsApp Mini</a> — I answer the phone myself in English, Hindi, or Gujarati.</p>
<p><strong>SEE ALSO:</strong> <a href=""https://luxemia.shop/returns"">Returns policy</a> | <a href=""https://luxemia.shop/size-guide"">Size guide</a> | <a href=""https://luxemia.shop/blog/how-to-measure-for-indian-ethnic-wear"">How to measure</a> | <a href=""https://luxemia.shop/lehengas"">Browse all lehengas</a></p>
<p>— Mini, founder of LuxeMia</p>",LuxeMia,Clothing,Lehenga Choli,"blue,chinon silk,casual wear,sequins work,lehenga,lehenga choli,indian ethnic wear,usa,ships from india,festive,navratri,in stock",TRUE,Stitching,Readymade,Size,"Bust 38""",2000,shopify,10,deny,manual,49.89,63.96,TRUE,TRUE,ws-leh-027-REA-BUST-38,https://luxemia.shop/images/products/lehengas/chinon-silk-blue-casual-wear-sequins-work-readymade-lehenga-suit-404432-1.jpg,1,Blue Chinon Silk Sequin Lehenga Choli with Contrast Dupatta,FALSE,Blue Chinon Silk Sequin Lehenga Choli with Contra… | LuxeMia,Blue Chinon Silk Sequins lehenga choli for casual — $50. Ships in 2-3 days. DHL Express 3-5 days. In stock.,active,https://luxemia.shop/images/products/lehengas/chinon-silk-blue-casual-wear-sequins-work-readymade-lehenga-suit-404432-1.jpg,kg
chinon-silk-blue-casual-wear-sequins-work-readymade-lehenga-suit-404432,,,,,,,,Stitching,Readymade,Size,"Bust 42""",2000,shopify,10,deny,manual,49.89,63.96,TRUE,TRUE,ws-leh-027-REA-BUST-42,,,,FALSE,,,,https://luxemia.shop/images/products/lehengas/chinon-silk-blue-casual-wear-sequins-work-readymade-lehenga-suit-404432-1.jpg,kg
chinon-silk-blue-casual-wear-sequins-work-readymade-lehenga-suit-404432,,,,,,,,,,,,,,,,,,,,,,https://luxemia.shop/images/products/lehengas/chinon-silk-blue-casual-wear-sequins-work-readymade-lehenga-suit-404432-2.jpg,2,Blue Chinon Silk Sequin Lehenga Choli with Contrast Dupatta - View 2,,,,,,
chinon-silk-blue-casual-wear-sequins-work-readymade-lehenga-suit-404432,,,,,,,,,,,,,,,,,,,,,,https://luxemia.shop/images/products/lehengas/chinon-silk-blue-casual-wear-sequins-work-readymade-lehenga-suit-404432-3.jpg,3,Blue Chinon Silk Sequin Lehenga Choli with Contrast Dupatta - View 3,,,,,,
chinon-silk-blue-casual-wear-sequins-work-readymade-lehenga-suit-404432,,,,,,,,,,,,,,,,,,,,,,https://luxemia.shop/images/products/lehengas/chinon-silk-blue-casual-wear-sequins-work-readymade-lehenga-suit-404432-4.jpg,4,Blue Chinon Silk Sequin Lehenga Choli with Contrast Dupatta - View 4,,,,,,
chinon-silk-blue-casual-wear-sequins-work-readymade-lehenga-suit-404432,,,,,,,,,,,,,,,,,,,,,,https://luxemia.shop/images/products/lehengas/chinon-silk-blue-casual-wear-sequins-work-readymade-lehenga-suit-404432-5.jpg,5,Blue Chinon Silk Sequin Lehenga Choli with Contrast Dupatta - View 5,,,,,,
net-maroon-festival-wear-embroidery-work-lehenga-choli-404370,Maroon Net Floral Embroidered Lehenga Choli with Mirror Work,"<p>Maroon embroidered lehenga choli with dupatta.</p>
<p>For festival events — Navratri, Diwali, festivals, family functions.</p>
<p><strong>SET INCLUDES:</strong> Lehenga, choli, and dupatta.</p>
<p><strong>STITCHING OPTIONS:</strong></p>
<p>&nbsp;&nbsp;&bull; <strong>Standard Size S-XXL</strong> (+$23) — we stitch to a standard size before shipping.</p>
<p>&nbsp;&nbsp;&bull; <strong>Custom Stitching</strong> (+$37) — we stitch to your exact measurements (form emailed after order, 4-5 days extra).</p>
<p>&nbsp;&nbsp;&bull; <strong>Unstitched</strong> (+$0) — fabric shipped as-is, you arrange stitching locally.</p>
<p><strong>CARE:</strong> First Wash Dry Clean. Iron at moderate temperature.</p>
<p><strong>FABRIC:</strong> Synthetic Net. Approx weight: 2 kg (lehenga set).</p>
<p><strong>SHIPPING:</strong> Ships within 2-3 days (processing). Standard delivery time varies by country. <strong>DHL Express delivers in 3-5 days</strong>. <strong>Free shipping is always Standard</strong> — DHL Express available at checkout for an additional fee.</p>
<p><strong>AVAILABILITY:</strong> <span style=""color:#1a7f37"">✓ In stock</span> — limited edition, available while supplier inventory lasts.</p>
<p><strong>QUESTIONS?</strong> Email <a href=""mailto:hello@luxemia.shop"">hello@luxemia.shop</a>, call <a href=""tel:+12153419990"">+1-215-341-9990</a>, or <a href=""https://wa.me/12153419990"" target=""_blank"">WhatsApp Mini</a> — I answer the phone myself in English, Hindi, or Gujarati.</p>
<p><strong>SEE ALSO:</strong> <a href=""https://luxemia.shop/returns"">Returns policy</a> | <a href=""https://luxemia.shop/size-guide"">Size guide</a> | <a href=""https://luxemia.shop/blog/how-to-measure-for-indian-ethnic-wear"">How to measure</a> | <a href=""https://luxemia.shop/lehengas"">Browse all lehengas</a></p>
<p>— Mini, founder of LuxeMia</p>",LuxeMia,Clothing,Lehenga Choli,"maroon,net,festival wear,embroidery work,lehenga,lehenga choli,indian ethnic wear,usa,ships from india,festive,navratri,in stock",TRUE,Stitching,Unstitched,Size,Standard,2000,shopify,10,deny,manual,84.33,108.11,TRUE,TRUE,ws-leh-028-UNS,https://luxemia.shop/images/products/lehengas/net-maroon-festival-wear-embroidery-work-lehenga-choli-404370-1.jpg,1,Maroon Net Floral Embroidered Lehenga Choli with Mirror Work,FALSE,Maroon Net Floral Embroidered Lehenga Choli with … | LuxeMia,Maroon Net Embroidery lehenga choli for festival — $84. Ships in 2-3 days. DHL Express 3-5 days. In stock.,active,https://luxemia.shop/images/products/lehengas/net-maroon-festival-wear-embroidery-work-lehenga-choli-404370-1.jpg,kg
net-maroon-festival-wear-embroidery-work-lehenga-choli-404370,,,,,,,,Stitching,Custom Measurements,Size,Standard,2000,shopify,10,deny,manual,121.00,144.78,TRUE,TRUE,ws-leh-028-CUS,,,,FALSE,,,,https://luxemia.shop/images/products/lehengas/net-maroon-festival-wear-embroidery-work-lehenga-choli-404370-1.jpg,kg
net-maroon-festival-wear-embroidery-work-lehenga-choli-404370,,,,,,,,Stitching,Standard Size,Size,S,2000,shopify,10,deny,manual,107.66,131.44,TRUE,TRUE,ws-leh-028-STA-S,,,,FALSE,,,,https://luxemia.shop/images/products/lehengas/net-maroon-festival-wear-embroidery-work-lehenga-choli-404370-1.jpg,kg
net-maroon-festival-wear-embroidery-work-lehenga-choli-404370,,,,,,,,Stitching,Standard Size,Size,M,2000,shopify,10,deny,manual,107.66,131.44,TRUE,TRUE,ws-leh-028-STA-M,,,,FALSE,,,,https://luxemia.shop/images/products/lehengas/net-maroon-festival-wear-embroidery-work-lehenga-choli-404370-1.jpg,kg
net-maroon-festival-wear-embroidery-work-lehenga-choli-404370,,,,,,,,Stitching,Standard Size,Size,L,2000,shopify,10,deny,manual,107.66,131.44,TRUE,TRUE,ws-leh-028-STA-L,,,,FALSE,,,,https://luxemia.shop/images/products/lehengas/net-maroon-festival-wear-embroidery-work-lehenga-choli-404370-1.jpg,kg
net-maroon-festival-wear-embroidery-work-lehenga-choli-404370,,,,,,,,Stitching,Standard Size,Size,XL,2000,shopify,10,deny,manual,107.66,131.44,TRUE,TRUE,ws-leh-028-STA-XL,,,,FALSE,,,,https://luxemia.shop/images/products/lehengas/net-maroon-festival-wear-embroidery-work-lehenga-choli-404370-1.jpg,kg
net-maroon-festival-wear-embroidery-work-lehenga-choli-404370,,,,,,,,Stitching,Standard Size,Size,XXL,2000,shopify,10,deny,manual,107.66,131.44,TRUE,TRUE,ws-leh-028-STA-XXL,,,,FALSE,,,,https://luxemia.shop/images/products/lehengas/net-maroon-festival-wear-embroidery-work-lehenga-choli-404370-1.jpg,kg
net-maroon-festival-wear-embroidery-work-lehenga-choli-404370,,,,,,,,,,,,,,,,,,,,,,https://luxemia.shop/images/products/lehengas/net-maroon-festival-wear-embroidery-work-lehenga-choli-404370-2.jpg,2,Maroon Net Floral Embroidered Lehenga Choli with Mirror Work - View 2,,,,,,
net-maroon-festival-wear-embroidery-work-lehenga-choli-404370,,,,,,,,,,,,,,,,,,,,,,https://luxemia.shop/images/products/lehengas/net-maroon-festival-wear-embroidery-work-lehenga-choli-404370-3.jpg,3,Maroon Net Floral Embroidered Lehenga Choli with Mirror Work - View 3,,,,,,
net-maroon-festival-wear-embroidery-work-lehenga-choli-404370,,,,,,,,,,,,,,,,,,,,,,https://luxemia.shop/images/products/lehengas/net-maroon-festival-wear-embroidery-work-lehenga-choli-404370-4.jpg,4,Maroon Net Floral Embroidered Lehenga Choli with Mirror Work - View 4,,,,,,
net-maroon-festival-wear-embroidery-work-lehenga-choli-404370,,,,,,,,,,,,,,,,,,,,,,https://luxemia.shop/images/products/lehengas/net-maroon-festival-wear-embroidery-work-lehenga-choli-404370-5.jpg,5,Maroon Net Floral Embroidered Lehenga Choli with Mirror Work - View 5,,,,,,
cotton-blue-occasional-wear-mirror-work-navratri-lehenga-choli-404369,Blue Cotton Mirror Work Lehenga Choli with Tassel Fringe,"<p>Blue mirror work lehenga choli with dupatta.</p>
<p>For occasional events — Navratri, Diwali, festivals, family functions.</p>
<p><strong>SET INCLUDES:</strong> Lehenga, choli, and dupatta.</p>
<p><strong>STITCHING OPTIONS:</strong></p>
<p>&nbsp;&nbsp;&bull; <strong>Standard Size S-XXL</strong> (+$23) — we stitch to a standard size before shipping.</p>
<p>&nbsp;&nbsp;&bull; <strong>Custom Stitching</strong> (+$37) — we stitch to your exact measurements (form emailed after order, 4-5 days extra).</p>
<p>&nbsp;&nbsp;&bull; <strong>Unstitched</strong> (+$0) — fabric shipped as-is, you arrange stitching locally.</p>
<p><strong>CARE:</strong> First Wash Dry Clean. Iron at moderate temperature.</p>
<p><strong>FABRIC:</strong> Cotton (natural fiber). Approx weight: 2 kg (lehenga set).</p>
<p><strong>SHIPPING:</strong> Ships within 2-3 days (processing). Standard delivery time varies by country. <strong>DHL Express delivers in 3-5 days</strong>. <strong>Free shipping is always Standard</strong> — DHL Express available at checkout for an additional fee.</p>
<p><strong>AVAILABILITY:</strong> <span style=""color:#1a7f37"">✓ In stock</span> — limited edition, available while supplier inventory lasts.</p>
<p><strong>QUESTIONS?</strong> Email <a href=""mailto:hello@luxemia.shop"">hello@luxemia.shop</a>, call <a href=""tel:+12153419990"">+1-215-341-9990</a>, or <a href=""https://wa.me/12153419990"" target=""_blank"">WhatsApp Mini</a> — I answer the phone myself in English, Hindi, or Gujarati.</p>
<p><strong>SEE ALSO:</strong> <a href=""https://luxemia.shop/returns"">Returns policy</a> | <a href=""https://luxemia.shop/size-guide"">Size guide</a> | <a href=""https://luxemia.shop/blog/how-to-measure-for-indian-ethnic-wear"">How to measure</a> | <a href=""https://luxemia.shop/lehengas"">Browse all lehengas</a></p>
<p>— Mini, founder of LuxeMia</p>",LuxeMia,Clothing,Lehenga Choli,"blue,cotton,occasional wear,mirror work,lehenga,lehenga choli,indian ethnic wear,usa,ships from india,festive,navratri,in stock",TRUE,Stitching,Unstitched,Size,Standard,2000,shopify,10,deny,manual,52.11,66.80,TRUE,TRUE,ws-leh-029-UNS,https://luxemia.shop/images/products/lehengas/cotton-blue-occasional-wear-mirror-work-navratri-lehenga-choli-404369-1.jpg,1,Blue Cotton Mirror Work Lehenga Choli with Tassel Fringe,FALSE,Blue Cotton Mirror Work Lehenga Choli with Tassel… | LuxeMia,Blue Cotton Mirror lehenga choli for occasional — $52. Ships in 2-3 days. DHL Express 3-5 days. In stock.,active,https://luxemia.shop/images/products/lehengas/cotton-blue-occasional-wear-mirror-work-navratri-lehenga-choli-404369-1.jpg,kg
cotton-blue-occasional-wear-mirror-work-navratri-lehenga-choli-404369,,,,,,,,Stitching,Custom Measurements,Size,Standard,2000,shopify,10,deny,manual,88.78,103.47,TRUE,TRUE,ws-leh-029-CUS,,,,FALSE,,,,https://luxemia.shop/images/products/lehengas/cotton-blue-occasional-wear-mirror-work-navratri-lehenga-choli-404369-1.jpg,kg
cotton-blue-occasional-wear-mirror-work-navratri-lehenga-choli-404369,,,,,,,,Stitching,Standard Size,Size,S,2000,shopify,10,deny,manual,75.44,90.13,TRUE,TRUE,ws-leh-029-STA-S,,,,FALSE,,,,https://luxemia.shop/images/products/lehengas/cotton-blue-occasional-wear-mirror-work-navratri-lehenga-choli-404369-1.jpg,kg
cotton-blue-occasional-wear-mirror-work-navratri-lehenga-choli-404369,,,,,,,,Stitching,Standard Size,Size,M,2000,shopify,10,deny,manual,75.44,90.13,TRUE,TRUE,ws-leh-029-STA-M,,,,FALSE,,,,https://luxemia.shop/images/products/lehengas/cotton-blue-occasional-wear-mirror-work-navratri-lehenga-choli-404369-1.jpg,kg
cotton-blue-occasional-wear-mirror-work-navratri-lehenga-choli-404369,,,,,,,,Stitching,Standard Size,Size,L,2000,shopify,10,deny,manual,75.44,90.13,TRUE,TRUE,ws-leh-029-STA-L,,,,FALSE,,,,https://luxemia.shop/images/products/lehengas/cotton-blue-occasional-wear-mirror-work-navratri-lehenga-choli-404369-1.jpg,kg
cotton-blue-occasional-wear-mirror-work-navratri-lehenga-choli-404369,,,,,,,,Stitching,Standard Size,Size,XL,2000,shopify,10,deny,manual,75.44,90.13,TRUE,TRUE,ws-leh-029-STA-XL,,,,FALSE,,,,https://luxemia.shop/images/products/lehengas/cotton-blue-occasional-wear-mirror-work-navratri-lehenga-choli-404369-1.jpg,kg
cotton-blue-occasional-wear-mirror-work-navratri-lehenga-choli-404369,,,,,,,,Stitching,Standard Size,Size,XXL,2000,shopify,10,deny,manual,75.44,90.13,TRUE,TRUE,ws-leh-029-STA-XXL,,,,FALSE,,,,https://luxemia.shop/images/products/lehengas/cotton-blue-occasional-wear-mirror-work-navratri-lehenga-choli-404369-1.jpg,kg
cotton-blue-occasional-wear-mirror-work-navratri-lehenga-choli-404369,,,,,,,,,,,,,,,,,,,,,,https://luxemia.shop/images/products/lehengas/cotton-blue-occasional-wear-mirror-work-navratri-lehenga-choli-404369-2.jpg,2,Blue Cotton Mirror Work Lehenga Choli with Tassel Fringe - View 2,,,,,,
cotton-blue-occasional-wear-mirror-work-navratri-lehenga-choli-404369,,,,,,,,,,,,,,,,,,,,,,https://luxemia.shop/images/products/lehengas/cotton-blue-occasional-wear-mirror-work-navratri-lehenga-choli-404369-3.jpg,3,Blue Cotton Mirror Work Lehenga Choli with Tassel Fringe - View 3,,,,,,
cotton-blue-occasional-wear-mirror-work-navratri-lehenga-choli-404369,,,,,,,,,,,,,,,,,,,,,,https://luxemia.shop/images/products/lehengas/cotton-blue-occasional-wear-mirror-work-navratri-lehenga-choli-404369-4.jpg,4,Blue Cotton Mirror Work Lehenga Choli with Tassel Fringe - View 4,,,,,,
cotton-blue-occasional-wear-mirror-work-navratri-lehenga-choli-404369,,,,,,,,,,,,,,,,,,,,,,https://luxemia.shop/images/products/lehengas/cotton-blue-occasional-wear-mirror-work-navratri-lehenga-choli-404369-5.jpg,5,Blue Cotton Mirror Work Lehenga Choli with Tassel Fringe - View 5,,,,,,
cotton-multicolor-festival-wear-digital-print-work-navratri-lehenga-choli-404367,Multi-color Cotton Vertical Stripe Lehenga Choli with Dupatta,"<p>Multi-color digital print lehenga choli with dupatta.</p>
<p>For festival events — Navratri, Diwali, festivals, family functions.</p>
<p><strong>SET INCLUDES:</strong> Lehenga, choli, and dupatta.</p>
<p><strong>STITCHING OPTIONS:</strong></p>
<p>&nbsp;&nbsp;&bull; <strong>Standard Size S-XXL</strong> (+$23) — we stitch to a standard size before shipping.</p>
<p>&nbsp;&nbsp;&bull; <strong>Custom Stitching</strong> (+$37) — we stitch to your exact measurements (form emailed after order, 4-5 days extra).</p>
<p>&nbsp;&nbsp;&bull; <strong>Unstitched</strong> (+$0) — fabric shipped as-is, you arrange stitching locally.</p>
<p><strong>CARE:</strong> First Wash Dry Clean. Iron at moderate temperature.</p>
<p><strong>FABRIC:</strong> Cotton (natural fiber). Approx weight: 2 kg (lehenga set).</p>
<p><strong>SHIPPING:</strong> Ships within 2-3 days (processing). Standard delivery time varies by country. <strong>DHL Express delivers in 3-5 days</strong>. <strong>Free shipping is always Standard</strong> — DHL Express available at checkout for an additional fee.</p>
<p><strong>AVAILABILITY:</strong> <span style=""color:#1a7f37"">✓ In stock</span> — limited edition, available while supplier inventory lasts.</p>
<p><strong>QUESTIONS?</strong> Email <a href=""mailto:hello@luxemia.shop"">hello@luxemia.shop</a>, call <a href=""tel:+12153419990"">+1-215-341-9990</a>, or <a href=""https://wa.me/12153419990"" target=""_blank"">WhatsApp Mini</a> — I answer the phone myself in English, Hindi, or Gujarati.</p>
<p><strong>SEE ALSO:</strong> <a href=""https://luxemia.shop/returns"">Returns policy</a> | <a href=""https://luxemia.shop/size-guide"">Size guide</a> | <a href=""https://luxemia.shop/blog/how-to-measure-for-indian-ethnic-wear"">How to measure</a> | <a href=""https://luxemia.shop/lehengas"">Browse all lehengas</a></p>
<p>— Mini, founder of LuxeMia</p>",LuxeMia,Clothing,Lehenga Choli,"multi-color,cotton,festival wear,digital print work,lehenga,lehenga choli,indian ethnic wear,usa,ships from india,festive,navratri,in stock",TRUE,Stitching,Unstitched,Size,Standard,2000,shopify,10,deny,manual,52.11,66.80,TRUE,TRUE,ws-leh-030-UNS,https://luxemia.shop/images/products/lehengas/cotton-multicolor-festival-wear-digital-print-work-navratri-lehenga-choli-404367-1.jpg,1,Multi-color Cotton Vertical Stripe Lehenga Choli with Dupatta,FALSE,Multi-color Cotton Vertical Stripe Lehenga Choli … | LuxeMia,Multi-color Cotton Digital Print lehenga choli for festival — $52. Ships in 2-3 days. DHL Express 3-5 days. In stock.,active,https://luxemia.shop/images/products/lehengas/cotton-multicolor-festival-wear-digital-print-work-navratri-lehenga-choli-404367-1.jpg,kg
cotton-multicolor-festival-wear-digital-print-work-navratri-lehenga-choli-404367,,,,,,,,Stitching,Custom Measurements,Size,Standard,2000,shopify,10,deny,manual,88.78,103.47,TRUE,TRUE,ws-leh-030-CUS,,,,FALSE,,,,https://luxemia.shop/images/products/lehengas/cotton-multicolor-festival-wear-digital-print-work-navratri-lehenga-choli-404367-1.jpg,kg
cotton-multicolor-festival-wear-digital-print-work-navratri-lehenga-choli-404367,,,,,,,,Stitching,Standard Size,Size,S,2000,shopify,10,deny,manual,75.44,90.13,TRUE,TRUE,ws-leh-030-STA-S,,,,FALSE,,,,https://luxemia.shop/images/products/lehengas/cotton-multicolor-festival-wear-digital-print-work-navratri-lehenga-choli-404367-1.jpg,kg
cotton-multicolor-festival-wear-digital-print-work-navratri-lehenga-choli-404367,,,,,,,,Stitching,Standard Size,Size,M,2000,shopify,10,deny,manual,75.44,90.13,TRUE,TRUE,ws-leh-030-STA-M,,,,FALSE,,,,https://luxemia.shop/images/products/lehengas/cotton-multicolor-festival-wear-digital-print-work-navratri-lehenga-choli-404367-1.jpg,kg
cotton-multicolor-festival-wear-digital-print-work-navratri-lehenga-choli-404367,,,,,,,,Stitching,Standard Size,Size,L,2000,shopify,10,deny,manual,75.44,90.13,TRUE,TRUE,ws-leh-030-STA-L,,,,FALSE,,,,https://luxemia.shop/images/products/lehengas/cotton-multicolor-festival-wear-digital-print-work-navratri-lehenga-choli-404367-1.jpg,kg
cotton-multicolor-festival-wear-digital-print-work-navratri-lehenga-choli-404367,,,,,,,,Stitching,Standard Size,Size,XL,2000,shopify,10,deny,manual,75.44,90.13,TRUE,TRUE,ws-leh-030-STA-XL,,,,FALSE,,,,https://luxemia.shop/images/products/lehengas/cotton-multicolor-festival-wear-digital-print-work-navratri-lehenga-choli-404367-1.jpg,kg
cotton-multicolor-festival-wear-digital-print-work-navratri-lehenga-choli-404367,,,,,,,,Stitching,Standard Size,Size,XXL,2000,shopify,10,deny,manual,75.44,90.13,TRUE,TRUE,ws-leh-030-STA-XXL,,,,FALSE,,,,https://luxemia.shop/images/products/lehengas/cotton-multicolor-festival-wear-digital-print-work-navratri-lehenga-choli-404367-1.jpg,kg
cotton-multicolor-festival-wear-digital-print-work-navratri-lehenga-choli-404367,,,,,,,,,,,,,,,,,,,,,,https://luxemia.shop/images/products/lehengas/cotton-multicolor-festival-wear-digital-print-work-navratri-lehenga-choli-404367-2.jpg,2,Multi-color Cotton Vertical Stripe Lehenga Choli with Dupatta - View 2,,,,,,
cotton-multicolor-festival-wear-digital-print-work-navratri-lehenga-choli-404367,,,,,,,,,,,,,,,,,,,,,,https://luxemia.shop/images/products/lehengas/cotton-multicolor-festival-wear-digital-print-work-navratri-lehenga-choli-404367-3.jpg,3,Multi-color Cotton Vertical Stripe Lehenga Choli with Dupatta - View 3,,,,,,
cotton-multicolor-festival-wear-digital-print-work-navratri-lehenga-choli-404367,,,,,,,,,,,,,,,,,,,,,,https://luxemia.shop/images/products/lehengas/cotton-multicolor-festival-wear-digital-print-work-navratri-lehenga-choli-404367-4.jpg,4,Multi-color Cotton Vertical Stripe Lehenga Choli with Dupatta - View 4,,,,,,
cotton-multicolor-festival-wear-digital-print-work-navratri-lehenga-choli-404367,,,,,,,,,,,,,,,,,,,,,,https://luxemia.shop/images/products/lehengas/cotton-multicolor-festival-wear-digital-print-work-navratri-lehenga-choli-404367-5.jpg,5,Multi-color Cotton Vertical Stripe Lehenga Choli with Dupatta - View 5,,,,,,
saree-026-free,,,,,,,,Size,Free Size,,,500,shopify,10,deny,manual,121.35,,TRUE,TRUE,,,,,,,,,,kg
saree-027-free,,,,,,,,Size,Free Size,,,500,shopify,10,deny,manual,121.35,,TRUE,TRUE,,,,,,,,,,kg
saree-028-free,,,,,,,,Size,Free Size,,,500,shopify,10,deny,manual,121.35,,TRUE,TRUE,,,,,,,,,,kg
saree-029-free,,,,,,,,Size,Free Size,,,500,shopify,10,deny,manual,121.35,,TRUE,TRUE,,,,,,,,,,kg
saree-011-free,,,,,,,,Size,Free Size,,,500,shopify,10,deny,manual,104.85,,TRUE,TRUE,,,,,,,,,,kg
saree-012-free,,,,,,,,Size,Free Size,,,500,shopify,10,deny,manual,104.85,,TRUE,TRUE,,,,,,,,,,kg
saree-013-free,,,,,,,,Size,Free Size,,,500,shopify,10,deny,manual,104.85,,TRUE,TRUE,,,,,,,,,,kg
saree-014-free,,,,,,,,Size,Free Size,,,500,shopify,10,deny,manual,98.85,,TRUE,TRUE,,,,,,,,,,kg
saree-015-free,,,,,,,,Size,Free Size,,,500,shopify,10,deny,manual,104.85,,TRUE,TRUE,,,,,,,,,,kg
saree-021-free,,,,,,,,Size,Free Size,,,500,shopify,10,deny,manual,89.85,,TRUE,TRUE,,,,,,,,,,kg
saree-022-free,,,,,,,,Size,Free Size,,,500,shopify,10,deny,manual,89.85,,TRUE,TRUE,,,,,,,,,,kg
saree-023-free,,,,,,,,Size,Free Size,,,500,shopify,10,deny,manual,89.85,,TRUE,TRUE,,,,,,,,,,kg
saree-024-free,,,,,,,,Size,Free Size,,,500,shopify,10,deny,manual,89.85,,TRUE,TRUE,,,,,,,,,,kg
saree-025-free,,,,,,,,Size,Free Size,,,500,shopify,10,deny,manual,89.85,,TRUE,TRUE,,,,,,,,,,kg
saree-030-free,,,,,,,,Size,Free Size,,,500,shopify,10,deny,manual,56.85,,TRUE,TRUE,,,,,,,,,,kg
saree-031-free,,,,,,,,Size,Free Size,,,500,shopify,10,deny,manual,56.85,,TRUE,TRUE,,,,,,,,,,kg
saree-032-free,,,,,,,,Size,Free Size,,,500,shopify,10,deny,manual,56.85,,TRUE,TRUE,,,,,,,,,,kg
saree-033-free,,,,,,,,Size,Free Size,,,500,shopify,10,deny,manual,50.85,,TRUE,TRUE,,,,,,,,,,kg
saree-034-free,,,,,,,,Size,Free Size,,,500,shopify,10,deny,manual,50.85,,TRUE,TRUE,,,,,,,,,,kg
saree-035-free,,,,,,,,Size,Free Size,,,500,shopify,10,deny,manual,59.85,,TRUE,TRUE,,,,,,,,,,kg
saree-006-free,,,,,,,,Size,Free Size,,,500,shopify,10,deny,manual,79.35,,TRUE,TRUE,,,,,,,,,,kg
saree-007-free,,,,,,,,Size,Free Size,,,500,shopify,10,deny,manual,79.35,,TRUE,TRUE,,,,,,,,,,kg
saree-008-free,,,,,,,,Size,Free Size,,,500,shopify,10,deny,manual,79.35,,TRUE,TRUE,,,,,,,,,,kg
saree-009-free,,,,,,,,Size,Free Size,,,500,shopify,10,deny,manual,79.35,,TRUE,TRUE,,,,,,,,,,kg
saree-010-free,,,,,,,,Size,Free Size,,,500,shopify,10,deny,manual,79.35,,TRUE,TRUE,,,,,,,,,,kg
saree-016-free,,,,,,,,Size,Free Size,,,500,shopify,10,deny,manual,56.85,,TRUE,TRUE,,,,,,,,,,kg
saree-017-free,,,,,,,,Size,Free Size,,,500,shopify,10,deny,manual,56.85,,TRUE,TRUE,,,,,,,,,,kg
saree-018-free,,,,,,,,Size,Free Size,,,500,shopify,10,deny,manual,56.85,,TRUE,TRUE,,,,,,,,,,kg
saree-019-free,,,,,,,,Size,Free Size,,,500,shopify,10,deny,manual,56.85,,TRUE,TRUE,,,,,,,,,,kg
saree-020-free,,,,,,,,Size,Free Size,,,500,shopify,10,deny,manual,56.85,,TRUE,TRUE,,,,,,,,,,kg
saree-001-free,,,,,,,,Size,Free Size,,,500,shopify,10,deny,manual,365.85,,TRUE,TRUE,,,,,,,,,,kg
saree-002-free,,,,,,,,Size,Free Size,,,500,shopify,10,deny,manual,365.85,,TRUE,TRUE,,,,,,,,,,kg
saree-003-free,,,,,,,,Size,Free Size,,,500,shopify,10,deny,manual,346.35,,TRUE,TRUE,,,,,,,,,,kg
saree-004-free,,,,,,,,Size,Free Size,,,500,shopify,10,deny,manual,355.35,,TRUE,TRUE,,,,,,,,,,kg
saree-005-free,,,,,,,,Size,Free Size,,,500,shopify,10,deny,manual,346.35,,TRUE,TRUE,,,,,,,,,,kg
