Handle,Title,Body (HTML),Vendor,Product Category,Type,Tags,Published,Option1 Name,Option1 Value,Option2 Name,Option2 Value,Variant Grams,Variant Inventory Tracker,Variant Inventory Qty,Variant Inventory Policy,Variant Fulfillment Service,Variant Price,Variant Compare At Price,Variant Requires Shipping,Variant Taxable,Variant Barcode,Image Src,Image Position,Image Alt Text,Gift Card,SEO Title,SEO Description,Status,Variant Image,Variant Weight Unit
rayon-orange-festival-wear-mirror-work-readymade-lehenga-choli-with-koti-404554,Orange Rayon Folk Motifs Lehenga Choli,"<p>Orange rayon lehenga choli with mirror work.</p>
<p>For festival events — Navratri, Diwali, festivals, family functions.</p>
<p><strong>SET INCLUDES:</strong> Lehenga, choli, and dupatta.</p>
<p><strong>STITCHING:</strong> Pre-stitched readymade.</p>
<p><strong>ALTERATIONS:</strong> We offer alterations to your desired measurements for an additional fee. Email <a href=""mailto:hello@luxemia.shop?subject=Alteration%20request%20for%20ws-leh-001"">hello@luxemia.shop</a> after ordering with your measurements.</p>
<p><strong>CARE:</strong> First Wash Dry Clean. Iron at moderate temperature.</p>
<p><strong>FABRIC:</strong> Rayon (semi-synthetic). Approx weight: 2 kg (lehenga set).</p>
<p><strong>SHIPPING:</strong> Ships within 2-3 days (processing). Standard delivery time varies by country. <strong>DHL Express delivers in 3-5 days</strong>. <strong>Free shipping is always Standard</strong> — DHL Express available at checkout for an additional fee.</p>
<p><strong>AVAILABILITY:</strong> <span style=""color:#1a7f37"">✓ In stock</span> — limited edition, available while supplier inventory lasts.</p>
<p><strong>QUESTIONS?</strong> Email <a href=""mailto:hello@luxemia.shop"">hello@luxemia.shop</a>, call <a href=""tel:+12153419990"">+1-215-341-9990</a>, or <a href=""https://wa.me/12153419990"" target=""_blank"">WhatsApp Mini</a> — I answer the phone myself in English, Hindi, or Gujarati.</p>
<p><strong>SEE ALSO:</strong> <a href=""https://luxemia.shop/returns"">Returns policy</a> | <a href=""https://luxemia.shop/size-guide"">Size guide</a> | <a href=""https://luxemia.shop/blog/how-to-measure-for-indian-ethnic-wear"">How to measure</a> | <a href=""https://luxemia.shop/lehengas"">Browse all lehengas</a></p>
<p>— Mini, founder of LuxeMia</p>",LuxeMia,Clothing,Lehenga Choli,"orange,rayon,festival wear,mirror work,lehenga,lehenga choli,indian ethnic wear,usa,ships from india,festive,navratri,in stock",TRUE,Stitching,Readymade,Size,"Bust 42""",2000,shopify,10,deny,manual,55.44,71.09,TRUE,TRUE,ws-leh-001-REA-BUST-42,https://luxemia.shop/images/products/lehengas/rayon-orange-festival-wear-mirror-work-readymade-lehenga-choli-with-koti-404554-1.jpg,1,Orange Rayon Folk Motifs Lehenga Choli,FALSE,Orange Rayon Folk Motifs Lehenga Choli | LuxeMia,Orange Rayon Mirror lehenga choli for festival — $55. Ships in 2-3 days. DHL Express 3-5 days. In stock.,active,https://luxemia.shop/images/products/lehengas/rayon-orange-festival-wear-mirror-work-readymade-lehenga-choli-with-koti-404554-1.jpg,kg
rayon-orange-festival-wear-mirror-work-readymade-lehenga-choli-with-koti-404554,,,,,,,,,,,,,,,,,,,,,,https://luxemia.shop/images/products/lehengas/rayon-orange-festival-wear-mirror-work-readymade-lehenga-choli-with-koti-404554-2.jpg,2,Orange Rayon Folk Motifs Lehenga Choli - View 2,,,,,,
rayon-orange-festival-wear-mirror-work-readymade-lehenga-choli-with-koti-404554,,,,,,,,,,,,,,,,,,,,,,https://luxemia.shop/images/products/lehengas/rayon-orange-festival-wear-mirror-work-readymade-lehenga-choli-with-koti-404554-3.jpg,3,Orange Rayon Folk Motifs Lehenga Choli - View 3,,,,,,
rayon-orange-festival-wear-mirror-work-readymade-lehenga-choli-with-koti-404554,,,,,,,,,,,,,,,,,,,,,,https://luxemia.shop/images/products/lehengas/rayon-orange-festival-wear-mirror-work-readymade-lehenga-choli-with-koti-404554-4.jpg,4,Orange Rayon Folk Motifs Lehenga Choli - View 4,,,,,,
rayon-orange-festival-wear-mirror-work-readymade-lehenga-choli-with-koti-404554,,,,,,,,,,,,,,,,,,,,,,https://luxemia.shop/images/products/lehengas/rayon-orange-festival-wear-mirror-work-readymade-lehenga-choli-with-koti-404554-5.jpg,5,Orange Rayon Folk Motifs Lehenga Choli - View 5,,,,,,
rayon-multicolor-festival-wear-mirror-work-readymade-navratri-lehenga-choli-404552,Multicolor Rayon Mirror Work Lehenga Choli with Striped Pattern,"<p>Multicolor rayon lehenga choli with mirror work.</p>
<p>For festival events — Navratri, Diwali, festivals, family functions.</p>
<p><strong>SET INCLUDES:</strong> Lehenga, choli, and dupatta.</p>
<p><strong>STITCHING:</strong> Pre-stitched readymade.</p>
<p><strong>ALTERATIONS:</strong> We offer alterations to your desired measurements for an additional fee. Email <a href=""mailto:hello@luxemia.shop?subject=Alteration%20request%20for%20ws-leh-002"">hello@luxemia.shop</a> after ordering with your measurements.</p>
<p><strong>CARE:</strong> First Wash Dry Clean. Iron at moderate temperature.</p>
<p><strong>FABRIC:</strong> Rayon (semi-synthetic). Approx weight: 2 kg (lehenga set).</p>
<p><strong>SHIPPING:</strong> Ships within 2-3 days (processing). Standard delivery time varies by country. <strong>DHL Express delivers in 3-5 days</strong>. <strong>Free shipping is always Standard</strong> — DHL Express available at checkout for an additional fee.</p>
<p><strong>AVAILABILITY:</strong> <span style=""color:#1a7f37"">✓ In stock</span> — limited edition, available while supplier inventory lasts.</p>
<p><strong>QUESTIONS?</strong> Email <a href=""mailto:hello@luxemia.shop"">hello@luxemia.shop</a>, call <a href=""tel:+12153419990"">+1-215-341-9990</a>, or <a href=""https://wa.me/12153419990"" target=""_blank"">WhatsApp Mini</a> — I answer the phone myself in English, Hindi, or Gujarati.</p>
<p><strong>SEE ALSO:</strong> <a href=""https://luxemia.shop/returns"">Returns policy</a> | <a href=""https://luxemia.shop/size-guide"">Size guide</a> | <a href=""https://luxemia.shop/blog/how-to-measure-for-indian-ethnic-wear"">How to measure</a> | <a href=""https://luxemia.shop/lehengas"">Browse all lehengas</a></p>
<p>— Mini, founder of LuxeMia</p>",LuxeMia,Clothing,Lehenga Choli,"multicolor,rayon,festival wear,mirror work,lehenga,lehenga choli,indian ethnic wear,usa,ships from india,festive,navratri,in stock",TRUE,Stitching,Readymade,Size,"Bust 38""",2000,shopify,10,deny,manual,65.44,83.91,TRUE,TRUE,ws-leh-002-REA-BUST-38,https://luxemia.shop/images/products/lehengas/rayon-multicolor-festival-wear-mirror-work-readymade-navratri-lehenga-choli-404552-1.jpg,1,Multicolor Rayon Mirror Work Lehenga Choli with Striped Pattern,FALSE,Multicolor Rayon Mirror Work Lehenga Choli with S… | LuxeMia,Multicolor Rayon Mirror lehenga choli for festival — $65. Ships in 2-3 days. DHL Express 3-5 days. In stock.,active,https://luxemia.shop/images/products/lehengas/rayon-multicolor-festival-wear-mirror-work-readymade-navratri-lehenga-choli-404552-1.jpg,kg
rayon-multicolor-festival-wear-mirror-work-readymade-navratri-lehenga-choli-404552,,,,,,,,,,,,,,,,,,,,,,https://luxemia.shop/images/products/lehengas/rayon-multicolor-festival-wear-mirror-work-readymade-navratri-lehenga-choli-404552-2.jpg,2,Multicolor Rayon Mirror Work Lehenga Choli with Striped Pattern - View 2,,,,,,
rayon-multicolor-festival-wear-mirror-work-readymade-navratri-lehenga-choli-404552,,,,,,,,,,,,,,,,,,,,,,https://luxemia.shop/images/products/lehengas/rayon-multicolor-festival-wear-mirror-work-readymade-navratri-lehenga-choli-404552-3.jpg,3,Multicolor Rayon Mirror Work Lehenga Choli with Striped Pattern - View 3,,,,,,
rayon-multicolor-festival-wear-mirror-work-readymade-navratri-lehenga-choli-404552,,,,,,,,,,,,,,,,,,,,,,https://luxemia.shop/images/products/lehengas/rayon-multicolor-festival-wear-mirror-work-readymade-navratri-lehenga-choli-404552-4.jpg,4,Multicolor Rayon Mirror Work Lehenga Choli with Striped Pattern - View 4,,,,,,
rayon-multicolor-festival-wear-mirror-work-readymade-navratri-lehenga-choli-404552,,,,,,,,,,,,,,,,,,,,,,https://luxemia.shop/images/products/lehengas/rayon-multicolor-festival-wear-mirror-work-readymade-navratri-lehenga-choli-404552-5.jpg,5,Multicolor Rayon Mirror Work Lehenga Choli with Striped Pattern - View 5,,,,,,
satin-silk-off-white-festival-wear-digital-print-work-navratri-lehenga-choli-404551,Off-White Satin Silk Paisley Print Lehenga Choli,"<p>Off-white satin silk lehenga choli with digital print.</p>
<p>For festival events — Navratri, Diwali, festivals, family functions.</p>
<p><strong>SET INCLUDES:</strong> Lehenga, choli, and dupatta.</p>
<p><strong>STITCHING OPTIONS:</strong></p>
<p>&nbsp;&nbsp;&bull; <strong>Standard Size S-XXL</strong> (+$23) — we stitch to a standard size before shipping.</p>
<p>&nbsp;&nbsp;&bull; <strong>Custom Stitching</strong> (+$37) — we stitch to your exact measurements (form emailed after order, 4-5 days extra).</p>
<p>&nbsp;&nbsp;&bull; <strong>Unstitched</strong> (+$0) — fabric shipped as-is, you arrange stitching locally.</p>
<p><strong>CARE:</strong> First Wash Dry Clean. Iron at moderate temperature.</p>
<p><strong>FABRIC:</strong> Satin weave silk blend. Approx weight: 2 kg (lehenga set).</p>
<p><strong>SHIPPING:</strong> Ships within 2-3 days (processing). Standard delivery time varies by country. <strong>DHL Express delivers in 3-5 days</strong>. <strong>Free shipping is always Standard</strong> — DHL Express available at checkout for an additional fee.</p>
<p><strong>AVAILABILITY:</strong> <span style=""color:#1a7f37"">✓ In stock</span> — limited edition, available while supplier inventory lasts.</p>
<p><strong>QUESTIONS?</strong> Email <a href=""mailto:hello@luxemia.shop"">hello@luxemia.shop</a>, call <a href=""tel:+12153419990"">+1-215-341-9990</a>, or <a href=""https://wa.me/12153419990"" target=""_blank"">WhatsApp Mini</a> — I answer the phone myself in English, Hindi, or Gujarati.</p>
<p><strong>SEE ALSO:</strong> <a href=""https://luxemia.shop/returns"">Returns policy</a> | <a href=""https://luxemia.shop/size-guide"">Size guide</a> | <a href=""https://luxemia.shop/blog/how-to-measure-for-indian-ethnic-wear"">How to measure</a> | <a href=""https://luxemia.shop/lehengas"">Browse all lehengas</a></p>
<p>— Mini, founder of LuxeMia</p>",LuxeMia,Clothing,Lehenga Choli,"off-white,satin silk,festival wear,digital print work,lehenga,lehenga choli,indian ethnic wear,usa,ships from india,festive,navratri,in stock",TRUE,Stitching,Unstitched,Size,Standard,2000,shopify,10,deny,manual,59.89,76.78,TRUE,TRUE,ws-leh-003-UNS,https://luxemia.shop/images/products/lehengas/satin-silk-off-white-festival-wear-digital-print-work-navratri-lehenga-choli-404551-1.jpg,1,Off-White Satin Silk Paisley Print Lehenga Choli,FALSE,Off-White Satin Silk Paisley Print Lehenga Choli | LuxeMia,Off-White Satin Silk Digital Print lehenga choli for festival — $60. Ships in 2-3 days. DHL Express 3-5 days. In stock.,active,https://luxemia.shop/images/products/lehengas/satin-silk-off-white-festival-wear-digital-print-work-navratri-lehenga-choli-404551-1.jpg,kg
satin-silk-off-white-festival-wear-digital-print-work-navratri-lehenga-choli-404551,,,,,,,,Stitching,Custom Measurements,Size,Standard,2000,shopify,10,deny,manual,96.56,113.45,TRUE,TRUE,ws-leh-003-CUS,,,,FALSE,,,,https://luxemia.shop/images/products/lehengas/satin-silk-off-white-festival-wear-digital-print-work-navratri-lehenga-choli-404551-1.jpg,kg
satin-silk-off-white-festival-wear-digital-print-work-navratri-lehenga-choli-404551,,,,,,,,Stitching,Standard Size,Size,S,2000,shopify,10,deny,manual,83.22,100.11,TRUE,TRUE,ws-leh-003-STA-S,,,,FALSE,,,,https://luxemia.shop/images/products/lehengas/satin-silk-off-white-festival-wear-digital-print-work-navratri-lehenga-choli-404551-1.jpg,kg
satin-silk-off-white-festival-wear-digital-print-work-navratri-lehenga-choli-404551,,,,,,,,Stitching,Standard Size,Size,M,2000,shopify,10,deny,manual,83.22,100.11,TRUE,TRUE,ws-leh-003-STA-M,,,,FALSE,,,,https://luxemia.shop/images/products/lehengas/satin-silk-off-white-festival-wear-digital-print-work-navratri-lehenga-choli-404551-1.jpg,kg
satin-silk-off-white-festival-wear-digital-print-work-navratri-lehenga-choli-404551,,,,,,,,Stitching,Standard Size,Size,L,2000,shopify,10,deny,manual,83.22,100.11,TRUE,TRUE,ws-leh-003-STA-L,,,,FALSE,,,,https://luxemia.shop/images/products/lehengas/satin-silk-off-white-festival-wear-digital-print-work-navratri-lehenga-choli-404551-1.jpg,kg
satin-silk-off-white-festival-wear-digital-print-work-navratri-lehenga-choli-404551,,,,,,,,Stitching,Standard Size,Size,XL,2000,shopify,10,deny,manual,83.22,100.11,TRUE,TRUE,ws-leh-003-STA-XL,,,,FALSE,,,,https://luxemia.shop/images/products/lehengas/satin-silk-off-white-festival-wear-digital-print-work-navratri-lehenga-choli-404551-1.jpg,kg
satin-silk-off-white-festival-wear-digital-print-work-navratri-lehenga-choli-404551,,,,,,,,Stitching,Standard Size,Size,XXL,2000,shopify,10,deny,manual,83.22,100.11,TRUE,TRUE,ws-leh-003-STA-XXL,,,,FALSE,,,,https://luxemia.shop/images/products/lehengas/satin-silk-off-white-festival-wear-digital-print-work-navratri-lehenga-choli-404551-1.jpg,kg
satin-silk-off-white-festival-wear-digital-print-work-navratri-lehenga-choli-404551,,,,,,,,,,,,,,,,,,,,,,https://luxemia.shop/images/products/lehengas/satin-silk-off-white-festival-wear-digital-print-work-navratri-lehenga-choli-404551-2.jpg,2,Off-White Satin Silk Paisley Print Lehenga Choli - View 2,,,,,,
satin-silk-off-white-festival-wear-digital-print-work-navratri-lehenga-choli-404551,,,,,,,,,,,,,,,,,,,,,,https://luxemia.shop/images/products/lehengas/satin-silk-off-white-festival-wear-digital-print-work-navratri-lehenga-choli-404551-3.jpg,3,Off-White Satin Silk Paisley Print Lehenga Choli - View 3,,,,,,
satin-silk-off-white-festival-wear-digital-print-work-navratri-lehenga-choli-404551,,,,,,,,,,,,,,,,,,,,,,https://luxemia.shop/images/products/lehengas/satin-silk-off-white-festival-wear-digital-print-work-navratri-lehenga-choli-404551-4.jpg,4,Off-White Satin Silk Paisley Print Lehenga Choli - View 4,,,,,,
satin-silk-off-white-festival-wear-digital-print-work-navratri-lehenga-choli-404551,,,,,,,,,,,,,,,,,,,,,,https://luxemia.shop/images/products/lehengas/satin-silk-off-white-festival-wear-digital-print-work-navratri-lehenga-choli-404551-5.jpg,5,Off-White Satin Silk Paisley Print Lehenga Choli - View 5,,,,,,
cotton-multicolor-festival-wear-digital-print-work-navratri-lehenga-choli-404545,Multicolor Cotton Folk Motifs Lehenga Choli with Contrast Embroidered Choli,"<p>Multicolor cotton lehenga choli with digital print.</p>
<p>For festival events — Navratri, Diwali, festivals, family functions.</p>
<p><strong>SET INCLUDES:</strong> Lehenga, choli, and dupatta.</p>
<p><strong>STITCHING OPTIONS:</strong></p>
<p>&nbsp;&nbsp;&bull; <strong>Standard Size S-XXL</strong> (+$23) — we stitch to a standard size before shipping.</p>
<p>&nbsp;&nbsp;&bull; <strong>Custom Stitching</strong> (+$37) — we stitch to your exact measurements (form emailed after order, 4-5 days extra).</p>
<p>&nbsp;&nbsp;&bull; <strong>Unstitched</strong> (+$0) — fabric shipped as-is, you arrange stitching locally.</p>
<p><strong>CARE:</strong> First Wash Dry Clean. Iron at moderate temperature.</p>
<p><strong>FABRIC:</strong> Cotton (natural fiber). Approx weight: 2 kg (lehenga set).</p>
<p><strong>SHIPPING:</strong> Ships within 2-3 days (processing). Standard delivery time varies by country. <strong>DHL Express delivers in 3-5 days</strong>. <strong>Free shipping is always Standard</strong> — DHL Express available at checkout for an additional fee.</p>
<p><strong>AVAILABILITY:</strong> <span style=""color:#1a7f37"">✓ In stock</span> — limited edition, available while supplier inventory lasts.</p>
<p><strong>QUESTIONS?</strong> Email <a href=""mailto:hello@luxemia.shop"">hello@luxemia.shop</a>, call <a href=""tel:+12153419990"">+1-215-341-9990</a>, or <a href=""https://wa.me/12153419990"" target=""_blank"">WhatsApp Mini</a> — I answer the phone myself in English, Hindi, or Gujarati.</p>
<p><strong>SEE ALSO:</strong> <a href=""https://luxemia.shop/returns"">Returns policy</a> | <a href=""https://luxemia.shop/size-guide"">Size guide</a> | <a href=""https://luxemia.shop/blog/how-to-measure-for-indian-ethnic-wear"">How to measure</a> | <a href=""https://luxemia.shop/lehengas"">Browse all lehengas</a></p>
<p>— Mini, founder of LuxeMia</p>",LuxeMia,Clothing,Lehenga Choli,"multicolor,cotton,festival wear,digital print work,lehenga,lehenga choli,indian ethnic wear,usa,ships from india,festive,navratri,in stock",TRUE,Stitching,Unstitched,Size,Standard,2000,shopify,10,deny,manual,51.00,65.38,TRUE,TRUE,ws-leh-004-UNS,https://luxemia.shop/images/products/lehengas/cotton-multicolor-festival-wear-digital-print-work-navratri-lehenga-choli-404545-1.jpg,1,Multicolor Cotton Folk Motifs Lehenga Choli with Contrast Embroidered Choli,FALSE,Multicolor Cotton Folk Motifs Lehenga Choli with … | LuxeMia,Multicolor Cotton Digital Print lehenga choli for festival — $51. Ships in 2-3 days. DHL Express 3-5 days. In stock.,active,https://luxemia.shop/images/products/lehengas/cotton-multicolor-festival-wear-digital-print-work-navratri-lehenga-choli-404545-1.jpg,kg
cotton-multicolor-festival-wear-digital-print-work-navratri-lehenga-choli-404545,,,,,,,,Stitching,Custom Measurements,Size,Standard,2000,shopify,10,deny,manual,87.67,102.05,TRUE,TRUE,ws-leh-004-CUS,,,,FALSE,,,,https://luxemia.shop/images/products/lehengas/cotton-multicolor-festival-wear-digital-print-work-navratri-lehenga-choli-404545-1.jpg,kg
cotton-multicolor-festival-wear-digital-print-work-navratri-lehenga-choli-404545,,,,,,,,Stitching,Standard Size,Size,S,2000,shopify,10,deny,manual,74.33,88.71,TRUE,TRUE,ws-leh-004-STA-S,,,,FALSE,,,,https://luxemia.shop/images/products/lehengas/cotton-multicolor-festival-wear-digital-print-work-navratri-lehenga-choli-404545-1.jpg,kg
cotton-multicolor-festival-wear-digital-print-work-navratri-lehenga-choli-404545,,,,,,,,Stitching,Standard Size,Size,M,2000,shopify,10,deny,manual,74.33,88.71,TRUE,TRUE,ws-leh-004-STA-M,,,,FALSE,,,,https://luxemia.shop/images/products/lehengas/cotton-multicolor-festival-wear-digital-print-work-navratri-lehenga-choli-404545-1.jpg,kg
cotton-multicolor-festival-wear-digital-print-work-navratri-lehenga-choli-404545,,,,,,,,Stitching,Standard Size,Size,L,2000,shopify,10,deny,manual,74.33,88.71,TRUE,TRUE,ws-leh-004-STA-L,,,,FALSE,,,,https://luxemia.shop/images/products/lehengas/cotton-multicolor-festival-wear-digital-print-work-navratri-lehenga-choli-404545-1.jpg,kg
cotton-multicolor-festival-wear-digital-print-work-navratri-lehenga-choli-404545,,,,,,,,Stitching,Standard Size,Size,XL,2000,shopify,10,deny,manual,74.33,88.71,TRUE,TRUE,ws-leh-004-STA-XL,,,,FALSE,,,,https://luxemia.shop/images/products/lehengas/cotton-multicolor-festival-wear-digital-print-work-navratri-lehenga-choli-404545-1.jpg,kg
cotton-multicolor-festival-wear-digital-print-work-navratri-lehenga-choli-404545,,,,,,,,Stitching,Standard Size,Size,XXL,2000,shopify,10,deny,manual,74.33,88.71,TRUE,TRUE,ws-leh-004-STA-XXL,,,,FALSE,,,,https://luxemia.shop/images/products/lehengas/cotton-multicolor-festival-wear-digital-print-work-navratri-lehenga-choli-404545-1.jpg,kg
cotton-multicolor-festival-wear-digital-print-work-navratri-lehenga-choli-404545,,,,,,,,,,,,,,,,,,,,,,https://luxemia.shop/images/products/lehengas/cotton-multicolor-festival-wear-digital-print-work-navratri-lehenga-choli-404545-2.jpg,2,Multicolor Cotton Folk Motifs Lehenga Choli with Contrast Embroidered Choli - View 2,,,,,,
cotton-multicolor-festival-wear-digital-print-work-navratri-lehenga-choli-404545,,,,,,,,,,,,,,,,,,,,,,https://luxemia.shop/images/products/lehengas/cotton-multicolor-festival-wear-digital-print-work-navratri-lehenga-choli-404545-3.jpg,3,Multicolor Cotton Folk Motifs Lehenga Choli with Contrast Embroidered Choli - View 3,,,,,,
cotton-multicolor-festival-wear-digital-print-work-navratri-lehenga-choli-404545,,,,,,,,,,,,,,,,,,,,,,https://luxemia.shop/images/products/lehengas/cotton-multicolor-festival-wear-digital-print-work-navratri-lehenga-choli-404545-4.jpg,4,Multicolor Cotton Folk Motifs Lehenga Choli with Contrast Embroidered Choli - View 4,,,,,,
cotton-multicolor-festival-wear-digital-print-work-navratri-lehenga-choli-404545,,,,,,,,,,,,,,,,,,,,,,https://luxemia.shop/images/products/lehengas/cotton-multicolor-festival-wear-digital-print-work-navratri-lehenga-choli-404545-5.jpg,5,Multicolor Cotton Folk Motifs Lehenga Choli with Contrast Embroidered Choli - View 5,,,,,,
cotton-multicolor-festival-wear-digital-print-work-navratri-lehenga-choli-404544,Multicolor Cotton Folk Motif Lehenga Choli with Embroidered Choli,"<p>Multicolor cotton lehenga choli with digital print.</p>
<p>For festival events — Navratri, Diwali, festivals, family functions.</p>
<p><strong>SET INCLUDES:</strong> Lehenga, choli, and dupatta.</p>
<p><strong>STITCHING OPTIONS:</strong></p>
<p>&nbsp;&nbsp;&bull; <strong>Standard Size S-XXL</strong> (+$23) — we stitch to a standard size before shipping.</p>
<p>&nbsp;&nbsp;&bull; <strong>Custom Stitching</strong> (+$37) — we stitch to your exact measurements (form emailed after order, 4-5 days extra).</p>
<p>&nbsp;&nbsp;&bull; <strong>Unstitched</strong> (+$0) — fabric shipped as-is, you arrange stitching locally.</p>
<p><strong>CARE:</strong> First Wash Dry Clean. Iron at moderate temperature.</p>
<p><strong>FABRIC:</strong> Cotton (natural fiber). Approx weight: 2 kg (lehenga set).</p>
<p><strong>SHIPPING:</strong> Ships within 2-3 days (processing). Standard delivery time varies by country. <strong>DHL Express delivers in 3-5 days</strong>. <strong>Free shipping is always Standard</strong> — DHL Express available at checkout for an additional fee.</p>
<p><strong>AVAILABILITY:</strong> <span style=""color:#1a7f37"">✓ In stock</span> — limited edition, available while supplier inventory lasts.</p>
<p><strong>QUESTIONS?</strong> Email <a href=""mailto:hello@luxemia.shop"">hello@luxemia.shop</a>, call <a href=""tel:+12153419990"">+1-215-341-9990</a>, or <a href=""https://wa.me/12153419990"" target=""_blank"">WhatsApp Mini</a> — I answer the phone myself in English, Hindi, or Gujarati.</p>
<p><strong>SEE ALSO:</strong> <a href=""https://luxemia.shop/returns"">Returns policy</a> | <a href=""https://luxemia.shop/size-guide"">Size guide</a> | <a href=""https://luxemia.shop/blog/how-to-measure-for-indian-ethnic-wear"">How to measure</a> | <a href=""https://luxemia.shop/lehengas"">Browse all lehengas</a></p>
<p>— Mini, founder of LuxeMia</p>",LuxeMia,Clothing,Lehenga Choli,"multicolor,cotton,festival wear,digital print work,lehenga,lehenga choli,indian ethnic wear,usa,ships from india,festive,navratri,in stock",TRUE,Stitching,Unstitched,Size,Standard,2000,shopify,10,deny,manual,55.44,71.09,TRUE,TRUE,ws-leh-005-UNS,https://luxemia.shop/images/products/lehengas/cotton-multicolor-festival-wear-digital-print-work-navratri-lehenga-choli-404544-1.jpg,1,Multicolor Cotton Folk Motif Lehenga Choli with Embroidered Choli,FALSE,Multicolor Cotton Folk Motif Lehenga Choli with E… | LuxeMia,Multicolor Cotton Digital Print lehenga choli for festival — $55. Ships in 2-3 days. DHL Express 3-5 days. In stock.,active,https://luxemia.shop/images/products/lehengas/cotton-multicolor-festival-wear-digital-print-work-navratri-lehenga-choli-404544-1.jpg,kg
cotton-multicolor-festival-wear-digital-print-work-navratri-lehenga-choli-404544,,,,,,,,Stitching,Custom Measurements,Size,Standard,2000,shopify,10,deny,manual,92.11,107.76,TRUE,TRUE,ws-leh-005-CUS,,,,FALSE,,,,https://luxemia.shop/images/products/lehengas/cotton-multicolor-festival-wear-digital-print-work-navratri-lehenga-choli-404544-1.jpg,kg
cotton-multicolor-festival-wear-digital-print-work-navratri-lehenga-choli-404544,,,,,,,,Stitching,Standard Size,Size,S,2000,shopify,10,deny,manual,78.77,94.42,TRUE,TRUE,ws-leh-005-STA-S,,,,FALSE,,,,https://luxemia.shop/images/products/lehengas/cotton-multicolor-festival-wear-digital-print-work-navratri-lehenga-choli-404544-1.jpg,kg
cotton-multicolor-festival-wear-digital-print-work-navratri-lehenga-choli-404544,,,,,,,,Stitching,Standard Size,Size,M,2000,shopify,10,deny,manual,78.77,94.42,TRUE,TRUE,ws-leh-005-STA-M,,,,FALSE,,,,https://luxemia.shop/images/products/lehengas/cotton-multicolor-festival-wear-digital-print-work-navratri-lehenga-choli-404544-1.jpg,kg
cotton-multicolor-festival-wear-digital-print-work-navratri-lehenga-choli-404544,,,,,,,,Stitching,Standard Size,Size,L,2000,shopify,10,deny,manual,78.77,94.42,TRUE,TRUE,ws-leh-005-STA-L,,,,FALSE,,,,https://luxemia.shop/images/products/lehengas/cotton-multicolor-festival-wear-digital-print-work-navratri-lehenga-choli-404544-1.jpg,kg
cotton-multicolor-festival-wear-digital-print-work-navratri-lehenga-choli-404544,,,,,,,,Stitching,Standard Size,Size,XL,2000,shopify,10,deny,manual,78.77,94.42,TRUE,TRUE,ws-leh-005-STA-XL,,,,FALSE,,,,https://luxemia.shop/images/products/lehengas/cotton-multicolor-festival-wear-digital-print-work-navratri-lehenga-choli-404544-1.jpg,kg
cotton-multicolor-festival-wear-digital-print-work-navratri-lehenga-choli-404544,,,,,,,,Stitching,Standard Size,Size,XXL,2000,shopify,10,deny,manual,78.77,94.42,TRUE,TRUE,ws-leh-005-STA-XXL,,,,FALSE,,,,https://luxemia.shop/images/products/lehengas/cotton-multicolor-festival-wear-digital-print-work-navratri-lehenga-choli-404544-1.jpg,kg
cotton-multicolor-festival-wear-digital-print-work-navratri-lehenga-choli-404544,,,,,,,,,,,,,,,,,,,,,,https://luxemia.shop/images/products/lehengas/cotton-multicolor-festival-wear-digital-print-work-navratri-lehenga-choli-404544-2.jpg,2,Multicolor Cotton Folk Motif Lehenga Choli with Embroidered Choli - View 2,,,,,,
cotton-multicolor-festival-wear-digital-print-work-navratri-lehenga-choli-404544,,,,,,,,,,,,,,,,,,,,,,https://luxemia.shop/images/products/lehengas/cotton-multicolor-festival-wear-digital-print-work-navratri-lehenga-choli-404544-3.jpg,3,Multicolor Cotton Folk Motif Lehenga Choli with Embroidered Choli - View 3,,,,,,
cotton-multicolor-festival-wear-digital-print-work-navratri-lehenga-choli-404544,,,,,,,,,,,,,,,,,,,,,,https://luxemia.shop/images/products/lehengas/cotton-multicolor-festival-wear-digital-print-work-navratri-lehenga-choli-404544-4.jpg,4,Multicolor Cotton Folk Motif Lehenga Choli with Embroidered Choli - View 4,,,,,,
cotton-multicolor-festival-wear-digital-print-work-navratri-lehenga-choli-404544,,,,,,,,,,,,,,,,,,,,,,https://luxemia.shop/images/products/lehengas/cotton-multicolor-festival-wear-digital-print-work-navratri-lehenga-choli-404544-5.jpg,5,Multicolor Cotton Folk Motif Lehenga Choli with Embroidered Choli - View 5,,,,,,
cotton-off-white-festival-wear-digital-print-work-navratri-lehenga-choli-404543,Off-White Cotton Geometric Lehenga Choli with Decorative White Koti/Jacket,"<p>Off-white cotton lehenga choli with digital print.</p>
<p>For festival events — Navratri, Diwali, festivals, family functions.</p>
<p><strong>SET INCLUDES:</strong> Lehenga, choli, and dupatta.</p>
<p><strong>STITCHING OPTIONS:</strong></p>
<p>&nbsp;&nbsp;&bull; <strong>Standard Size S-XXL</strong> (+$23) — we stitch to a standard size before shipping.</p>
<p>&nbsp;&nbsp;&bull; <strong>Custom Stitching</strong> (+$37) — we stitch to your exact measurements (form emailed after order, 4-5 days extra).</p>
<p>&nbsp;&nbsp;&bull; <strong>Unstitched</strong> (+$0) — fabric shipped as-is, you arrange stitching locally.</p>
<p><strong>CARE:</strong> First Wash Dry Clean. Iron at moderate temperature.</p>
<p><strong>FABRIC:</strong> Cotton (natural fiber). Approx weight: 2 kg (lehenga set).</p>
<p><strong>SHIPPING:</strong> Ships within 2-3 days (processing). Standard delivery time varies by country. <strong>DHL Express delivers in 3-5 days</strong>. <strong>Free shipping is always Standard</strong> — DHL Express available at checkout for an additional fee.</p>
<p><strong>AVAILABILITY:</strong> <span style=""color:#1a7f37"">✓ In stock</span> — limited edition, available while supplier inventory lasts.</p>
<p><strong>QUESTIONS?</strong> Email <a href=""mailto:hello@luxemia.shop"">hello@luxemia.shop</a>, call <a href=""tel:+12153419990"">+1-215-341-9990</a>, or <a href=""https://wa.me/12153419990"" target=""_blank"">WhatsApp Mini</a> — I answer the phone myself in English, Hindi, or Gujarati.</p>
<p><strong>SEE ALSO:</strong> <a href=""https://luxemia.shop/returns"">Returns policy</a> | <a href=""https://luxemia.shop/size-guide"">Size guide</a> | <a href=""https://luxemia.shop/blog/how-to-measure-for-indian-ethnic-wear"">How to measure</a> | <a href=""https://luxemia.shop/lehengas"">Browse all lehengas</a></p>
<p>— Mini, founder of LuxeMia</p>",LuxeMia,Clothing,Lehenga Choli,"off-white,cotton,festival wear,digital print work,lehenga,lehenga choli,indian ethnic wear,usa,ships from india,festive,navratri,in stock",TRUE,Stitching,Unstitched,Size,Standard,2000,shopify,10,deny,manual,49.89,63.96,TRUE,TRUE,ws-leh-006-UNS,https://luxemia.shop/images/products/lehengas/cotton-off-white-festival-wear-digital-print-work-navratri-lehenga-choli-404543-1.jpg,1,Off-White Cotton Geometric Lehenga Choli with Decorative White Koti/Jacket,FALSE,Off-White Cotton Geometric Lehenga Choli with Dec… | LuxeMia,Off-White Cotton Digital Print lehenga choli for festival — $50. Ships in 2-3 days. DHL Express 3-5 days. In stock.,active,https://luxemia.shop/images/products/lehengas/cotton-off-white-festival-wear-digital-print-work-navratri-lehenga-choli-404543-1.jpg,kg
cotton-off-white-festival-wear-digital-print-work-navratri-lehenga-choli-404543,,,,,,,,Stitching,Custom Measurements,Size,Standard,2000,shopify,10,deny,manual,86.56,100.63,TRUE,TRUE,ws-leh-006-CUS,,,,FALSE,,,,https://luxemia.shop/images/products/lehengas/cotton-off-white-festival-wear-digital-print-work-navratri-lehenga-choli-404543-1.jpg,kg
cotton-off-white-festival-wear-digital-print-work-navratri-lehenga-choli-404543,,,,,,,,Stitching,Standard Size,Size,S,2000,shopify,10,deny,manual,73.22,87.29,TRUE,TRUE,ws-leh-006-STA-S,,,,FALSE,,,,https://luxemia.shop/images/products/lehengas/cotton-off-white-festival-wear-digital-print-work-navratri-lehenga-choli-404543-1.jpg,kg
cotton-off-white-festival-wear-digital-print-work-navratri-lehenga-choli-404543,,,,,,,,Stitching,Standard Size,Size,M,2000,shopify,10,deny,manual,73.22,87.29,TRUE,TRUE,ws-leh-006-STA-M,,,,FALSE,,,,https://luxemia.shop/images/products/lehengas/cotton-off-white-festival-wear-digital-print-work-navratri-lehenga-choli-404543-1.jpg,kg
cotton-off-white-festival-wear-digital-print-work-navratri-lehenga-choli-404543,,,,,,,,Stitching,Standard Size,Size,L,2000,shopify,10,deny,manual,73.22,87.29,TRUE,TRUE,ws-leh-006-STA-L,,,,FALSE,,,,https://luxemia.shop/images/products/lehengas/cotton-off-white-festival-wear-digital-print-work-navratri-lehenga-choli-404543-1.jpg,kg
cotton-off-white-festival-wear-digital-print-work-navratri-lehenga-choli-404543,,,,,,,,Stitching,Standard Size,Size,XL,2000,shopify,10,deny,manual,73.22,87.29,TRUE,TRUE,ws-leh-006-STA-XL,,,,FALSE,,,,https://luxemia.shop/images/products/lehengas/cotton-off-white-festival-wear-digital-print-work-navratri-lehenga-choli-404543-1.jpg,kg
cotton-off-white-festival-wear-digital-print-work-navratri-lehenga-choli-404543,,,,,,,,Stitching,Standard Size,Size,XXL,2000,shopify,10,deny,manual,73.22,87.29,TRUE,TRUE,ws-leh-006-STA-XXL,,,,FALSE,,,,https://luxemia.shop/images/products/lehengas/cotton-off-white-festival-wear-digital-print-work-navratri-lehenga-choli-404543-1.jpg,kg
cotton-off-white-festival-wear-digital-print-work-navratri-lehenga-choli-404543,,,,,,,,,,,,,,,,,,,,,,https://luxemia.shop/images/products/lehengas/cotton-off-white-festival-wear-digital-print-work-navratri-lehenga-choli-404543-2.jpg,2,Off-White Cotton Geometric Lehenga Choli with Decorative White Koti/Jacket - View 2,,,,,,
cotton-off-white-festival-wear-digital-print-work-navratri-lehenga-choli-404543,,,,,,,,,,,,,,,,,,,,,,https://luxemia.shop/images/products/lehengas/cotton-off-white-festival-wear-digital-print-work-navratri-lehenga-choli-404543-3.jpg,3,Off-White Cotton Geometric Lehenga Choli with Decorative White Koti/Jacket - View 3,,,,,,
cotton-off-white-festival-wear-digital-print-work-navratri-lehenga-choli-404543,,,,,,,,,,,,,,,,,,,,,,https://luxemia.shop/images/products/lehengas/cotton-off-white-festival-wear-digital-print-work-navratri-lehenga-choli-404543-4.jpg,4,Off-White Cotton Geometric Lehenga Choli with Decorative White Koti/Jacket - View 4,,,,,,
cotton-off-white-festival-wear-digital-print-work-navratri-lehenga-choli-404543,,,,,,,,,,,,,,,,,,,,,,https://luxemia.shop/images/products/lehengas/cotton-off-white-festival-wear-digital-print-work-navratri-lehenga-choli-404543-5.jpg,5,Off-White Cotton Geometric Lehenga Choli with Decorative White Koti/Jacket - View 5,,,,,,
chinon-silk-navy-blue-occasional-wear-embroidery-work-readymade-lehenga-choli-404508,Navy Blue Chinon Silk Floral Geometric Embroidery Lehenga Choli,"<p>Navy blue chinon silk lehenga choli with embroidery work.</p>
<p>For occasional events — Navratri, Diwali, festivals, family functions.</p>
<p><strong>SET INCLUDES:</strong> Lehenga, choli, and dupatta.</p>
<p><strong>STITCHING:</strong> Pre-stitched readymade.</p>
<p><strong>ALTERATIONS:</strong> We offer alterations to your desired measurements for an additional fee. Email <a href=""mailto:hello@luxemia.shop?subject=Alteration%20request%20for%20ws-leh-007"">hello@luxemia.shop</a> after ordering with your measurements.</p>
<p><strong>CARE:</strong> First Wash Dry Clean. Iron at moderate temperature.</p>
<p><strong>FABRIC:</strong> Chinon (synthetic silk blend). Approx weight: 2 kg (lehenga set).</p>
<p><strong>SHIPPING:</strong> Ships within 2-3 days (processing). Standard delivery time varies by country. <strong>DHL Express delivers in 3-5 days</strong>. <strong>Free shipping is always Standard</strong> — DHL Express available at checkout for an additional fee.</p>
<p><strong>AVAILABILITY:</strong> <span style=""color:#1a7f37"">✓ In stock</span> — limited edition, available while supplier inventory lasts.</p>
<p><strong>QUESTIONS?</strong> Email <a href=""mailto:hello@luxemia.shop"">hello@luxemia.shop</a>, call <a href=""tel:+12153419990"">+1-215-341-9990</a>, or <a href=""https://wa.me/12153419990"" target=""_blank"">WhatsApp Mini</a> — I answer the phone myself in English, Hindi, or Gujarati.</p>
<p><strong>SEE ALSO:</strong> <a href=""https://luxemia.shop/returns"">Returns policy</a> | <a href=""https://luxemia.shop/size-guide"">Size guide</a> | <a href=""https://luxemia.shop/blog/how-to-measure-for-indian-ethnic-wear"">How to measure</a> | <a href=""https://luxemia.shop/lehengas"">Browse all lehengas</a></p>
<p>— Mini, founder of LuxeMia</p>",LuxeMia,Clothing,Lehenga Choli,"navy blue,chinon silk,occasional wear,embroidery work,lehenga,lehenga choli,indian ethnic wear,usa,ships from india,festive,navratri,in stock",TRUE,Stitching,Readymade,Size,"Bust 48""",2000,shopify,10,deny,manual,78.78,101.00,TRUE,TRUE,ws-leh-007-REA-BUST-48,https://luxemia.shop/images/products/lehengas/chinon-silk-navy-blue-occasional-wear-embroidery-work-readymade-lehenga-choli-404508-1.jpg,1,Navy Blue Chinon Silk Floral Geometric Embroidery Lehenga Choli,FALSE,Navy Blue Chinon Silk Floral Geometric Embroidery… | LuxeMia,Navy Blue Chinon Silk Embroidery lehenga choli for occasional — $79. Ships in 2-3 days. DHL Express 3-5 days. In stock.,active,https://luxemia.shop/images/products/lehengas/chinon-silk-navy-blue-occasional-wear-embroidery-work-readymade-lehenga-choli-404508-1.jpg,kg
chinon-silk-navy-blue-occasional-wear-embroidery-work-readymade-lehenga-choli-404508,,,,,,,,,,,,,,,,,,,,,,https://luxemia.shop/images/products/lehengas/chinon-silk-navy-blue-occasional-wear-embroidery-work-readymade-lehenga-choli-404508-2.jpg,2,Navy Blue Chinon Silk Floral Geometric Embroidery Lehenga Choli - View 2,,,,,,
chinon-silk-navy-blue-occasional-wear-embroidery-work-readymade-lehenga-choli-404508,,,,,,,,,,,,,,,,,,,,,,https://luxemia.shop/images/products/lehengas/chinon-silk-navy-blue-occasional-wear-embroidery-work-readymade-lehenga-choli-404508-3.jpg,3,Navy Blue Chinon Silk Floral Geometric Embroidery Lehenga Choli - View 3,,,,,,
chinon-silk-navy-blue-occasional-wear-embroidery-work-readymade-lehenga-choli-404508,,,,,,,,,,,,,,,,,,,,,,https://luxemia.shop/images/products/lehengas/chinon-silk-navy-blue-occasional-wear-embroidery-work-readymade-lehenga-choli-404508-4.jpg,4,Navy Blue Chinon Silk Floral Geometric Embroidery Lehenga Choli - View 4,,,,,,
chinon-silk-navy-blue-occasional-wear-embroidery-work-readymade-lehenga-choli-404508,,,,,,,,,,,,,,,,,,,,,,https://luxemia.shop/images/products/lehengas/chinon-silk-navy-blue-occasional-wear-embroidery-work-readymade-lehenga-choli-404508-5.jpg,5,Navy Blue Chinon Silk Floral Geometric Embroidery Lehenga Choli - View 5,,,,,,
chinon-silk-rust-orange-occasional-wear-embroidery-work-readymade-lehenga-choli-404507,Rust Orange Chinon Silk Geometric Floral Embroidery Lehenga Choli,"<p>Rust orange chinon silk lehenga choli with embroidery work.</p>
<p>For occasional events — Navratri, Diwali, festivals, family functions.</p>
<p><strong>SET INCLUDES:</strong> Lehenga, choli, and dupatta.</p>
<p><strong>STITCHING:</strong> Pre-stitched readymade.</p>
<p><strong>ALTERATIONS:</strong> We offer alterations to your desired measurements for an additional fee. Email <a href=""mailto:hello@luxemia.shop?subject=Alteration%20request%20for%20ws-leh-008"">hello@luxemia.shop</a> after ordering with your measurements.</p>
<p><strong>CARE:</strong> First Wash Dry Clean. Iron at moderate temperature.</p>
<p><strong>FABRIC:</strong> Chinon (synthetic silk blend). Approx weight: 2 kg (lehenga set).</p>
<p><strong>SHIPPING:</strong> Ships within 2-3 days (processing). Standard delivery time varies by country. <strong>DHL Express delivers in 3-5 days</strong>. <strong>Free shipping is always Standard</strong> — DHL Express available at checkout for an additional fee.</p>
<p><strong>AVAILABILITY:</strong> <span style=""color:#1a7f37"">✓ In stock</span> — limited edition, available while supplier inventory lasts.</p>
<p><strong>QUESTIONS?</strong> Email <a href=""mailto:hello@luxemia.shop"">hello@luxemia.shop</a>, call <a href=""tel:+12153419990"">+1-215-341-9990</a>, or <a href=""https://wa.me/12153419990"" target=""_blank"">WhatsApp Mini</a> — I answer the phone myself in English, Hindi, or Gujarati.</p>
<p><strong>SEE ALSO:</strong> <a href=""https://luxemia.shop/returns"">Returns policy</a> | <a href=""https://luxemia.shop/size-guide"">Size guide</a> | <a href=""https://luxemia.shop/blog/how-to-measure-for-indian-ethnic-wear"">How to measure</a> | <a href=""https://luxemia.shop/lehengas"">Browse all lehengas</a></p>
<p>— Mini, founder of LuxeMia</p>",LuxeMia,Clothing,Lehenga Choli,"rust orange,chinon silk,occasional wear,embroidery work,lehenga,lehenga choli,indian ethnic wear,usa,ships from india,festive,navratri,in stock",TRUE,Stitching,Readymade,Size,"Bust 48""",2000,shopify,10,deny,manual,78.78,101.00,TRUE,TRUE,ws-leh-008-REA-BUST-48,https://luxemia.shop/images/products/lehengas/chinon-silk-rust-orange-occasional-wear-embroidery-work-readymade-lehenga-choli-404507-1.jpg,1,Rust Orange Chinon Silk Geometric Floral Embroidery Lehenga Choli,FALSE,Rust Orange Chinon Silk Geometric Floral Embroide… | LuxeMia,Rust Orange Chinon Silk Embroidery lehenga choli for occasional — $79. Ships in 2-3 days. DHL Express 3-5 days. In stock.,active,https://luxemia.shop/images/products/lehengas/chinon-silk-rust-orange-occasional-wear-embroidery-work-readymade-lehenga-choli-404507-1.jpg,kg
chinon-silk-rust-orange-occasional-wear-embroidery-work-readymade-lehenga-choli-404507,,,,,,,,,,,,,,,,,,,,,,https://luxemia.shop/images/products/lehengas/chinon-silk-rust-orange-occasional-wear-embroidery-work-readymade-lehenga-choli-404507-2.jpg,2,Rust Orange Chinon Silk Geometric Floral Embroidery Lehenga Choli - View 2,,,,,,
chinon-silk-rust-orange-occasional-wear-embroidery-work-readymade-lehenga-choli-404507,,,,,,,,,,,,,,,,,,,,,,https://luxemia.shop/images/products/lehengas/chinon-silk-rust-orange-occasional-wear-embroidery-work-readymade-lehenga-choli-404507-3.jpg,3,Rust Orange Chinon Silk Geometric Floral Embroidery Lehenga Choli - View 3,,,,,,
chinon-silk-rust-orange-occasional-wear-embroidery-work-readymade-lehenga-choli-404507,,,,,,,,,,,,,,,,,,,,,,https://luxemia.shop/images/products/lehengas/chinon-silk-rust-orange-occasional-wear-embroidery-work-readymade-lehenga-choli-404507-4.jpg,4,Rust Orange Chinon Silk Geometric Floral Embroidery Lehenga Choli - View 4,,,,,,
chinon-silk-rust-orange-occasional-wear-embroidery-work-readymade-lehenga-choli-404507,,,,,,,,,,,,,,,,,,,,,,https://luxemia.shop/images/products/lehengas/chinon-silk-rust-orange-occasional-wear-embroidery-work-readymade-lehenga-choli-404507-5.jpg,5,Rust Orange Chinon Silk Geometric Floral Embroidery Lehenga Choli - View 5,,,,,,
cotton-teal-blue-party-wear-mirror-work-readymade-navrayri-lehenga-choli-with-purse-404506,Teal Blue Cotton Mirror Work Lehenga Choli with Potli Bag,"<p>Teal blue cotton lehenga choli with mirror work.</p>
<p>For party events — Navratri, Diwali, festivals, family functions.</p>
<p><strong>SET INCLUDES:</strong> Lehenga, choli, and dupatta.</p>
<p><strong>STITCHING:</strong> Pre-stitched readymade.</p>
<p><strong>ALTERATIONS:</strong> We offer alterations to your desired measurements for an additional fee. Email <a href=""mailto:hello@luxemia.shop?subject=Alteration%20request%20for%20ws-leh-009"">hello@luxemia.shop</a> after ordering with your measurements.</p>
<p><strong>CARE:</strong> First Wash Dry Clean. Iron at moderate temperature.</p>
<p><strong>FABRIC:</strong> Cotton (natural fiber). Approx weight: 2 kg (lehenga set).</p>
<p><strong>SHIPPING:</strong> Ships within 2-3 days (processing). Standard delivery time varies by country. <strong>DHL Express delivers in 3-5 days</strong>. <strong>Free shipping is always Standard</strong> — DHL Express available at checkout for an additional fee.</p>
<p><strong>AVAILABILITY:</strong> <span style=""color:#1a7f37"">✓ In stock</span> — limited edition, available while supplier inventory lasts.</p>
<p><strong>QUESTIONS?</strong> Email <a href=""mailto:hello@luxemia.shop"">hello@luxemia.shop</a>, call <a href=""tel:+12153419990"">+1-215-341-9990</a>, or <a href=""https://wa.me/12153419990"" target=""_blank"">WhatsApp Mini</a> — I answer the phone myself in English, Hindi, or Gujarati.</p>
<p><strong>SEE ALSO:</strong> <a href=""https://luxemia.shop/returns"">Returns policy</a> | <a href=""https://luxemia.shop/size-guide"">Size guide</a> | <a href=""https://luxemia.shop/blog/how-to-measure-for-indian-ethnic-wear"">How to measure</a> | <a href=""https://luxemia.shop/lehengas"">Browse all lehengas</a></p>
<p>— Mini, founder of LuxeMia</p>",LuxeMia,Clothing,Lehenga Choli,"teal blue,cotton,party wear,mirror work,lehenga,lehenga choli,indian ethnic wear,usa,ships from india,festive,navratri,in stock",TRUE,Stitching,Readymade,Size,"Bust 40""",2000,shopify,10,deny,manual,64.33,82.49,TRUE,TRUE,ws-leh-009-REA-BUST-40,https://luxemia.shop/images/products/lehengas/cotton-teal-blue-party-wear-mirror-work-readymade-navrayri-lehenga-choli-with-purse-404506-1.jpg,1,Teal Blue Cotton Mirror Work Lehenga Choli with Potli Bag,FALSE,Teal Blue Cotton Mirror Work Lehenga Choli with P… | LuxeMia,Teal Blue Cotton Mirror lehenga choli for party — $64. Ships in 2-3 days. DHL Express 3-5 days. In stock.,active,https://luxemia.shop/images/products/lehengas/cotton-teal-blue-party-wear-mirror-work-readymade-navrayri-lehenga-choli-with-purse-404506-1.jpg,kg
cotton-teal-blue-party-wear-mirror-work-readymade-navrayri-lehenga-choli-with-purse-404506,,,,,,,,,,,,,,,,,,,,,,https://luxemia.shop/images/products/lehengas/cotton-teal-blue-party-wear-mirror-work-readymade-navrayri-lehenga-choli-with-purse-404506-2.jpg,2,Teal Blue Cotton Mirror Work Lehenga Choli with Potli Bag - View 2,,,,,,
cotton-teal-blue-party-wear-mirror-work-readymade-navrayri-lehenga-choli-with-purse-404506,,,,,,,,,,,,,,,,,,,,,,https://luxemia.shop/images/products/lehengas/cotton-teal-blue-party-wear-mirror-work-readymade-navrayri-lehenga-choli-with-purse-404506-3.jpg,3,Teal Blue Cotton Mirror Work Lehenga Choli with Potli Bag - View 3,,,,,,
cotton-teal-blue-party-wear-mirror-work-readymade-navrayri-lehenga-choli-with-purse-404506,,,,,,,,,,,,,,,,,,,,,,https://luxemia.shop/images/products/lehengas/cotton-teal-blue-party-wear-mirror-work-readymade-navrayri-lehenga-choli-with-purse-404506-4.jpg,4,Teal Blue Cotton Mirror Work Lehenga Choli with Potli Bag - View 4,,,,,,
cotton-teal-blue-party-wear-mirror-work-readymade-navrayri-lehenga-choli-with-purse-404506,,,,,,,,,,,,,,,,,,,,,,https://luxemia.shop/images/products/lehengas/cotton-teal-blue-party-wear-mirror-work-readymade-navrayri-lehenga-choli-with-purse-404506-5.jpg,5,Teal Blue Cotton Mirror Work Lehenga Choli with Potli Bag - View 5,,,,,,
pure-cotton-off-white-festival-wear-ribbon-work-readymade-navratri-lehenga-choli-with-koti-404497,Off-White Pure Cotton Ribbon Work Lehenga Choli with Koti,"<p>Off-white pure cotton lehenga choli with ribbon work.</p>
<p>For festival events — Navratri, Diwali, festivals, family functions.</p>
<p><strong>SET INCLUDES:</strong> Lehenga, choli, and dupatta.</p>
<p><strong>STITCHING:</strong> Pre-stitched readymade.</p>
<p><strong>ALTERATIONS:</strong> We offer alterations to your desired measurements for an additional fee. Email <a href=""mailto:hello@luxemia.shop?subject=Alteration%20request%20for%20ws-leh-010"">hello@luxemia.shop</a> after ordering with your measurements.</p>
<p><strong>CARE:</strong> First Wash Dry Clean. Iron at moderate temperature.</p>
<p><strong>FABRIC:</strong> 100% Pure Cotton (natural fiber). Approx weight: 2 kg (lehenga set).</p>
<p><strong>SHIPPING:</strong> Ships within 2-3 days (processing). Standard delivery time varies by country. <strong>DHL Express delivers in 3-5 days</strong>. <strong>Free shipping is always Standard</strong> — DHL Express available at checkout for an additional fee.</p>
<p><strong>AVAILABILITY:</strong> <span style=""color:#1a7f37"">✓ In stock</span> — limited edition, available while supplier inventory lasts.</p>
<p><strong>QUESTIONS?</strong> Email <a href=""mailto:hello@luxemia.shop"">hello@luxemia.shop</a>, call <a href=""tel:+12153419990"">+1-215-341-9990</a>, or <a href=""https://wa.me/12153419990"" target=""_blank"">WhatsApp Mini</a> — I answer the phone myself in English, Hindi, or Gujarati.</p>
<p><strong>SEE ALSO:</strong> <a href=""https://luxemia.shop/returns"">Returns policy</a> | <a href=""https://luxemia.shop/size-guide"">Size guide</a> | <a href=""https://luxemia.shop/blog/how-to-measure-for-indian-ethnic-wear"">How to measure</a> | <a href=""https://luxemia.shop/lehengas"">Browse all lehengas</a></p>
<p>— Mini, founder of LuxeMia</p>",LuxeMia,Clothing,Lehenga Choli,"off-white,pure cotton,festival wear,ribbon work,lehenga,lehenga choli,indian ethnic wear,usa,ships from india,festive,navratri,in stock",TRUE,Stitching,Readymade,Size,"Bust 44""",2000,shopify,10,deny,manual,63.22,81.04,TRUE,TRUE,ws-leh-010-REA-BUST-44,https://luxemia.shop/images/products/lehengas/pure-cotton-off-white-festival-wear-ribbon-work-readymade-navratri-lehenga-choli-with-koti-404497-1.jpg,1,Off-White Pure Cotton Ribbon Work Lehenga Choli with Koti,FALSE,Off-White Pure Cotton Ribbon Work Lehenga Choli w… | LuxeMia,Off-White Pure Cotton Ribbon lehenga choli for festival — $63. Ships in 2-3 days. DHL Express 3-5 days. In stock.,active,https://luxemia.shop/images/products/lehengas/pure-cotton-off-white-festival-wear-ribbon-work-readymade-navratri-lehenga-choli-with-koti-404497-1.jpg,kg
pure-cotton-off-white-festival-wear-ribbon-work-readymade-navratri-lehenga-choli-with-koti-404497,,,,,,,,,,,,,,,,,,,,,,https://luxemia.shop/images/products/lehengas/pure-cotton-off-white-festival-wear-ribbon-work-readymade-navratri-lehenga-choli-with-koti-404497-2.jpg,2,Off-White Pure Cotton Ribbon Work Lehenga Choli with Koti - View 2,,,,,,
pure-cotton-off-white-festival-wear-ribbon-work-readymade-navratri-lehenga-choli-with-koti-404497,,,,,,,,,,,,,,,,,,,,,,https://luxemia.shop/images/products/lehengas/pure-cotton-off-white-festival-wear-ribbon-work-readymade-navratri-lehenga-choli-with-koti-404497-3.jpg,3,Off-White Pure Cotton Ribbon Work Lehenga Choli with Koti - View 3,,,,,,
pure-cotton-off-white-festival-wear-ribbon-work-readymade-navratri-lehenga-choli-with-koti-404497,,,,,,,,,,,,,,,,,,,,,,https://luxemia.shop/images/products/lehengas/pure-cotton-off-white-festival-wear-ribbon-work-readymade-navratri-lehenga-choli-with-koti-404497-4.jpg,4,Off-White Pure Cotton Ribbon Work Lehenga Choli with Koti - View 4,,,,,,
pure-cotton-off-white-festival-wear-ribbon-work-readymade-navratri-lehenga-choli-with-koti-404497,,,,,,,,,,,,,,,,,,,,,,https://luxemia.shop/images/products/lehengas/pure-cotton-off-white-festival-wear-ribbon-work-readymade-navratri-lehenga-choli-with-koti-404497-5.jpg,5,Off-White Pure Cotton Ribbon Work Lehenga Choli with Koti - View 5,,,,,,
pure-cotton-rani-pink-festival-wear-ribbon-work-readymade-navratri-lehenga-choli-with-koti-404496,Rani Pink Pure Cotton Ribbon Work Lehenga Choli with Koti,"<p>Rani pink pure cotton lehenga choli with ribbon work.</p>
<p>For festival events — Navratri, Diwali, festivals, family functions.</p>
<p><strong>SET INCLUDES:</strong> Lehenga, choli, and dupatta.</p>
<p><strong>STITCHING:</strong> Pre-stitched readymade.</p>
<p><strong>ALTERATIONS:</strong> We offer alterations to your desired measurements for an additional fee. Email <a href=""mailto:hello@luxemia.shop?subject=Alteration%20request%20for%20ws-leh-011"">hello@luxemia.shop</a> after ordering with your measurements.</p>
<p><strong>CARE:</strong> First Wash Dry Clean. Iron at moderate temperature.</p>
<p><strong>FABRIC:</strong> 100% Pure Cotton (natural fiber). Approx weight: 2 kg (lehenga set).</p>
<p><strong>SHIPPING:</strong> Ships within 2-3 days (processing). Standard delivery time varies by country. <strong>DHL Express delivers in 3-5 days</strong>. <strong>Free shipping is always Standard</strong> — DHL Express available at checkout for an additional fee.</p>
<p><strong>AVAILABILITY:</strong> <span style=""color:#1a7f37"">✓ In stock</span> — limited edition, available while supplier inventory lasts.</p>
<p><strong>QUESTIONS?</strong> Email <a href=""mailto:hello@luxemia.shop"">hello@luxemia.shop</a>, call <a href=""tel:+12153419990"">+1-215-341-9990</a>, or <a href=""https://wa.me/12153419990"" target=""_blank"">WhatsApp Mini</a> — I answer the phone myself in English, Hindi, or Gujarati.</p>
<p><strong>SEE ALSO:</strong> <a href=""https://luxemia.shop/returns"">Returns policy</a> | <a href=""https://luxemia.shop/size-guide"">Size guide</a> | <a href=""https://luxemia.shop/blog/how-to-measure-for-indian-ethnic-wear"">How to measure</a> | <a href=""https://luxemia.shop/lehengas"">Browse all lehengas</a></p>
<p>— Mini, founder of LuxeMia</p>",LuxeMia,Clothing,Lehenga Choli,"rani pink,pure cotton,festival wear,ribbon work,lehenga,lehenga choli,indian ethnic wear,usa,ships from india,festive,navratri,in stock",TRUE,Stitching,Readymade,Size,"Bust 44""",2000,shopify,10,deny,manual,63.22,81.04,TRUE,TRUE,ws-leh-011-REA-BUST-44,https://luxemia.shop/images/products/lehengas/pure-cotton-rani-pink-festival-wear-ribbon-work-readymade-navratri-lehenga-choli-with-koti-404496-1.jpg,1,Rani Pink Pure Cotton Ribbon Work Lehenga Choli with Koti,FALSE,Rani Pink Pure Cotton Ribbon Work Lehenga Choli w… | LuxeMia,Rani Pink Pure Cotton Ribbon lehenga choli for festival — $63. Ships in 2-3 days. DHL Express 3-5 days. In stock.,active,https://luxemia.shop/images/products/lehengas/pure-cotton-rani-pink-festival-wear-ribbon-work-readymade-navratri-lehenga-choli-with-koti-404496-1.jpg,kg
pure-cotton-rani-pink-festival-wear-ribbon-work-readymade-navratri-lehenga-choli-with-koti-404496,,,,,,,,,,,,,,,,,,,,,,https://luxemia.shop/images/products/lehengas/pure-cotton-rani-pink-festival-wear-ribbon-work-readymade-navratri-lehenga-choli-with-koti-404496-2.jpg,2,Rani Pink Pure Cotton Ribbon Work Lehenga Choli with Koti - View 2,,,,,,
pure-cotton-rani-pink-festival-wear-ribbon-work-readymade-navratri-lehenga-choli-with-koti-404496,,,,,,,,,,,,,,,,,,,,,,https://luxemia.shop/images/products/lehengas/pure-cotton-rani-pink-festival-wear-ribbon-work-readymade-navratri-lehenga-choli-with-koti-404496-3.jpg,3,Rani Pink Pure Cotton Ribbon Work Lehenga Choli with Koti - View 3,,,,,,
pure-cotton-rani-pink-festival-wear-ribbon-work-readymade-navratri-lehenga-choli-with-koti-404496,,,,,,,,,,,,,,,,,,,,,,https://luxemia.shop/images/products/lehengas/pure-cotton-rani-pink-festival-wear-ribbon-work-readymade-navratri-lehenga-choli-with-koti-404496-4.jpg,4,Rani Pink Pure Cotton Ribbon Work Lehenga Choli with Koti - View 4,,,,,,
pure-cotton-rani-pink-festival-wear-ribbon-work-readymade-navratri-lehenga-choli-with-koti-404496,,,,,,,,,,,,,,,,,,,,,,https://luxemia.shop/images/products/lehengas/pure-cotton-rani-pink-festival-wear-ribbon-work-readymade-navratri-lehenga-choli-with-koti-404496-5.jpg,5,Rani Pink Pure Cotton Ribbon Work Lehenga Choli with Koti - View 5,,,,,,
pure-cotton-rust-orange-festival-wear-ribbon-work-readymade-navratri-lehenga-choli-with-koti-404495,Rust Orange Pure Cotton Ribbon Work Lehenga Choli with Peplum,"<p>Rust orange pure cotton lehenga choli with ribbon work.</p>
<p>For festival events — Navratri, Diwali, festivals, family functions.</p>
<p><strong>SET INCLUDES:</strong> Lehenga, choli, and dupatta.</p>
<p><strong>STITCHING:</strong> Pre-stitched readymade.</p>
<p><strong>ALTERATIONS:</strong> We offer alterations to your desired measurements for an additional fee. Email <a href=""mailto:hello@luxemia.shop?subject=Alteration%20request%20for%20ws-leh-012"">hello@luxemia.shop</a> after ordering with your measurements.</p>
<p><strong>CARE:</strong> First Wash Dry Clean. Iron at moderate temperature.</p>
<p><strong>FABRIC:</strong> 100% Pure Cotton (natural fiber). Approx weight: 2 kg (lehenga set).</p>
<p><strong>SHIPPING:</strong> Ships within 2-3 days (processing). Standard delivery time varies by country. <strong>DHL Express delivers in 3-5 days</strong>. <strong>Free shipping is always Standard</strong> — DHL Express available at checkout for an additional fee.</p>
<p><strong>AVAILABILITY:</strong> <span style=""color:#1a7f37"">✓ In stock</span> — limited edition, available while supplier inventory lasts.</p>
<p><strong>QUESTIONS?</strong> Email <a href=""mailto:hello@luxemia.shop"">hello@luxemia.shop</a>, call <a href=""tel:+12153419990"">+1-215-341-9990</a>, or <a href=""https://wa.me/12153419990"" target=""_blank"">WhatsApp Mini</a> — I answer the phone myself in English, Hindi, or Gujarati.</p>
<p><strong>SEE ALSO:</strong> <a href=""https://luxemia.shop/returns"">Returns policy</a> | <a href=""https://luxemia.shop/size-guide"">Size guide</a> | <a href=""https://luxemia.shop/blog/how-to-measure-for-indian-ethnic-wear"">How to measure</a> | <a href=""https://luxemia.shop/lehengas"">Browse all lehengas</a></p>
<p>— Mini, founder of LuxeMia</p>",LuxeMia,Clothing,Lehenga Choli,"rust orange,pure cotton,festival wear,ribbon work,lehenga,lehenga choli,indian ethnic wear,usa,ships from india,festive,navratri,in stock",TRUE,Stitching,Readymade,Size,"Bust 44""",2000,shopify,10,deny,manual,63.22,81.04,TRUE,TRUE,ws-leh-012-REA-BUST-44,https://luxemia.shop/images/products/lehengas/pure-cotton-rust-orange-festival-wear-ribbon-work-readymade-navratri-lehenga-choli-with-koti-404495-1.jpg,1,Rust Orange Pure Cotton Ribbon Work Lehenga Choli with Peplum,FALSE,Rust Orange Pure Cotton Ribbon Work Lehenga Choli… | LuxeMia,Rust Orange Pure Cotton Ribbon lehenga choli for festival — $63. Ships in 2-3 days. DHL Express 3-5 days. In stock.,active,https://luxemia.shop/images/products/lehengas/pure-cotton-rust-orange-festival-wear-ribbon-work-readymade-navratri-lehenga-choli-with-koti-404495-1.jpg,kg
pure-cotton-rust-orange-festival-wear-ribbon-work-readymade-navratri-lehenga-choli-with-koti-404495,,,,,,,,,,,,,,,,,,,,,,https://luxemia.shop/images/products/lehengas/pure-cotton-rust-orange-festival-wear-ribbon-work-readymade-navratri-lehenga-choli-with-koti-404495-2.jpg,2,Rust Orange Pure Cotton Ribbon Work Lehenga Choli with Peplum - View 2,,,,,,
pure-cotton-rust-orange-festival-wear-ribbon-work-readymade-navratri-lehenga-choli-with-koti-404495,,,,,,,,,,,,,,,,,,,,,,https://luxemia.shop/images/products/lehengas/pure-cotton-rust-orange-festival-wear-ribbon-work-readymade-navratri-lehenga-choli-with-koti-404495-3.jpg,3,Rust Orange Pure Cotton Ribbon Work Lehenga Choli with Peplum - View 3,,,,,,
pure-cotton-rust-orange-festival-wear-ribbon-work-readymade-navratri-lehenga-choli-with-koti-404495,,,,,,,,,,,,,,,,,,,,,,https://luxemia.shop/images/products/lehengas/pure-cotton-rust-orange-festival-wear-ribbon-work-readymade-navratri-lehenga-choli-with-koti-404495-4.jpg,4,Rust Orange Pure Cotton Ribbon Work Lehenga Choli with Peplum - View 4,,,,,,
pure-cotton-rust-orange-festival-wear-ribbon-work-readymade-navratri-lehenga-choli-with-koti-404495,,,,,,,,,,,,,,,,,,,,,,https://luxemia.shop/images/products/lehengas/pure-cotton-rust-orange-festival-wear-ribbon-work-readymade-navratri-lehenga-choli-with-koti-404495-5.jpg,5,Rust Orange Pure Cotton Ribbon Work Lehenga Choli with Peplum - View 5,,,,,,
pure-cotton-purple-festival-wear-ribbon-work-readymade-navratri-lehenga-choli-with-koti-404494,Purple Pure Cotton Ribbon Work Lehenga Choli with Koti,"<p>Purple pure cotton lehenga choli with ribbon work.</p>
<p>For festival events — Navratri, Diwali, festivals, family functions.</p>
<p><strong>SET INCLUDES:</strong> Lehenga, choli, and dupatta.</p>
<p><strong>STITCHING:</strong> Pre-stitched readymade.</p>
<p><strong>ALTERATIONS:</strong> We offer alterations to your desired measurements for an additional fee. Email <a href=""mailto:hello@luxemia.shop?subject=Alteration%20request%20for%20ws-leh-013"">hello@luxemia.shop</a> after ordering with your measurements.</p>
<p><strong>CARE:</strong> First Wash Dry Clean. Iron at moderate temperature.</p>
<p><strong>FABRIC:</strong> 100% Pure Cotton (natural fiber). Approx weight: 2 kg (lehenga set).</p>
<p><strong>SHIPPING:</strong> Ships within 2-3 days (processing). Standard delivery time varies by country. <strong>DHL Express delivers in 3-5 days</strong>. <strong>Free shipping is always Standard</strong> — DHL Express available at checkout for an additional fee.</p>
<p><strong>AVAILABILITY:</strong> <span style=""color:#1a7f37"">✓ In stock</span> — limited edition, available while supplier inventory lasts.</p>
<p><strong>QUESTIONS?</strong> Email <a href=""mailto:hello@luxemia.shop"">hello@luxemia.shop</a>, call <a href=""tel:+12153419990"">+1-215-341-9990</a>, or <a href=""https://wa.me/12153419990"" target=""_blank"">WhatsApp Mini</a> — I answer the phone myself in English, Hindi, or Gujarati.</p>
<p><strong>SEE ALSO:</strong> <a href=""https://luxemia.shop/returns"">Returns policy</a> | <a href=""https://luxemia.shop/size-guide"">Size guide</a> | <a href=""https://luxemia.shop/blog/how-to-measure-for-indian-ethnic-wear"">How to measure</a> | <a href=""https://luxemia.shop/lehengas"">Browse all lehengas</a></p>
<p>— Mini, founder of LuxeMia</p>",LuxeMia,Clothing,Lehenga Choli,"purple,pure cotton,festival wear,ribbon work,lehenga,lehenga choli,indian ethnic wear,usa,ships from india,festive,navratri,in stock",TRUE,Stitching,Readymade,Size,"Bust 44""",2000,shopify,10,deny,manual,63.22,81.04,TRUE,TRUE,ws-leh-013-REA-BUST-44,https://luxemia.shop/images/products/lehengas/pure-cotton-purple-festival-wear-ribbon-work-readymade-navratri-lehenga-choli-with-koti-404494-1.jpg,1,Purple Pure Cotton Ribbon Work Lehenga Choli with Koti,FALSE,Purple Pure Cotton Ribbon Work Lehenga Choli with… | LuxeMia,Purple Pure Cotton Ribbon lehenga choli for festival — $63. Ships in 2-3 days. DHL Express 3-5 days. In stock.,active,https://luxemia.shop/images/products/lehengas/pure-cotton-purple-festival-wear-ribbon-work-readymade-navratri-lehenga-choli-with-koti-404494-1.jpg,kg
pure-cotton-purple-festival-wear-ribbon-work-readymade-navratri-lehenga-choli-with-koti-404494,,,,,,,,,,,,,,,,,,,,,,https://luxemia.shop/images/products/lehengas/pure-cotton-purple-festival-wear-ribbon-work-readymade-navratri-lehenga-choli-with-koti-404494-2.jpg,2,Purple Pure Cotton Ribbon Work Lehenga Choli with Koti - View 2,,,,,,
pure-cotton-purple-festival-wear-ribbon-work-readymade-navratri-lehenga-choli-with-koti-404494,,,,,,,,,,,,,,,,,,,,,,https://luxemia.shop/images/products/lehengas/pure-cotton-purple-festival-wear-ribbon-work-readymade-navratri-lehenga-choli-with-koti-404494-3.jpg,3,Purple Pure Cotton Ribbon Work Lehenga Choli with Koti - View 3,,,,,,
pure-cotton-purple-festival-wear-ribbon-work-readymade-navratri-lehenga-choli-with-koti-404494,,,,,,,,,,,,,,,,,,,,,,https://luxemia.shop/images/products/lehengas/pure-cotton-purple-festival-wear-ribbon-work-readymade-navratri-lehenga-choli-with-koti-404494-4.jpg,4,Purple Pure Cotton Ribbon Work Lehenga Choli with Koti - View 4,,,,,,
pure-cotton-purple-festival-wear-ribbon-work-readymade-navratri-lehenga-choli-with-koti-404494,,,,,,,,,,,,,,,,,,,,,,https://luxemia.shop/images/products/lehengas/pure-cotton-purple-festival-wear-ribbon-work-readymade-navratri-lehenga-choli-with-koti-404494-5.jpg,5,Purple Pure Cotton Ribbon Work Lehenga Choli with Koti - View 5,,,,,,
pure-cotton-black-festival-wear-ribbon-work-readymade-navratri-lehenga-choli-with-koti-404493,Black Pure Cotton Ribbon Work Lehenga Choli with Geometric Border,"<p>Black pure cotton lehenga choli with ribbon work.</p>
<p>For festival events — Navratri, Diwali, festivals, family functions.</p>
<p><strong>SET INCLUDES:</strong> Lehenga, choli, and dupatta.</p>
<p><strong>STITCHING:</strong> Pre-stitched readymade.</p>
<p><strong>ALTERATIONS:</strong> We offer alterations to your desired measurements for an additional fee. Email <a href=""mailto:hello@luxemia.shop?subject=Alteration%20request%20for%20ws-leh-014"">hello@luxemia.shop</a> after ordering with your measurements.</p>
<p><strong>CARE:</strong> First Wash Dry Clean. Iron at moderate temperature.</p>
<p><strong>FABRIC:</strong> 100% Pure Cotton (natural fiber). Approx weight: 2 kg (lehenga set).</p>
<p><strong>SHIPPING:</strong> Ships within 2-3 days (processing). Standard delivery time varies by country. <strong>DHL Express delivers in 3-5 days</strong>. <strong>Free shipping is always Standard</strong> — DHL Express available at checkout for an additional fee.</p>
<p><strong>AVAILABILITY:</strong> <span style=""color:#1a7f37"">✓ In stock</span> — limited edition, available while supplier inventory lasts.</p>
<p><strong>QUESTIONS?</strong> Email <a href=""mailto:hello@luxemia.shop"">hello@luxemia.shop</a>, call <a href=""tel:+12153419990"">+1-215-341-9990</a>, or <a href=""https://wa.me/12153419990"" target=""_blank"">WhatsApp Mini</a> — I answer the phone myself in English, Hindi, or Gujarati.</p>
<p><strong>SEE ALSO:</strong> <a href=""https://luxemia.shop/returns"">Returns policy</a> | <a href=""https://luxemia.shop/size-guide"">Size guide</a> | <a href=""https://luxemia.shop/blog/how-to-measure-for-indian-ethnic-wear"">How to measure</a> | <a href=""https://luxemia.shop/lehengas"">Browse all lehengas</a></p>
<p>— Mini, founder of LuxeMia</p>",LuxeMia,Clothing,Lehenga Choli,"black,pure cotton,festival wear,ribbon work,lehenga,lehenga choli,indian ethnic wear,usa,ships from india,festive,navratri,in stock",TRUE,Stitching,Readymade,Size,"Bust 44""",2000,shopify,10,deny,manual,63.22,81.04,TRUE,TRUE,ws-leh-014-REA-BUST-44,https://luxemia.shop/images/products/lehengas/pure-cotton-black-festival-wear-ribbon-work-readymade-navratri-lehenga-choli-with-koti-404493-1.jpg,1,Black Pure Cotton Ribbon Work Lehenga Choli with Geometric Border,FALSE,Black Pure Cotton Ribbon Work Lehenga Choli with … | LuxeMia,Black Pure Cotton Ribbon lehenga choli for festival — $63. Ships in 2-3 days. DHL Express 3-5 days. In stock.,active,https://luxemia.shop/images/products/lehengas/pure-cotton-black-festival-wear-ribbon-work-readymade-navratri-lehenga-choli-with-koti-404493-1.jpg,kg
pure-cotton-black-festival-wear-ribbon-work-readymade-navratri-lehenga-choli-with-koti-404493,,,,,,,,,,,,,,,,,,,,,,https://luxemia.shop/images/products/lehengas/pure-cotton-black-festival-wear-ribbon-work-readymade-navratri-lehenga-choli-with-koti-404493-2.jpg,2,Black Pure Cotton Ribbon Work Lehenga Choli with Geometric Border - View 2,,,,,,
pure-cotton-black-festival-wear-ribbon-work-readymade-navratri-lehenga-choli-with-koti-404493,,,,,,,,,,,,,,,,,,,,,,https://luxemia.shop/images/products/lehengas/pure-cotton-black-festival-wear-ribbon-work-readymade-navratri-lehenga-choli-with-koti-404493-3.jpg,3,Black Pure Cotton Ribbon Work Lehenga Choli with Geometric Border - View 3,,,,,,
pure-cotton-black-festival-wear-ribbon-work-readymade-navratri-lehenga-choli-with-koti-404493,,,,,,,,,,,,,,,,,,,,,,https://luxemia.shop/images/products/lehengas/pure-cotton-black-festival-wear-ribbon-work-readymade-navratri-lehenga-choli-with-koti-404493-4.jpg,4,Black Pure Cotton Ribbon Work Lehenga Choli with Geometric Border - View 4,,,,,,
pure-cotton-black-festival-wear-ribbon-work-readymade-navratri-lehenga-choli-with-koti-404493,,,,,,,,,,,,,,,,,,,,,,https://luxemia.shop/images/products/lehengas/pure-cotton-black-festival-wear-ribbon-work-readymade-navratri-lehenga-choli-with-koti-404493-5.jpg,5,Black Pure Cotton Ribbon Work Lehenga Choli with Geometric Border - View 5,,,,,,
banarasi-silk-lilac-occasional-wear-embroidery-work-lehenga-choli-404487,Lilac Banarasi Silk Geometric Floral Embroidery Lehenga Choli,"<p>Lilac banarasi silk lehenga choli with embroidery work.</p>
<p>For occasional events — Navratri, Diwali, festivals, family functions.</p>
<p><strong>SET INCLUDES:</strong> Lehenga, choli, and dupatta.</p>
<p><strong>STITCHING OPTIONS:</strong></p>
<p>&nbsp;&nbsp;&bull; <strong>Standard Size S-XXL</strong> (+$23) — we stitch to a standard size before shipping.</p>
<p>&nbsp;&nbsp;&bull; <strong>Custom Stitching</strong> (+$37) — we stitch to your exact measurements (form emailed after order, 4-5 days extra).</p>
<p>&nbsp;&nbsp;&bull; <strong>Unstitched</strong> (+$0) — fabric shipped as-is, you arrange stitching locally.</p>
<p><strong>CARE:</strong> First Wash Dry Clean. Iron at moderate temperature.</p>
<p><strong>FABRIC:</strong> Pure Banarasi Silk (handwoven). Approx weight: 2 kg (lehenga set).</p>
<p><strong>SHIPPING:</strong> Ships within 2-3 days (processing). Standard delivery time varies by country. <strong>DHL Express delivers in 3-5 days</strong>. <strong>Free shipping is always Standard</strong> — DHL Express available at checkout for an additional fee.</p>
<p><strong>AVAILABILITY:</strong> <span style=""color:#1a7f37"">✓ In stock</span> — limited edition, available while supplier inventory lasts.</p>
<p><strong>QUESTIONS?</strong> Email <a href=""mailto:hello@luxemia.shop"">hello@luxemia.shop</a>, call <a href=""tel:+12153419990"">+1-215-341-9990</a>, or <a href=""https://wa.me/12153419990"" target=""_blank"">WhatsApp Mini</a> — I answer the phone myself in English, Hindi, or Gujarati.</p>
<p><strong>SEE ALSO:</strong> <a href=""https://luxemia.shop/returns"">Returns policy</a> | <a href=""https://luxemia.shop/size-guide"">Size guide</a> | <a href=""https://luxemia.shop/blog/how-to-measure-for-indian-ethnic-wear"">How to measure</a> | <a href=""https://luxemia.shop/lehengas"">Browse all lehengas</a></p>
<p>— Mini, founder of LuxeMia</p>",LuxeMia,Clothing,Lehenga Choli,"lilac,banarasi silk,occasional wear,embroidery work,lehenga,lehenga choli,indian ethnic wear,usa,ships from india,festive,navratri,in stock",TRUE,Stitching,Unstitched,Size,Standard,2000,shopify,10,deny,manual,177.17,227.13,TRUE,TRUE,ws-leh-015-UNS,https://luxemia.shop/images/products/lehengas/banarasi-silk-lilac-occasional-wear-embroidery-work-lehenga-choli-404487-1.jpg,1,Lilac Banarasi Silk Geometric Floral Embroidery Lehenga Choli,FALSE,Lilac Banarasi Silk Geometric Floral Embroidery L… | LuxeMia,Lilac Banarasi Silk Embroidery lehenga choli for occasional — $177. Ships in 2-3 days. DHL Express 3-5 days. In stock.,active,https://luxemia.shop/images/products/lehengas/banarasi-silk-lilac-occasional-wear-embroidery-work-lehenga-choli-404487-1.jpg,kg
banarasi-silk-lilac-occasional-wear-embroidery-work-lehenga-choli-404487,,,,,,,,Stitching,Custom Measurements,Size,Standard,2000,shopify,10,deny,manual,213.84,263.80,TRUE,TRUE,ws-leh-015-CUS,,,,FALSE,,,,https://luxemia.shop/images/products/lehengas/banarasi-silk-lilac-occasional-wear-embroidery-work-lehenga-choli-404487-1.jpg,kg
banarasi-silk-lilac-occasional-wear-embroidery-work-lehenga-choli-404487,,,,,,,,Stitching,Standard Size,Size,S,2000,shopify,10,deny,manual,200.50,250.46,TRUE,TRUE,ws-leh-015-STA-S,,,,FALSE,,,,https://luxemia.shop/images/products/lehengas/banarasi-silk-lilac-occasional-wear-embroidery-work-lehenga-choli-404487-1.jpg,kg
banarasi-silk-lilac-occasional-wear-embroidery-work-lehenga-choli-404487,,,,,,,,Stitching,Standard Size,Size,M,2000,shopify,10,deny,manual,200.50,250.46,TRUE,TRUE,ws-leh-015-STA-M,,,,FALSE,,,,https://luxemia.shop/images/products/lehengas/banarasi-silk-lilac-occasional-wear-embroidery-work-lehenga-choli-404487-1.jpg,kg
banarasi-silk-lilac-occasional-wear-embroidery-work-lehenga-choli-404487,,,,,,,,Stitching,Standard Size,Size,L,2000,shopify,10,deny,manual,200.50,250.46,TRUE,TRUE,ws-leh-015-STA-L,,,,FALSE,,,,https://luxemia.shop/images/products/lehengas/banarasi-silk-lilac-occasional-wear-embroidery-work-lehenga-choli-404487-1.jpg,kg
banarasi-silk-lilac-occasional-wear-embroidery-work-lehenga-choli-404487,,,,,,,,Stitching,Standard Size,Size,XL,2000,shopify,10,deny,manual,200.50,250.46,TRUE,TRUE,ws-leh-015-STA-XL,,,,FALSE,,,,https://luxemia.shop/images/products/lehengas/banarasi-silk-lilac-occasional-wear-embroidery-work-lehenga-choli-404487-1.jpg,kg
banarasi-silk-lilac-occasional-wear-embroidery-work-lehenga-choli-404487,,,,,,,,Stitching,Standard Size,Size,XXL,2000,shopify,10,deny,manual,200.50,250.46,TRUE,TRUE,ws-leh-015-STA-XXL,,,,FALSE,,,,https://luxemia.shop/images/products/lehengas/banarasi-silk-lilac-occasional-wear-embroidery-work-lehenga-choli-404487-1.jpg,kg
banarasi-silk-lilac-occasional-wear-embroidery-work-lehenga-choli-404487,,,,,,,,,,,,,,,,,,,,,,https://luxemia.shop/images/products/lehengas/banarasi-silk-lilac-occasional-wear-embroidery-work-lehenga-choli-404487-2.jpg,2,Lilac Banarasi Silk Geometric Floral Embroidery Lehenga Choli - View 2,,,,,,
banarasi-silk-lilac-occasional-wear-embroidery-work-lehenga-choli-404487,,,,,,,,,,,,,,,,,,,,,,https://luxemia.shop/images/products/lehengas/banarasi-silk-lilac-occasional-wear-embroidery-work-lehenga-choli-404487-3.jpg,3,Lilac Banarasi Silk Geometric Floral Embroidery Lehenga Choli - View 3,,,,,,
banarasi-silk-lilac-occasional-wear-embroidery-work-lehenga-choli-404487,,,,,,,,,,,,,,,,,,,,,,https://luxemia.shop/images/products/lehengas/banarasi-silk-lilac-occasional-wear-embroidery-work-lehenga-choli-404487-4.jpg,4,Lilac Banarasi Silk Geometric Floral Embroidery Lehenga Choli - View 4,,,,,,
banarasi-silk-lilac-occasional-wear-embroidery-work-lehenga-choli-404487,,,,,,,,,,,,,,,,,,,,,,https://luxemia.shop/images/products/lehengas/banarasi-silk-lilac-occasional-wear-embroidery-work-lehenga-choli-404487-5.jpg,5,Lilac Banarasi Silk Geometric Floral Embroidery Lehenga Choli - View 5,,,,,,
banarasi-silk-olive-green-occasional-wear-embroidery-work-lehenga-choli-404486,Olive Green Banarasi Silk Folk Motifs Embroidery Lehenga Choli,"<p>Olive green banarasi silk lehenga choli with embroidery work.</p>
<p>For occasional events — Navratri, Diwali, festivals, family functions.</p>
<p><strong>SET INCLUDES:</strong> Lehenga, choli, and dupatta.</p>
<p><strong>STITCHING OPTIONS:</strong></p>
<p>&nbsp;&nbsp;&bull; <strong>Standard Size S-XXL</strong> (+$23) — we stitch to a standard size before shipping.</p>
<p>&nbsp;&nbsp;&bull; <strong>Custom Stitching</strong> (+$37) — we stitch to your exact measurements (form emailed after order, 4-5 days extra).</p>
<p>&nbsp;&nbsp;&bull; <strong>Unstitched</strong> (+$0) — fabric shipped as-is, you arrange stitching locally.</p>
<p><strong>CARE:</strong> First Wash Dry Clean. Iron at moderate temperature.</p>
<p><strong>FABRIC:</strong> Pure Banarasi Silk (handwoven). Approx weight: 2 kg (lehenga set).</p>
<p><strong>SHIPPING:</strong> Ships within 2-3 days (processing). Standard delivery time varies by country. <strong>DHL Express delivers in 3-5 days</strong>. <strong>Free shipping is always Standard</strong> — DHL Express available at checkout for an additional fee.</p>
<p><strong>AVAILABILITY:</strong> <span style=""color:#1a7f37"">✓ In stock</span> — limited edition, available while supplier inventory lasts.</p>
<p><strong>QUESTIONS?</strong> Email <a href=""mailto:hello@luxemia.shop"">hello@luxemia.shop</a>, call <a href=""tel:+12153419990"">+1-215-341-9990</a>, or <a href=""https://wa.me/12153419990"" target=""_blank"">WhatsApp Mini</a> — I answer the phone myself in English, Hindi, or Gujarati.</p>
<p><strong>SEE ALSO:</strong> <a href=""https://luxemia.shop/returns"">Returns policy</a> | <a href=""https://luxemia.shop/size-guide"">Size guide</a> | <a href=""https://luxemia.shop/blog/how-to-measure-for-indian-ethnic-wear"">How to measure</a> | <a href=""https://luxemia.shop/lehengas"">Browse all lehengas</a></p>
<p>— Mini, founder of LuxeMia</p>",LuxeMia,Clothing,Lehenga Choli,"olive green,banarasi silk,occasional wear,embroidery work,lehenga,lehenga choli,indian ethnic wear,usa,ships from india,festive,navratri,in stock",TRUE,Stitching,Unstitched,Size,Standard,2000,shopify,10,deny,manual,177.17,227.13,TRUE,TRUE,ws-leh-016-UNS,https://luxemia.shop/images/products/lehengas/banarasi-silk-olive-green-occasional-wear-embroidery-work-lehenga-choli-404486-1.jpg,1,Olive Green Banarasi Silk Folk Motifs Embroidery Lehenga Choli,FALSE,Olive Green Banarasi Silk Folk Motifs Embroidery … | LuxeMia,Olive Green Banarasi Silk Embroidery lehenga choli for occasional — $177. Ships in 2-3 days. DHL Express 3-5 days. In stock.,active,https://luxemia.shop/images/products/lehengas/banarasi-silk-olive-green-occasional-wear-embroidery-work-lehenga-choli-404486-1.jpg,kg
banarasi-silk-olive-green-occasional-wear-embroidery-work-lehenga-choli-404486,,,,,,,,Stitching,Custom Measurements,Size,Standard,2000,shopify,10,deny,manual,213.84,263.80,TRUE,TRUE,ws-leh-016-CUS,,,,FALSE,,,,https://luxemia.shop/images/products/lehengas/banarasi-silk-olive-green-occasional-wear-embroidery-work-lehenga-choli-404486-1.jpg,kg
banarasi-silk-olive-green-occasional-wear-embroidery-work-lehenga-choli-404486,,,,,,,,Stitching,Standard Size,Size,S,2000,shopify,10,deny,manual,200.50,250.46,TRUE,TRUE,ws-leh-016-STA-S,,,,FALSE,,,,https://luxemia.shop/images/products/lehengas/banarasi-silk-olive-green-occasional-wear-embroidery-work-lehenga-choli-404486-1.jpg,kg
banarasi-silk-olive-green-occasional-wear-embroidery-work-lehenga-choli-404486,,,,,,,,Stitching,Standard Size,Size,M,2000,shopify,10,deny,manual,200.50,250.46,TRUE,TRUE,ws-leh-016-STA-M,,,,FALSE,,,,https://luxemia.shop/images/products/lehengas/banarasi-silk-olive-green-occasional-wear-embroidery-work-lehenga-choli-404486-1.jpg,kg
banarasi-silk-olive-green-occasional-wear-embroidery-work-lehenga-choli-404486,,,,,,,,Stitching,Standard Size,Size,L,2000,shopify,10,deny,manual,200.50,250.46,TRUE,TRUE,ws-leh-016-STA-L,,,,FALSE,,,,https://luxemia.shop/images/products/lehengas/banarasi-silk-olive-green-occasional-wear-embroidery-work-lehenga-choli-404486-1.jpg,kg
banarasi-silk-olive-green-occasional-wear-embroidery-work-lehenga-choli-404486,,,,,,,,Stitching,Standard Size,Size,XL,2000,shopify,10,deny,manual,200.50,250.46,TRUE,TRUE,ws-leh-016-STA-XL,,,,FALSE,,,,https://luxemia.shop/images/products/lehengas/banarasi-silk-olive-green-occasional-wear-embroidery-work-lehenga-choli-404486-1.jpg,kg
banarasi-silk-olive-green-occasional-wear-embroidery-work-lehenga-choli-404486,,,,,,,,Stitching,Standard Size,Size,XXL,2000,shopify,10,deny,manual,200.50,250.46,TRUE,TRUE,ws-leh-016-STA-XXL,,,,FALSE,,,,https://luxemia.shop/images/products/lehengas/banarasi-silk-olive-green-occasional-wear-embroidery-work-lehenga-choli-404486-1.jpg,kg
banarasi-silk-olive-green-occasional-wear-embroidery-work-lehenga-choli-404486,,,,,,,,,,,,,,,,,,,,,,https://luxemia.shop/images/products/lehengas/banarasi-silk-olive-green-occasional-wear-embroidery-work-lehenga-choli-404486-2.jpg,2,Olive Green Banarasi Silk Folk Motifs Embroidery Lehenga Choli - View 2,,,,,,
banarasi-silk-olive-green-occasional-wear-embroidery-work-lehenga-choli-404486,,,,,,,,,,,,,,,,,,,,,,https://luxemia.shop/images/products/lehengas/banarasi-silk-olive-green-occasional-wear-embroidery-work-lehenga-choli-404486-3.jpg,3,Olive Green Banarasi Silk Folk Motifs Embroidery Lehenga Choli - View 3,,,,,,
banarasi-silk-olive-green-occasional-wear-embroidery-work-lehenga-choli-404486,,,,,,,,,,,,,,,,,,,,,,https://luxemia.shop/images/products/lehengas/banarasi-silk-olive-green-occasional-wear-embroidery-work-lehenga-choli-404486-4.jpg,4,Olive Green Banarasi Silk Folk Motifs Embroidery Lehenga Choli - View 4,,,,,,
banarasi-silk-olive-green-occasional-wear-embroidery-work-lehenga-choli-404486,,,,,,,,,,,,,,,,,,,,,,https://luxemia.shop/images/products/lehengas/banarasi-silk-olive-green-occasional-wear-embroidery-work-lehenga-choli-404486-5.jpg,5,Olive Green Banarasi Silk Folk Motifs Embroidery Lehenga Choli - View 5,,,,,,
banarasi-silk-purple-occasional-wear-embroidery-work-lehenga-choli-404485,Purple Banarasi Silk Folk Motifs Embroidery Lehenga Choli,"<p>Purple banarasi silk lehenga choli with embroidery work.</p>
<p>For occasional events — Navratri, Diwali, festivals, family functions.</p>
<p><strong>SET INCLUDES:</strong> Lehenga, choli, and dupatta.</p>
<p><strong>STITCHING OPTIONS:</strong></p>
<p>&nbsp;&nbsp;&bull; <strong>Standard Size S-XXL</strong> (+$23) — we stitch to a standard size before shipping.</p>
<p>&nbsp;&nbsp;&bull; <strong>Custom Stitching</strong> (+$37) — we stitch to your exact measurements (form emailed after order, 4-5 days extra).</p>
<p>&nbsp;&nbsp;&bull; <strong>Unstitched</strong> (+$0) — fabric shipped as-is, you arrange stitching locally.</p>
<p><strong>CARE:</strong> First Wash Dry Clean. Iron at moderate temperature.</p>
<p><strong>FABRIC:</strong> Pure Banarasi Silk (handwoven). Approx weight: 2 kg (lehenga set).</p>
<p><strong>SHIPPING:</strong> Ships within 2-3 days (processing). Standard delivery time varies by country. <strong>DHL Express delivers in 3-5 days</strong>. <strong>Free shipping is always Standard</strong> — DHL Express available at checkout for an additional fee.</p>
<p><strong>AVAILABILITY:</strong> <span style=""color:#1a7f37"">✓ In stock</span> — limited edition, available while supplier inventory lasts.</p>
<p><strong>QUESTIONS?</strong> Email <a href=""mailto:hello@luxemia.shop"">hello@luxemia.shop</a>, call <a href=""tel:+12153419990"">+1-215-341-9990</a>, or <a href=""https://wa.me/12153419990"" target=""_blank"">WhatsApp Mini</a> — I answer the phone myself in English, Hindi, or Gujarati.</p>
<p><strong>SEE ALSO:</strong> <a href=""https://luxemia.shop/returns"">Returns policy</a> | <a href=""https://luxemia.shop/size-guide"">Size guide</a> | <a href=""https://luxemia.shop/blog/how-to-measure-for-indian-ethnic-wear"">How to measure</a> | <a href=""https://luxemia.shop/lehengas"">Browse all lehengas</a></p>
<p>— Mini, founder of LuxeMia</p>",LuxeMia,Clothing,Lehenga Choli,"purple,banarasi silk,occasional wear,embroidery work,lehenga,lehenga choli,indian ethnic wear,usa,ships from india,festive,navratri,in stock",TRUE,Stitching,Unstitched,Size,Standard,2000,shopify,10,deny,manual,177.17,227.13,TRUE,TRUE,ws-leh-017-UNS,https://luxemia.shop/images/products/lehengas/banarasi-silk-purple-occasional-wear-embroidery-work-lehenga-choli-404485-1.jpg,1,Purple Banarasi Silk Folk Motifs Embroidery Lehenga Choli,FALSE,Purple Banarasi Silk Folk Motifs Embroidery Lehen… | LuxeMia,Purple Banarasi Silk Embroidery lehenga choli for occasional — $177. Ships in 2-3 days. DHL Express 3-5 days. In stock.,active,https://luxemia.shop/images/products/lehengas/banarasi-silk-purple-occasional-wear-embroidery-work-lehenga-choli-404485-1.jpg,kg
banarasi-silk-purple-occasional-wear-embroidery-work-lehenga-choli-404485,,,,,,,,Stitching,Custom Measurements,Size,Standard,2000,shopify,10,deny,manual,213.84,263.80,TRUE,TRUE,ws-leh-017-CUS,,,,FALSE,,,,https://luxemia.shop/images/products/lehengas/banarasi-silk-purple-occasional-wear-embroidery-work-lehenga-choli-404485-1.jpg,kg
banarasi-silk-purple-occasional-wear-embroidery-work-lehenga-choli-404485,,,,,,,,Stitching,Standard Size,Size,S,2000,shopify,10,deny,manual,200.50,250.46,TRUE,TRUE,ws-leh-017-STA-S,,,,FALSE,,,,https://luxemia.shop/images/products/lehengas/banarasi-silk-purple-occasional-wear-embroidery-work-lehenga-choli-404485-1.jpg,kg
banarasi-silk-purple-occasional-wear-embroidery-work-lehenga-choli-404485,,,,,,,,Stitching,Standard Size,Size,M,2000,shopify,10,deny,manual,200.50,250.46,TRUE,TRUE,ws-leh-017-STA-M,,,,FALSE,,,,https://luxemia.shop/images/products/lehengas/banarasi-silk-purple-occasional-wear-embroidery-work-lehenga-choli-404485-1.jpg,kg
banarasi-silk-purple-occasional-wear-embroidery-work-lehenga-choli-404485,,,,,,,,Stitching,Standard Size,Size,L,2000,shopify,10,deny,manual,200.50,250.46,TRUE,TRUE,ws-leh-017-STA-L,,,,FALSE,,,,https://luxemia.shop/images/products/lehengas/banarasi-silk-purple-occasional-wear-embroidery-work-lehenga-choli-404485-1.jpg,kg
banarasi-silk-purple-occasional-wear-embroidery-work-lehenga-choli-404485,,,,,,,,Stitching,Standard Size,Size,XL,2000,shopify,10,deny,manual,200.50,250.46,TRUE,TRUE,ws-leh-017-STA-XL,,,,FALSE,,,,https://luxemia.shop/images/products/lehengas/banarasi-silk-purple-occasional-wear-embroidery-work-lehenga-choli-404485-1.jpg,kg
banarasi-silk-purple-occasional-wear-embroidery-work-lehenga-choli-404485,,,,,,,,Stitching,Standard Size,Size,XXL,2000,shopify,10,deny,manual,200.50,250.46,TRUE,TRUE,ws-leh-017-STA-XXL,,,,FALSE,,,,https://luxemia.shop/images/products/lehengas/banarasi-silk-purple-occasional-wear-embroidery-work-lehenga-choli-404485-1.jpg,kg
banarasi-silk-purple-occasional-wear-embroidery-work-lehenga-choli-404485,,,,,,,,,,,,,,,,,,,,,,https://luxemia.shop/images/products/lehengas/banarasi-silk-purple-occasional-wear-embroidery-work-lehenga-choli-404485-2.jpg,2,Purple Banarasi Silk Folk Motifs Embroidery Lehenga Choli - View 2,,,,,,
banarasi-silk-purple-occasional-wear-embroidery-work-lehenga-choli-404485,,,,,,,,,,,,,,,,,,,,,,https://luxemia.shop/images/products/lehengas/banarasi-silk-purple-occasional-wear-embroidery-work-lehenga-choli-404485-3.jpg,3,Purple Banarasi Silk Folk Motifs Embroidery Lehenga Choli - View 3,,,,,,
banarasi-silk-purple-occasional-wear-embroidery-work-lehenga-choli-404485,,,,,,,,,,,,,,,,,,,,,,https://luxemia.shop/images/products/lehengas/banarasi-silk-purple-occasional-wear-embroidery-work-lehenga-choli-404485-4.jpg,4,Purple Banarasi Silk Folk Motifs Embroidery Lehenga Choli - View 4,,,,,,
banarasi-silk-rani-pink-occasional-wear-embroidery-work-lehenga-choli-404484,Rani Pink Banarasi Silk Folk Motifs Embroidery Lehenga Choli,"<p>Rani pink banarasi silk lehenga choli with embroidery work.</p>
<p>For occasional events — Navratri, Diwali, festivals, family functions.</p>
<p><strong>SET INCLUDES:</strong> Lehenga, choli, and dupatta.</p>
<p><strong>STITCHING OPTIONS:</strong></p>
<p>&nbsp;&nbsp;&bull; <strong>Standard Size S-XXL</strong> (+$23) — we stitch to a standard size before shipping.</p>
<p>&nbsp;&nbsp;&bull; <strong>Custom Stitching</strong> (+$37) — we stitch to your exact measurements (form emailed after order, 4-5 days extra).</p>
<p>&nbsp;&nbsp;&bull; <strong>Unstitched</strong> (+$0) — fabric shipped as-is, you arrange stitching locally.</p>
<p><strong>CARE:</strong> First Wash Dry Clean. Iron at moderate temperature.</p>
<p><strong>FABRIC:</strong> Pure Banarasi Silk (handwoven). Approx weight: 2 kg (lehenga set).</p>
<p><strong>SHIPPING:</strong> Ships within 2-3 days (processing). Standard delivery time varies by country. <strong>DHL Express delivers in 3-5 days</strong>. <strong>Free shipping is always Standard</strong> — DHL Express available at checkout for an additional fee.</p>
<p><strong>AVAILABILITY:</strong> <span style=""color:#1a7f37"">✓ In stock</span> — limited edition, available while supplier inventory lasts.</p>
<p><strong>QUESTIONS?</strong> Email <a href=""mailto:hello@luxemia.shop"">hello@luxemia.shop</a>, call <a href=""tel:+12153419990"">+1-215-341-9990</a>, or <a href=""https://wa.me/12153419990"" target=""_blank"">WhatsApp Mini</a> — I answer the phone myself in English, Hindi, or Gujarati.</p>
<p><strong>SEE ALSO:</strong> <a href=""https://luxemia.shop/returns"">Returns policy</a> | <a href=""https://luxemia.shop/size-guide"">Size guide</a> | <a href=""https://luxemia.shop/blog/how-to-measure-for-indian-ethnic-wear"">How to measure</a> | <a href=""https://luxemia.shop/lehengas"">Browse all lehengas</a></p>
<p>— Mini, founder of LuxeMia</p>",LuxeMia,Clothing,Lehenga Choli,"rani pink,banarasi silk,occasional wear,embroidery work,lehenga,lehenga choli,indian ethnic wear,usa,ships from india,festive,navratri,in stock",TRUE,Stitching,Unstitched,Size,Standard,2000,shopify,10,deny,manual,177.17,227.13,TRUE,TRUE,ws-leh-018-UNS,https://luxemia.shop/images/products/lehengas/banarasi-silk-rani-pink-occasional-wear-embroidery-work-lehenga-choli-404484-1.jpg,1,Rani Pink Banarasi Silk Folk Motifs Embroidery Lehenga Choli,FALSE,Rani Pink Banarasi Silk Folk Motifs Embroidery Le… | LuxeMia,Rani Pink Banarasi Silk Embroidery lehenga choli for occasional — $177. Ships in 2-3 days. DHL Express 3-5 days. In stock.,active,https://luxemia.shop/images/products/lehengas/banarasi-silk-rani-pink-occasional-wear-embroidery-work-lehenga-choli-404484-1.jpg,kg
banarasi-silk-rani-pink-occasional-wear-embroidery-work-lehenga-choli-404484,,,,,,,,Stitching,Custom Measurements,Size,Standard,2000,shopify,10,deny,manual,213.84,263.80,TRUE,TRUE,ws-leh-018-CUS,,,,FALSE,,,,https://luxemia.shop/images/products/lehengas/banarasi-silk-rani-pink-occasional-wear-embroidery-work-lehenga-choli-404484-1.jpg,kg
banarasi-silk-rani-pink-occasional-wear-embroidery-work-lehenga-choli-404484,,,,,,,,Stitching,Standard Size,Size,S,2000,shopify,10,deny,manual,200.50,250.46,TRUE,TRUE,ws-leh-018-STA-S,,,,FALSE,,,,https://luxemia.shop/images/products/lehengas/banarasi-silk-rani-pink-occasional-wear-embroidery-work-lehenga-choli-404484-1.jpg,kg
banarasi-silk-rani-pink-occasional-wear-embroidery-work-lehenga-choli-404484,,,,,,,,Stitching,Standard Size,Size,M,2000,shopify,10,deny,manual,200.50,250.46,TRUE,TRUE,ws-leh-018-STA-M,,,,FALSE,,,,https://luxemia.shop/images/products/lehengas/banarasi-silk-rani-pink-occasional-wear-embroidery-work-lehenga-choli-404484-1.jpg,kg
banarasi-silk-rani-pink-occasional-wear-embroidery-work-lehenga-choli-404484,,,,,,,,Stitching,Standard Size,Size,L,2000,shopify,10,deny,manual,200.50,250.46,TRUE,TRUE,ws-leh-018-STA-L,,,,FALSE,,,,https://luxemia.shop/images/products/lehengas/banarasi-silk-rani-pink-occasional-wear-embroidery-work-lehenga-choli-404484-1.jpg,kg
banarasi-silk-rani-pink-occasional-wear-embroidery-work-lehenga-choli-404484,,,,,,,,Stitching,Standard Size,Size,XL,2000,shopify,10,deny,manual,200.50,250.46,TRUE,TRUE,ws-leh-018-STA-XL,,,,FALSE,,,,https://luxemia.shop/images/products/lehengas/banarasi-silk-rani-pink-occasional-wear-embroidery-work-lehenga-choli-404484-1.jpg,kg
banarasi-silk-rani-pink-occasional-wear-embroidery-work-lehenga-choli-404484,,,,,,,,Stitching,Standard Size,Size,XXL,2000,shopify,10,deny,manual,200.50,250.46,TRUE,TRUE,ws-leh-018-STA-XXL,,,,FALSE,,,,https://luxemia.shop/images/products/lehengas/banarasi-silk-rani-pink-occasional-wear-embroidery-work-lehenga-choli-404484-1.jpg,kg
banarasi-silk-rani-pink-occasional-wear-embroidery-work-lehenga-choli-404484,,,,,,,,,,,,,,,,,,,,,,https://luxemia.shop/images/products/lehengas/banarasi-silk-rani-pink-occasional-wear-embroidery-work-lehenga-choli-404484-2.jpg,2,Rani Pink Banarasi Silk Folk Motifs Embroidery Lehenga Choli - View 2,,,,,,
banarasi-silk-rani-pink-occasional-wear-embroidery-work-lehenga-choli-404484,,,,,,,,,,,,,,,,,,,,,,https://luxemia.shop/images/products/lehengas/banarasi-silk-rani-pink-occasional-wear-embroidery-work-lehenga-choli-404484-3.jpg,3,Rani Pink Banarasi Silk Folk Motifs Embroidery Lehenga Choli - View 3,,,,,,
banarasi-silk-rani-pink-occasional-wear-embroidery-work-lehenga-choli-404484,,,,,,,,,,,,,,,,,,,,,,https://luxemia.shop/images/products/lehengas/banarasi-silk-rani-pink-occasional-wear-embroidery-work-lehenga-choli-404484-4.jpg,4,Rani Pink Banarasi Silk Folk Motifs Embroidery Lehenga Choli - View 4,,,,,,
banarasi-silk-rani-pink-occasional-wear-embroidery-work-lehenga-choli-404484,,,,,,,,,,,,,,,,,,,,,,https://luxemia.shop/images/products/lehengas/banarasi-silk-rani-pink-occasional-wear-embroidery-work-lehenga-choli-404484-5.jpg,5,Rani Pink Banarasi Silk Folk Motifs Embroidery Lehenga Choli - View 5,,,,,,
banarasi-silk-cream-occasional-wear-embroidery-work-lehenga-choli-404483,Cream Banarasi Silk Floral Folk Motifs Lehenga Choli,"<p>Cream banarasi silk lehenga choli with embroidery work.</p>
<p>For occasional events — Navratri, Diwali, festivals, family functions.</p>
<p><strong>SET INCLUDES:</strong> Lehenga, choli, and dupatta.</p>
<p><strong>STITCHING OPTIONS:</strong></p>
<p>&nbsp;&nbsp;&bull; <strong>Standard Size S-XXL</strong> (+$23) — we stitch to a standard size before shipping.</p>
<p>&nbsp;&nbsp;&bull; <strong>Custom Stitching</strong> (+$37) — we stitch to your exact measurements (form emailed after order, 4-5 days extra).</p>
<p>&nbsp;&nbsp;&bull; <strong>Unstitched</strong> (+$0) — fabric shipped as-is, you arrange stitching locally.</p>
<p><strong>CARE:</strong> First Wash Dry Clean. Iron at moderate temperature.</p>
<p><strong>FABRIC:</strong> Pure Banarasi Silk (handwoven). Approx weight: 2 kg (lehenga set).</p>
<p><strong>SHIPPING:</strong> Ships within 2-3 days (processing). Standard delivery time varies by country. <strong>DHL Express delivers in 3-5 days</strong>. <strong>Free shipping is always Standard</strong> — DHL Express available at checkout for an additional fee.</p>
<p><strong>AVAILABILITY:</strong> <span style=""color:#1a7f37"">✓ In stock</span> — limited edition, available while supplier inventory lasts.</p>
<p><strong>QUESTIONS?</strong> Email <a href=""mailto:hello@luxemia.shop"">hello@luxemia.shop</a>, call <a href=""tel:+12153419990"">+1-215-341-9990</a>, or <a href=""https://wa.me/12153419990"" target=""_blank"">WhatsApp Mini</a> — I answer the phone myself in English, Hindi, or Gujarati.</p>
<p><strong>SEE ALSO:</strong> <a href=""https://luxemia.shop/returns"">Returns policy</a> | <a href=""https://luxemia.shop/size-guide"">Size guide</a> | <a href=""https://luxemia.shop/blog/how-to-measure-for-indian-ethnic-wear"">How to measure</a> | <a href=""https://luxemia.shop/lehengas"">Browse all lehengas</a></p>
<p>— Mini, founder of LuxeMia</p>",LuxeMia,Clothing,Lehenga Choli,"cream,banarasi silk,occasional wear,embroidery work,lehenga,lehenga choli,indian ethnic wear,usa,ships from india,festive,navratri,in stock",TRUE,Stitching,Unstitched,Size,Standard,2000,shopify,10,deny,manual,177.17,227.13,TRUE,TRUE,ws-leh-019-UNS,https://luxemia.shop/images/products/lehengas/banarasi-silk-cream-occasional-wear-embroidery-work-lehenga-choli-404483-1.jpg,1,Cream Banarasi Silk Floral Folk Motifs Lehenga Choli,FALSE,Cream Banarasi Silk Floral Folk Motifs Lehenga Ch… | LuxeMia,Cream Banarasi Silk Embroidery lehenga choli for occasional — $177. Ships in 2-3 days. DHL Express 3-5 days. In stock.,active,https://luxemia.shop/images/products/lehengas/banarasi-silk-cream-occasional-wear-embroidery-work-lehenga-choli-404483-1.jpg,kg
banarasi-silk-cream-occasional-wear-embroidery-work-lehenga-choli-404483,,,,,,,,Stitching,Custom Measurements,Size,Standard,2000,shopify,10,deny,manual,213.84,263.80,TRUE,TRUE,ws-leh-019-CUS,,,,FALSE,,,,https://luxemia.shop/images/products/lehengas/banarasi-silk-cream-occasional-wear-embroidery-work-lehenga-choli-404483-1.jpg,kg
banarasi-silk-cream-occasional-wear-embroidery-work-lehenga-choli-404483,,,,,,,,Stitching,Standard Size,Size,S,2000,shopify,10,deny,manual,200.50,250.46,TRUE,TRUE,ws-leh-019-STA-S,,,,FALSE,,,,https://luxemia.shop/images/products/lehengas/banarasi-silk-cream-occasional-wear-embroidery-work-lehenga-choli-404483-1.jpg,kg
banarasi-silk-cream-occasional-wear-embroidery-work-lehenga-choli-404483,,,,,,,,Stitching,Standard Size,Size,M,2000,shopify,10,deny,manual,200.50,250.46,TRUE,TRUE,ws-leh-019-STA-M,,,,FALSE,,,,https://luxemia.shop/images/products/lehengas/banarasi-silk-cream-occasional-wear-embroidery-work-lehenga-choli-404483-1.jpg,kg
banarasi-silk-cream-occasional-wear-embroidery-work-lehenga-choli-404483,,,,,,,,Stitching,Standard Size,Size,L,2000,shopify,10,deny,manual,200.50,250.46,TRUE,TRUE,ws-leh-019-STA-L,,,,FALSE,,,,https://luxemia.shop/images/products/lehengas/banarasi-silk-cream-occasional-wear-embroidery-work-lehenga-choli-404483-1.jpg,kg
banarasi-silk-cream-occasional-wear-embroidery-work-lehenga-choli-404483,,,,,,,,Stitching,Standard Size,Size,XL,2000,shopify,10,deny,manual,200.50,250.46,TRUE,TRUE,ws-leh-019-STA-XL,,,,FALSE,,,,https://luxemia.shop/images/products/lehengas/banarasi-silk-cream-occasional-wear-embroidery-work-lehenga-choli-404483-1.jpg,kg
banarasi-silk-cream-occasional-wear-embroidery-work-lehenga-choli-404483,,,,,,,,Stitching,Standard Size,Size,XXL,2000,shopify,10,deny,manual,200.50,250.46,TRUE,TRUE,ws-leh-019-STA-XXL,,,,FALSE,,,,https://luxemia.shop/images/products/lehengas/banarasi-silk-cream-occasional-wear-embroidery-work-lehenga-choli-404483-1.jpg,kg
banarasi-silk-cream-occasional-wear-embroidery-work-lehenga-choli-404483,,,,,,,,,,,,,,,,,,,,,,https://luxemia.shop/images/products/lehengas/banarasi-silk-cream-occasional-wear-embroidery-work-lehenga-choli-404483-2.jpg,2,Cream Banarasi Silk Floral Folk Motifs Lehenga Choli - View 2,,,,,,
banarasi-silk-cream-occasional-wear-embroidery-work-lehenga-choli-404483,,,,,,,,,,,,,,,,,,,,,,https://luxemia.shop/images/products/lehengas/banarasi-silk-cream-occasional-wear-embroidery-work-lehenga-choli-404483-3.jpg,3,Cream Banarasi Silk Floral Folk Motifs Lehenga Choli - View 3,,,,,,
banarasi-silk-cream-occasional-wear-embroidery-work-lehenga-choli-404483,,,,,,,,,,,,,,,,,,,,,,https://luxemia.shop/images/products/lehengas/banarasi-silk-cream-occasional-wear-embroidery-work-lehenga-choli-404483-4.jpg,4,Cream Banarasi Silk Floral Folk Motifs Lehenga Choli - View 4,,,,,,
banarasi-silk-cream-occasional-wear-embroidery-work-lehenga-choli-404483,,,,,,,,,,,,,,,,,,,,,,https://luxemia.shop/images/products/lehengas/banarasi-silk-cream-occasional-wear-embroidery-work-lehenga-choli-404483-5.jpg,5,Cream Banarasi Silk Floral Folk Motifs Lehenga Choli - View 5,,,,,,
banarasi-silk-peach-occasional-wear-embroidery-work-lehenga-choli-404482,Peach Banarasi Silk Floral Paisley Embroidery Lehenga Choli,"<p>Peach banarasi silk lehenga choli with embroidery work.</p>
<p>For occasional events — Navratri, Diwali, festivals, family functions.</p>
<p><strong>SET INCLUDES:</strong> Lehenga, choli, and dupatta.</p>
<p><strong>STITCHING OPTIONS:</strong></p>
<p>&nbsp;&nbsp;&bull; <strong>Standard Size S-XXL</strong> (+$23) — we stitch to a standard size before shipping.</p>
<p>&nbsp;&nbsp;&bull; <strong>Custom Stitching</strong> (+$37) — we stitch to your exact measurements (form emailed after order, 4-5 days extra).</p>
<p>&nbsp;&nbsp;&bull; <strong>Unstitched</strong> (+$0) — fabric shipped as-is, you arrange stitching locally.</p>
<p><strong>CARE:</strong> First Wash Dry Clean. Iron at moderate temperature.</p>
<p><strong>FABRIC:</strong> Pure Banarasi Silk (handwoven). Approx weight: 2 kg (lehenga set).</p>
<p><strong>SHIPPING:</strong> Ships within 2-3 days (processing). Standard delivery time varies by country. <strong>DHL Express delivers in 3-5 days</strong>. <strong>Free shipping is always Standard</strong> — DHL Express available at checkout for an additional fee.</p>
<p><strong>AVAILABILITY:</strong> <span style=""color:#1a7f37"">✓ In stock</span> — limited edition, available while supplier inventory lasts.</p>
<p><strong>QUESTIONS?</strong> Email <a href=""mailto:hello@luxemia.shop"">hello@luxemia.shop</a>, call <a href=""tel:+12153419990"">+1-215-341-9990</a>, or <a href=""https://wa.me/12153419990"" target=""_blank"">WhatsApp Mini</a> — I answer the phone myself in English, Hindi, or Gujarati.</p>
<p><strong>SEE ALSO:</strong> <a href=""https://luxemia.shop/returns"">Returns policy</a> | <a href=""https://luxemia.shop/size-guide"">Size guide</a> | <a href=""https://luxemia.shop/blog/how-to-measure-for-indian-ethnic-wear"">How to measure</a> | <a href=""https://luxemia.shop/lehengas"">Browse all lehengas</a></p>
<p>— Mini, founder of LuxeMia</p>",LuxeMia,Clothing,Lehenga Choli,"peach,banarasi silk,occasional wear,embroidery work,lehenga,lehenga choli,indian ethnic wear,usa,ships from india,festive,navratri,in stock",TRUE,Stitching,Unstitched,Size,Standard,2000,shopify,10,deny,manual,177.17,227.13,TRUE,TRUE,ws-leh-020-UNS,https://luxemia.shop/images/products/lehengas/banarasi-silk-peach-occasional-wear-embroidery-work-lehenga-choli-404482-1.jpg,1,Peach Banarasi Silk Floral Paisley Embroidery Lehenga Choli,FALSE,Peach Banarasi Silk Floral Paisley Embroidery Leh… | LuxeMia,Peach Banarasi Silk Embroidery lehenga choli for occasional — $177. Ships in 2-3 days. DHL Express 3-5 days. In stock.,active,https://luxemia.shop/images/products/lehengas/banarasi-silk-peach-occasional-wear-embroidery-work-lehenga-choli-404482-1.jpg,kg
banarasi-silk-peach-occasional-wear-embroidery-work-lehenga-choli-404482,,,,,,,,Stitching,Custom Measurements,Size,Standard,2000,shopify,10,deny,manual,213.84,263.80,TRUE,TRUE,ws-leh-020-CUS,,,,FALSE,,,,https://luxemia.shop/images/products/lehengas/banarasi-silk-peach-occasional-wear-embroidery-work-lehenga-choli-404482-1.jpg,kg
banarasi-silk-peach-occasional-wear-embroidery-work-lehenga-choli-404482,,,,,,,,Stitching,Standard Size,Size,S,2000,shopify,10,deny,manual,200.50,250.46,TRUE,TRUE,ws-leh-020-STA-S,,,,FALSE,,,,https://luxemia.shop/images/products/lehengas/banarasi-silk-peach-occasional-wear-embroidery-work-lehenga-choli-404482-1.jpg,kg
banarasi-silk-peach-occasional-wear-embroidery-work-lehenga-choli-404482,,,,,,,,Stitching,Standard Size,Size,M,2000,shopify,10,deny,manual,200.50,250.46,TRUE,TRUE,ws-leh-020-STA-M,,,,FALSE,,,,https://luxemia.shop/images/products/lehengas/banarasi-silk-peach-occasional-wear-embroidery-work-lehenga-choli-404482-1.jpg,kg
banarasi-silk-peach-occasional-wear-embroidery-work-lehenga-choli-404482,,,,,,,,Stitching,Standard Size,Size,L,2000,shopify,10,deny,manual,200.50,250.46,TRUE,TRUE,ws-leh-020-STA-L,,,,FALSE,,,,https://luxemia.shop/images/products/lehengas/banarasi-silk-peach-occasional-wear-embroidery-work-lehenga-choli-404482-1.jpg,kg
banarasi-silk-peach-occasional-wear-embroidery-work-lehenga-choli-404482,,,,,,,,Stitching,Standard Size,Size,XL,2000,shopify,10,deny,manual,200.50,250.46,TRUE,TRUE,ws-leh-020-STA-XL,,,,FALSE,,,,https://luxemia.shop/images/products/lehengas/banarasi-silk-peach-occasional-wear-embroidery-work-lehenga-choli-404482-1.jpg,kg
banarasi-silk-peach-occasional-wear-embroidery-work-lehenga-choli-404482,,,,,,,,Stitching,Standard Size,Size,XXL,2000,shopify,10,deny,manual,200.50,250.46,TRUE,TRUE,ws-leh-020-STA-XXL,,,,FALSE,,,,https://luxemia.shop/images/products/lehengas/banarasi-silk-peach-occasional-wear-embroidery-work-lehenga-choli-404482-1.jpg,kg
banarasi-silk-peach-occasional-wear-embroidery-work-lehenga-choli-404482,,,,,,,,,,,,,,,,,,,,,,https://luxemia.shop/images/products/lehengas/banarasi-silk-peach-occasional-wear-embroidery-work-lehenga-choli-404482-2.jpg,2,Peach Banarasi Silk Floral Paisley Embroidery Lehenga Choli - View 2,,,,,,
banarasi-silk-peach-occasional-wear-embroidery-work-lehenga-choli-404482,,,,,,,,,,,,,,,,,,,,,,https://luxemia.shop/images/products/lehengas/banarasi-silk-peach-occasional-wear-embroidery-work-lehenga-choli-404482-3.jpg,3,Peach Banarasi Silk Floral Paisley Embroidery Lehenga Choli - View 3,,,,,,
banarasi-silk-peach-occasional-wear-embroidery-work-lehenga-choli-404482,,,,,,,,,,,,,,,,,,,,,,https://luxemia.shop/images/products/lehengas/banarasi-silk-peach-occasional-wear-embroidery-work-lehenga-choli-404482-4.jpg,4,Peach Banarasi Silk Floral Paisley Embroidery Lehenga Choli - View 4,,,,,,
banarasi-silk-peach-occasional-wear-embroidery-work-lehenga-choli-404482,,,,,,,,,,,,,,,,,,,,,,https://luxemia.shop/images/products/lehengas/banarasi-silk-peach-occasional-wear-embroidery-work-lehenga-choli-404482-5.jpg,5,Peach Banarasi Silk Floral Paisley Embroidery Lehenga Choli - View 5,,,,,,
fendi-silk-olive-green-festival-wear-embroidery-work-readymade-lehenga-choli-404449,Olive Green Fendi Silk Mirror Work Lehenga Choli with Border,"<p>Olive green fendi silk lehenga choli with embroidery work.</p>
<p>For festival events — Navratri, Diwali, festivals, family functions.</p>
<p><strong>SET INCLUDES:</strong> Lehenga, choli, and dupatta.</p>
<p><strong>STITCHING:</strong> Pre-stitched readymade.</p>
<p><strong>ALTERATIONS:</strong> We offer alterations to your desired measurements for an additional fee. Email <a href=""mailto:hello@luxemia.shop?subject=Alteration%20request%20for%20ws-leh-021"">hello@luxemia.shop</a> after ordering with your measurements.</p>
<p><strong>CARE:</strong> First Wash Dry Clean. Iron at moderate temperature.</p>
<p><strong>FABRIC:</strong> Fendi Silk (synthetic blend). Approx weight: 2 kg (lehenga set).</p>
<p><strong>SHIPPING:</strong> Ships within 2-3 days (processing). Standard delivery time varies by country. <strong>DHL Express delivers in 3-5 days</strong>. <strong>Free shipping is always Standard</strong> — DHL Express available at checkout for an additional fee.</p>
<p><strong>AVAILABILITY:</strong> <span style=""color:#1a7f37"">✓ In stock</span> — limited edition, available while supplier inventory lasts.</p>
<p><strong>QUESTIONS?</strong> Email <a href=""mailto:hello@luxemia.shop"">hello@luxemia.shop</a>, call <a href=""tel:+12153419990"">+1-215-341-9990</a>, or <a href=""https://wa.me/12153419990"" target=""_blank"">WhatsApp Mini</a> — I answer the phone myself in English, Hindi, or Gujarati.</p>
<p><strong>SEE ALSO:</strong> <a href=""https://luxemia.shop/returns"">Returns policy</a> | <a href=""https://luxemia.shop/size-guide"">Size guide</a> | <a href=""https://luxemia.shop/blog/how-to-measure-for-indian-ethnic-wear"">How to measure</a> | <a href=""https://luxemia.shop/lehengas"">Browse all lehengas</a></p>
<p>— Mini, founder of LuxeMia</p>",LuxeMia,Clothing,Lehenga Choli,"olive green,fendi silk,festival wear,embroidery work,lehenga,lehenga choli,indian ethnic wear,usa,ships from india,festive,navratri,in stock",TRUE,Stitching,Readymade,Size,"Bust 40""",2000,shopify,10,deny,manual,52.11,66.80,TRUE,TRUE,ws-leh-021-REA-BUST-40,https://luxemia.shop/images/products/lehengas/fendi-silk-olive-green-festival-wear-embroidery-work-readymade-lehenga-choli-404449-1.jpg,1,Olive Green Fendi Silk Mirror Work Lehenga Choli with Border,FALSE,Olive Green Fendi Silk Mirror Work Lehenga Choli … | LuxeMia,Olive Green Fendi Silk Embroidery lehenga choli for festival — $52. Ships in 2-3 days. DHL Express 3-5 days. In stock.,active,https://luxemia.shop/images/products/lehengas/fendi-silk-olive-green-festival-wear-embroidery-work-readymade-lehenga-choli-404449-1.jpg,kg
fendi-silk-olive-green-festival-wear-embroidery-work-readymade-lehenga-choli-404449,,,,,,,,Stitching,Readymade,Size,"Bust 42""",2000,shopify,10,deny,manual,52.11,66.80,TRUE,TRUE,ws-leh-021-REA-BUST-42,,,,FALSE,,,,https://luxemia.shop/images/products/lehengas/fendi-silk-olive-green-festival-wear-embroidery-work-readymade-lehenga-choli-404449-1.jpg,kg
fendi-silk-olive-green-festival-wear-embroidery-work-readymade-lehenga-choli-404449,,,,,,,,,,,,,,,,,,,,,,https://luxemia.shop/images/products/lehengas/fendi-silk-olive-green-festival-wear-embroidery-work-readymade-lehenga-choli-404449-2.jpg,2,Olive Green Fendi Silk Mirror Work Lehenga Choli with Border - View 2,,,,,,
fendi-silk-olive-green-festival-wear-embroidery-work-readymade-lehenga-choli-404449,,,,,,,,,,,,,,,,,,,,,,https://luxemia.shop/images/products/lehengas/fendi-silk-olive-green-festival-wear-embroidery-work-readymade-lehenga-choli-404449-3.jpg,3,Olive Green Fendi Silk Mirror Work Lehenga Choli with Border - View 3,,,,,,
fendi-silk-olive-green-festival-wear-embroidery-work-readymade-lehenga-choli-404449,,,,,,,,,,,,,,,,,,,,,,https://luxemia.shop/images/products/lehengas/fendi-silk-olive-green-festival-wear-embroidery-work-readymade-lehenga-choli-404449-4.jpg,4,Olive Green Fendi Silk Mirror Work Lehenga Choli with Border - View 4,,,,,,
fendi-silk-olive-green-festival-wear-embroidery-work-readymade-lehenga-choli-404449,,,,,,,,,,,,,,,,,,,,,,https://luxemia.shop/images/products/lehengas/fendi-silk-olive-green-festival-wear-embroidery-work-readymade-lehenga-choli-404449-5.jpg,5,Olive Green Fendi Silk Mirror Work Lehenga Choli with Border - View 5,,,,,,
cotton-multicolor-festival-wear-mirror-work-navratri-lehenga-choli-404441,Multicolor Cotton Mirror Lehenga Choli - Maroon Border,"<p>Multicolor cotton lehenga choli with mirror work.</p>
<p>For festival events — Navratri, Diwali, festivals, family functions.</p>
<p><strong>SET INCLUDES:</strong> Lehenga, choli, and dupatta.</p>
<p><strong>STITCHING OPTIONS:</strong></p>
<p>&nbsp;&nbsp;&bull; <strong>Standard Size S-XXL</strong> (+$23) — we stitch to a standard size before shipping.</p>
<p>&nbsp;&nbsp;&bull; <strong>Custom Stitching</strong> (+$37) — we stitch to your exact measurements (form emailed after order, 4-5 days extra).</p>
<p>&nbsp;&nbsp;&bull; <strong>Unstitched</strong> (+$0) — fabric shipped as-is, you arrange stitching locally.</p>
<p><strong>CARE:</strong> First Wash Dry Clean. Iron at moderate temperature.</p>
<p><strong>FABRIC:</strong> Cotton (natural fiber). Approx weight: 2 kg (lehenga set).</p>
<p><strong>SHIPPING:</strong> Ships within 2-3 days (processing). Standard delivery time varies by country. <strong>DHL Express delivers in 3-5 days</strong>. <strong>Free shipping is always Standard</strong> — DHL Express available at checkout for an additional fee.</p>
<p><strong>AVAILABILITY:</strong> <span style=""color:#1a7f37"">✓ In stock</span> — limited edition, available while supplier inventory lasts.</p>
<p><strong>QUESTIONS?</strong> Email <a href=""mailto:hello@luxemia.shop"">hello@luxemia.shop</a>, call <a href=""tel:+12153419990"">+1-215-341-9990</a>, or <a href=""https://wa.me/12153419990"" target=""_blank"">WhatsApp Mini</a> — I answer the phone myself in English, Hindi, or Gujarati.</p>
<p><strong>SEE ALSO:</strong> <a href=""https://luxemia.shop/returns"">Returns policy</a> | <a href=""https://luxemia.shop/size-guide"">Size guide</a> | <a href=""https://luxemia.shop/blog/how-to-measure-for-indian-ethnic-wear"">How to measure</a> | <a href=""https://luxemia.shop/lehengas"">Browse all lehengas</a></p>
<p>— Mini, founder of LuxeMia</p>",LuxeMia,Clothing,Lehenga Choli,"multicolor,cotton,festival wear,mirror work,lehenga,lehenga choli,indian ethnic wear,usa,ships from india,festive,navratri,in stock",TRUE,Stitching,Unstitched,Size,Standard,2000,shopify,10,deny,manual,53.22,68.24,TRUE,TRUE,ws-leh-022-UNS,https://luxemia.shop/images/products/lehengas/cotton-multicolor-festival-wear-mirror-work-navratri-lehenga-choli-404441-1.jpg,1,Multicolor Cotton Mirror Lehenga Choli - Maroon Border,FALSE,Multicolor Cotton Mirror Lehenga Choli - Maroon B… | LuxeMia,Multicolor Cotton Mirror lehenga choli for festival — $53. Ships in 2-3 days. DHL Express 3-5 days. In stock.,active,https://luxemia.shop/images/products/lehengas/cotton-multicolor-festival-wear-mirror-work-navratri-lehenga-choli-404441-1.jpg,kg
cotton-multicolor-festival-wear-mirror-work-navratri-lehenga-choli-404441,,,,,,,,Stitching,Custom Measurements,Size,Standard,2000,shopify,10,deny,manual,89.89,104.91,TRUE,TRUE,ws-leh-022-CUS,,,,FALSE,,,,https://luxemia.shop/images/products/lehengas/cotton-multicolor-festival-wear-mirror-work-navratri-lehenga-choli-404441-1.jpg,kg
cotton-multicolor-festival-wear-mirror-work-navratri-lehenga-choli-404441,,,,,,,,Stitching,Standard Size,Size,S,2000,shopify,10,deny,manual,76.55,91.57,TRUE,TRUE,ws-leh-022-STA-S,,,,FALSE,,,,https://luxemia.shop/images/products/lehengas/cotton-multicolor-festival-wear-mirror-work-navratri-lehenga-choli-404441-1.jpg,kg
cotton-multicolor-festival-wear-mirror-work-navratri-lehenga-choli-404441,,,,,,,,Stitching,Standard Size,Size,M,2000,shopify,10,deny,manual,76.55,91.57,TRUE,TRUE,ws-leh-022-STA-M,,,,FALSE,,,,https://luxemia.shop/images/products/lehengas/cotton-multicolor-festival-wear-mirror-work-navratri-lehenga-choli-404441-1.jpg,kg
cotton-multicolor-festival-wear-mirror-work-navratri-lehenga-choli-404441,,,,,,,,Stitching,Standard Size,Size,L,2000,shopify,10,deny,manual,76.55,91.57,TRUE,TRUE,ws-leh-022-STA-L,,,,FALSE,,,,https://luxemia.shop/images/products/lehengas/cotton-multicolor-festival-wear-mirror-work-navratri-lehenga-choli-404441-1.jpg,kg
cotton-multicolor-festival-wear-mirror-work-navratri-lehenga-choli-404441,,,,,,,,Stitching,Standard Size,Size,XL,2000,shopify,10,deny,manual,76.55,91.57,TRUE,TRUE,ws-leh-022-STA-XL,,,,FALSE,,,,https://luxemia.shop/images/products/lehengas/cotton-multicolor-festival-wear-mirror-work-navratri-lehenga-choli-404441-1.jpg,kg
cotton-multicolor-festival-wear-mirror-work-navratri-lehenga-choli-404441,,,,,,,,Stitching,Standard Size,Size,XXL,2000,shopify,10,deny,manual,76.55,91.57,TRUE,TRUE,ws-leh-022-STA-XXL,,,,FALSE,,,,https://luxemia.shop/images/products/lehengas/cotton-multicolor-festival-wear-mirror-work-navratri-lehenga-choli-404441-1.jpg,kg
cotton-multicolor-festival-wear-mirror-work-navratri-lehenga-choli-404441,,,,,,,,,,,,,,,,,,,,,,https://luxemia.shop/images/products/lehengas/cotton-multicolor-festival-wear-mirror-work-navratri-lehenga-choli-404441-2.jpg,2,Multicolor Cotton Mirror Lehenga Choli - Maroon Border - View 2,,,,,,
cotton-multicolor-festival-wear-mirror-work-navratri-lehenga-choli-404441,,,,,,,,,,,,,,,,,,,,,,https://luxemia.shop/images/products/lehengas/cotton-multicolor-festival-wear-mirror-work-navratri-lehenga-choli-404441-3.jpg,3,Multicolor Cotton Mirror Lehenga Choli - Maroon Border - View 3,,,,,,
cotton-multicolor-festival-wear-mirror-work-navratri-lehenga-choli-404441,,,,,,,,,,,,,,,,,,,,,,https://luxemia.shop/images/products/lehengas/cotton-multicolor-festival-wear-mirror-work-navratri-lehenga-choli-404441-4.jpg,4,Multicolor Cotton Mirror Lehenga Choli - Maroon Border - View 4,,,,,,
cotton-multicolor-festival-wear-mirror-work-navratri-lehenga-choli-404441,,,,,,,,,,,,,,,,,,,,,,https://luxemia.shop/images/products/lehengas/cotton-multicolor-festival-wear-mirror-work-navratri-lehenga-choli-404441-5.jpg,5,Multicolor Cotton Mirror Lehenga Choli - Maroon Border - View 5,,,,,,
cotton-multicolor-festival-wear-digital-print-work-navratri-lehenga-choli-404440,Multicolor Cotton Bandhani Print Lehenga Choli,"<p>Multicolor cotton lehenga choli with digital print.</p>
<p>For festival events — Navratri, Diwali, festivals, family functions.</p>
<p><strong>SET INCLUDES:</strong> Lehenga, choli, and dupatta.</p>
<p><strong>STITCHING OPTIONS:</strong></p>
<p>&nbsp;&nbsp;&bull; <strong>Standard Size S-XXL</strong> (+$23) — we stitch to a standard size before shipping.</p>
<p>&nbsp;&nbsp;&bull; <strong>Custom Stitching</strong> (+$37) — we stitch to your exact measurements (form emailed after order, 4-5 days extra).</p>
<p>&nbsp;&nbsp;&bull; <strong>Unstitched</strong> (+$0) — fabric shipped as-is, you arrange stitching locally.</p>
<p><strong>CARE:</strong> First Wash Dry Clean. Iron at moderate temperature.</p>
<p><strong>FABRIC:</strong> Cotton (natural fiber). Approx weight: 2 kg (lehenga set).</p>
<p><strong>SHIPPING:</strong> Ships within 2-3 days (processing). Standard delivery time varies by country. <strong>DHL Express delivers in 3-5 days</strong>. <strong>Free shipping is always Standard</strong> — DHL Express available at checkout for an additional fee.</p>
<p><strong>AVAILABILITY:</strong> <span style=""color:#1a7f37"">✓ In stock</span> — limited edition, available while supplier inventory lasts.</p>
<p><strong>QUESTIONS?</strong> Email <a href=""mailto:hello@luxemia.shop"">hello@luxemia.shop</a>, call <a href=""tel:+12153419990"">+1-215-341-9990</a>, or <a href=""https://wa.me/12153419990"" target=""_blank"">WhatsApp Mini</a> — I answer the phone myself in English, Hindi, or Gujarati.</p>
<p><strong>SEE ALSO:</strong> <a href=""https://luxemia.shop/returns"">Returns policy</a> | <a href=""https://luxemia.shop/size-guide"">Size guide</a> | <a href=""https://luxemia.shop/blog/how-to-measure-for-indian-ethnic-wear"">How to measure</a> | <a href=""https://luxemia.shop/lehengas"">Browse all lehengas</a></p>
<p>— Mini, founder of LuxeMia</p>",LuxeMia,Clothing,Lehenga Choli,"multicolor,cotton,festival wear,digital print work,lehenga,lehenga choli,indian ethnic wear,usa,ships from india,festive,navratri,in stock",TRUE,Stitching,Unstitched,Size,Standard,2000,shopify,10,deny,manual,54.33,69.67,TRUE,TRUE,ws-leh-023-UNS,https://luxemia.shop/images/products/lehengas/cotton-multicolor-festival-wear-digital-print-work-navratri-lehenga-choli-404440-1.jpg,1,Multicolor Cotton Bandhani Print Lehenga Choli,FALSE,Multicolor Cotton Bandhani Print Lehenga Choli | LuxeMia,Multicolor Cotton Digital Print lehenga choli for festival — $54. Ships in 2-3 days. DHL Express 3-5 days. In stock.,active,https://luxemia.shop/images/products/lehengas/cotton-multicolor-festival-wear-digital-print-work-navratri-lehenga-choli-404440-1.jpg,kg
cotton-multicolor-festival-wear-digital-print-work-navratri-lehenga-choli-404440,,,,,,,,Stitching,Custom Measurements,Size,Standard,2000,shopify,10,deny,manual,91.00,106.34,TRUE,TRUE,ws-leh-023-CUS,,,,FALSE,,,,https://luxemia.shop/images/products/lehengas/cotton-multicolor-festival-wear-digital-print-work-navratri-lehenga-choli-404440-1.jpg,kg
cotton-multicolor-festival-wear-digital-print-work-navratri-lehenga-choli-404440,,,,,,,,Stitching,Standard Size,Size,S,2000,shopify,10,deny,manual,77.66,93.00,TRUE,TRUE,ws-leh-023-STA-S,,,,FALSE,,,,https://luxemia.shop/images/products/lehengas/cotton-multicolor-festival-wear-digital-print-work-navratri-lehenga-choli-404440-1.jpg,kg
cotton-multicolor-festival-wear-digital-print-work-navratri-lehenga-choli-404440,,,,,,,,Stitching,Standard Size,Size,M,2000,shopify,10,deny,manual,77.66,93.00,TRUE,TRUE,ws-leh-023-STA-M,,,,FALSE,,,,https://luxemia.shop/images/products/lehengas/cotton-multicolor-festival-wear-digital-print-work-navratri-lehenga-choli-404440-1.jpg,kg
cotton-multicolor-festival-wear-digital-print-work-navratri-lehenga-choli-404440,,,,,,,,Stitching,Standard Size,Size,L,2000,shopify,10,deny,manual,77.66,93.00,TRUE,TRUE,ws-leh-023-STA-L,,,,FALSE,,,,https://luxemia.shop/images/products/lehengas/cotton-multicolor-festival-wear-digital-print-work-navratri-lehenga-choli-404440-1.jpg,kg
cotton-multicolor-festival-wear-digital-print-work-navratri-lehenga-choli-404440,,,,,,,,Stitching,Standard Size,Size,XL,2000,shopify,10,deny,manual,77.66,93.00,TRUE,TRUE,ws-leh-023-STA-XL,,,,FALSE,,,,https://luxemia.shop/images/products/lehengas/cotton-multicolor-festival-wear-digital-print-work-navratri-lehenga-choli-404440-1.jpg,kg
cotton-multicolor-festival-wear-digital-print-work-navratri-lehenga-choli-404440,,,,,,,,Stitching,Standard Size,Size,XXL,2000,shopify,10,deny,manual,77.66,93.00,TRUE,TRUE,ws-leh-023-STA-XXL,,,,FALSE,,,,https://luxemia.shop/images/products/lehengas/cotton-multicolor-festival-wear-digital-print-work-navratri-lehenga-choli-404440-1.jpg,kg
cotton-multicolor-festival-wear-digital-print-work-navratri-lehenga-choli-404440,,,,,,,,,,,,,,,,,,,,,,https://luxemia.shop/images/products/lehengas/cotton-multicolor-festival-wear-digital-print-work-navratri-lehenga-choli-404440-2.jpg,2,Multicolor Cotton Bandhani Print Lehenga Choli - View 2,,,,,,
cotton-multicolor-festival-wear-digital-print-work-navratri-lehenga-choli-404440,,,,,,,,,,,,,,,,,,,,,,https://luxemia.shop/images/products/lehengas/cotton-multicolor-festival-wear-digital-print-work-navratri-lehenga-choli-404440-3.jpg,3,Multicolor Cotton Bandhani Print Lehenga Choli - View 3,,,,,,
cotton-multicolor-festival-wear-digital-print-work-navratri-lehenga-choli-404440,,,,,,,,,,,,,,,,,,,,,,https://luxemia.shop/images/products/lehengas/cotton-multicolor-festival-wear-digital-print-work-navratri-lehenga-choli-404440-4.jpg,4,Multicolor Cotton Bandhani Print Lehenga Choli - View 4,,,,,,
cotton-multicolor-festival-wear-digital-print-work-navratri-lehenga-choli-404440,,,,,,,,,,,,,,,,,,,,,,https://luxemia.shop/images/products/lehengas/cotton-multicolor-festival-wear-digital-print-work-navratri-lehenga-choli-404440-5.jpg,5,Multicolor Cotton Bandhani Print Lehenga Choli - View 5,,,,,,
cotton-multicolor-festival-wear-mirror-work-navratri-lehenga-choli-404439,Multicolor Cotton Mirror Lehenga Choli - Pink Border,"<p>Multicolor cotton lehenga choli with mirror work.</p>
<p>For festival events — Navratri, Diwali, festivals, family functions.</p>
<p><strong>SET INCLUDES:</strong> Lehenga, choli, and dupatta.</p>
<p><strong>STITCHING OPTIONS:</strong></p>
<p>&nbsp;&nbsp;&bull; <strong>Standard Size S-XXL</strong> (+$23) — we stitch to a standard size before shipping.</p>
<p>&nbsp;&nbsp;&bull; <strong>Custom Stitching</strong> (+$37) — we stitch to your exact measurements (form emailed after order, 4-5 days extra).</p>
<p>&nbsp;&nbsp;&bull; <strong>Unstitched</strong> (+$0) — fabric shipped as-is, you arrange stitching locally.</p>
<p><strong>CARE:</strong> First Wash Dry Clean. Iron at moderate temperature.</p>
<p><strong>FABRIC:</strong> Cotton (natural fiber). Approx weight: 2 kg (lehenga set).</p>
<p><strong>SHIPPING:</strong> Ships within 2-3 days (processing). Standard delivery time varies by country. <strong>DHL Express delivers in 3-5 days</strong>. <strong>Free shipping is always Standard</strong> — DHL Express available at checkout for an additional fee.</p>
<p><strong>AVAILABILITY:</strong> <span style=""color:#1a7f37"">✓ In stock</span> — limited edition, available while supplier inventory lasts.</p>
<p><strong>QUESTIONS?</strong> Email <a href=""mailto:hello@luxemia.shop"">hello@luxemia.shop</a>, call <a href=""tel:+12153419990"">+1-215-341-9990</a>, or <a href=""https://wa.me/12153419990"" target=""_blank"">WhatsApp Mini</a> — I answer the phone myself in English, Hindi, or Gujarati.</p>
<p><strong>SEE ALSO:</strong> <a href=""https://luxemia.shop/returns"">Returns policy</a> | <a href=""https://luxemia.shop/size-guide"">Size guide</a> | <a href=""https://luxemia.shop/blog/how-to-measure-for-indian-ethnic-wear"">How to measure</a> | <a href=""https://luxemia.shop/lehengas"">Browse all lehengas</a></p>
<p>— Mini, founder of LuxeMia</p>",LuxeMia,Clothing,Lehenga Choli,"multicolor,cotton,festival wear,mirror work,lehenga,lehenga choli,indian ethnic wear,usa,ships from india,festive,navratri,in stock",TRUE,Stitching,Unstitched,Size,Standard,2000,shopify,10,deny,manual,49.89,63.96,TRUE,TRUE,ws-leh-024-UNS,https://luxemia.shop/images/products/lehengas/cotton-multicolor-festival-wear-mirror-work-navratri-lehenga-choli-404439-1.jpg,1,Multicolor Cotton Mirror Lehenga Choli - Pink Border,FALSE,Multicolor Cotton Mirror Lehenga Choli - Pink Bor… | LuxeMia,Multicolor Cotton Mirror lehenga choli for festival — $50. Ships in 2-3 days. DHL Express 3-5 days. In stock.,active,https://luxemia.shop/images/products/lehengas/cotton-multicolor-festival-wear-mirror-work-navratri-lehenga-choli-404439-1.jpg,kg
cotton-multicolor-festival-wear-mirror-work-navratri-lehenga-choli-404439,,,,,,,,Stitching,Custom Measurements,Size,Standard,2000,shopify,10,deny,manual,86.56,100.63,TRUE,TRUE,ws-leh-024-CUS,,,,FALSE,,,,https://luxemia.shop/images/products/lehengas/cotton-multicolor-festival-wear-mirror-work-navratri-lehenga-choli-404439-1.jpg,kg
cotton-multicolor-festival-wear-mirror-work-navratri-lehenga-choli-404439,,,,,,,,Stitching,Standard Size,Size,S,2000,shopify,10,deny,manual,73.22,87.29,TRUE,TRUE,ws-leh-024-STA-S,,,,FALSE,,,,https://luxemia.shop/images/products/lehengas/cotton-multicolor-festival-wear-mirror-work-navratri-lehenga-choli-404439-1.jpg,kg
cotton-multicolor-festival-wear-mirror-work-navratri-lehenga-choli-404439,,,,,,,,Stitching,Standard Size,Size,M,2000,shopify,10,deny,manual,73.22,87.29,TRUE,TRUE,ws-leh-024-STA-M,,,,FALSE,,,,https://luxemia.shop/images/products/lehengas/cotton-multicolor-festival-wear-mirror-work-navratri-lehenga-choli-404439-1.jpg,kg
cotton-multicolor-festival-wear-mirror-work-navratri-lehenga-choli-404439,,,,,,,,Stitching,Standard Size,Size,L,2000,shopify,10,deny,manual,73.22,87.29,TRUE,TRUE,ws-leh-024-STA-L,,,,FALSE,,,,https://luxemia.shop/images/products/lehengas/cotton-multicolor-festival-wear-mirror-work-navratri-lehenga-choli-404439-1.jpg,kg
cotton-multicolor-festival-wear-mirror-work-navratri-lehenga-choli-404439,,,,,,,,Stitching,Standard Size,Size,XL,2000,shopify,10,deny,manual,73.22,87.29,TRUE,TRUE,ws-leh-024-STA-XL,,,,FALSE,,,,https://luxemia.shop/images/products/lehengas/cotton-multicolor-festival-wear-mirror-work-navratri-lehenga-choli-404439-1.jpg,kg
cotton-multicolor-festival-wear-mirror-work-navratri-lehenga-choli-404439,,,,,,,,Stitching,Standard Size,Size,XXL,2000,shopify,10,deny,manual,73.22,87.29,TRUE,TRUE,ws-leh-024-STA-XXL,,,,FALSE,,,,https://luxemia.shop/images/products/lehengas/cotton-multicolor-festival-wear-mirror-work-navratri-lehenga-choli-404439-1.jpg,kg
cotton-multicolor-festival-wear-mirror-work-navratri-lehenga-choli-404439,,,,,,,,,,,,,,,,,,,,,,https://luxemia.shop/images/products/lehengas/cotton-multicolor-festival-wear-mirror-work-navratri-lehenga-choli-404439-2.jpg,2,Multicolor Cotton Mirror Lehenga Choli - Pink Border - View 2,,,,,,
cotton-multicolor-festival-wear-mirror-work-navratri-lehenga-choli-404439,,,,,,,,,,,,,,,,,,,,,,https://luxemia.shop/images/products/lehengas/cotton-multicolor-festival-wear-mirror-work-navratri-lehenga-choli-404439-3.jpg,3,Multicolor Cotton Mirror Lehenga Choli - Pink Border - View 3,,,,,,
cotton-multicolor-festival-wear-mirror-work-navratri-lehenga-choli-404439,,,,,,,,,,,,,,,,,,,,,,https://luxemia.shop/images/products/lehengas/cotton-multicolor-festival-wear-mirror-work-navratri-lehenga-choli-404439-4.jpg,4,Multicolor Cotton Mirror Lehenga Choli - Pink Border - View 4,,,,,,
cotton-multicolor-festival-wear-mirror-work-navratri-lehenga-choli-404439,,,,,,,,,,,,,,,,,,,,,,https://luxemia.shop/images/products/lehengas/cotton-multicolor-festival-wear-mirror-work-navratri-lehenga-choli-404439-5.jpg,5,Multicolor Cotton Mirror Lehenga Choli - Pink Border - View 5,,,,,,
silk-multicolor-casual-wear-printed-work-lehenga-choli-404438,Multicolor Silk Floral Paisley Embroidery Lehenga Choli,"<p>Multicolor silk lehenga choli with printed.</p>
<p>For casual events — Navratri, Diwali, festivals, family functions.</p>
<p><strong>SET INCLUDES:</strong> Lehenga, choli, and dupatta.</p>
<p><strong>STITCHING OPTIONS:</strong></p>
<p>&nbsp;&nbsp;&bull; <strong>Standard Size S-XXL</strong> (+$23) — we stitch to a standard size before shipping.</p>
<p>&nbsp;&nbsp;&bull; <strong>Custom Stitching</strong> (+$37) — we stitch to your exact measurements (form emailed after order, 4-5 days extra).</p>
<p>&nbsp;&nbsp;&bull; <strong>Unstitched</strong> (+$0) — fabric shipped as-is, you arrange stitching locally.</p>
<p><strong>CARE:</strong> First Wash Dry Clean. Iron at moderate temperature.</p>
<p><strong>FABRIC:</strong> Silk blend. Approx weight: 2 kg (lehenga set).</p>
<p><strong>SHIPPING:</strong> Ships within 2-3 days (processing). Standard delivery time varies by country. <strong>DHL Express delivers in 3-5 days</strong>. <strong>Free shipping is always Standard</strong> — DHL Express available at checkout for an additional fee.</p>
<p><strong>AVAILABILITY:</strong> <span style=""color:#1a7f37"">✓ In stock</span> — limited edition, available while supplier inventory lasts.</p>
<p><strong>QUESTIONS?</strong> Email <a href=""mailto:hello@luxemia.shop"">hello@luxemia.shop</a>, call <a href=""tel:+12153419990"">+1-215-341-9990</a>, or <a href=""https://wa.me/12153419990"" target=""_blank"">WhatsApp Mini</a> — I answer the phone myself in English, Hindi, or Gujarati.</p>
<p><strong>SEE ALSO:</strong> <a href=""https://luxemia.shop/returns"">Returns policy</a> | <a href=""https://luxemia.shop/size-guide"">Size guide</a> | <a href=""https://luxemia.shop/blog/how-to-measure-for-indian-ethnic-wear"">How to measure</a> | <a href=""https://luxemia.shop/lehengas"">Browse all lehengas</a></p>
<p>— Mini, founder of LuxeMia</p>",LuxeMia,Clothing,Lehenga Choli,"multicolor,silk,casual wear,printed work,lehenga,lehenga choli,indian ethnic wear,usa,ships from india,festive,navratri,in stock",TRUE,Stitching,Unstitched,Size,Standard,2000,shopify,10,deny,manual,59.89,76.78,TRUE,TRUE,ws-leh-025-UNS,https://luxemia.shop/images/products/lehengas/silk-multicolor-casual-wear-printed-work-lehenga-choli-404438-1.jpg,1,Multicolor Silk Floral Paisley Embroidery Lehenga Choli,FALSE,Multicolor Silk Floral Paisley Embroidery Lehenga… | LuxeMia,Multicolor Silk Printed lehenga choli for casual — $60. Ships in 2-3 days. DHL Express 3-5 days. In stock.,active,https://luxemia.shop/images/products/lehengas/silk-multicolor-casual-wear-printed-work-lehenga-choli-404438-1.jpg,kg
silk-multicolor-casual-wear-printed-work-lehenga-choli-404438,,,,,,,,Stitching,Custom Measurements,Size,Standard,2000,shopify,10,deny,manual,96.56,113.45,TRUE,TRUE,ws-leh-025-CUS,,,,FALSE,,,,https://luxemia.shop/images/products/lehengas/silk-multicolor-casual-wear-printed-work-lehenga-choli-404438-1.jpg,kg
silk-multicolor-casual-wear-printed-work-lehenga-choli-404438,,,,,,,,Stitching,Standard Size,Size,S,2000,shopify,10,deny,manual,83.22,100.11,TRUE,TRUE,ws-leh-025-STA-S,,,,FALSE,,,,https://luxemia.shop/images/products/lehengas/silk-multicolor-casual-wear-printed-work-lehenga-choli-404438-1.jpg,kg
silk-multicolor-casual-wear-printed-work-lehenga-choli-404438,,,,,,,,Stitching,Standard Size,Size,M,2000,shopify,10,deny,manual,83.22,100.11,TRUE,TRUE,ws-leh-025-STA-M,,,,FALSE,,,,https://luxemia.shop/images/products/lehengas/silk-multicolor-casual-wear-printed-work-lehenga-choli-404438-1.jpg,kg
silk-multicolor-casual-wear-printed-work-lehenga-choli-404438,,,,,,,,Stitching,Standard Size,Size,L,2000,shopify,10,deny,manual,83.22,100.11,TRUE,TRUE,ws-leh-025-STA-L,,,,FALSE,,,,https://luxemia.shop/images/products/lehengas/silk-multicolor-casual-wear-printed-work-lehenga-choli-404438-1.jpg,kg
silk-multicolor-casual-wear-printed-work-lehenga-choli-404438,,,,,,,,Stitching,Standard Size,Size,XL,2000,shopify,10,deny,manual,83.22,100.11,TRUE,TRUE,ws-leh-025-STA-XL,,,,FALSE,,,,https://luxemia.shop/images/products/lehengas/silk-multicolor-casual-wear-printed-work-lehenga-choli-404438-1.jpg,kg
silk-multicolor-casual-wear-printed-work-lehenga-choli-404438,,,,,,,,Stitching,Standard Size,Size,XXL,2000,shopify,10,deny,manual,83.22,100.11,TRUE,TRUE,ws-leh-025-STA-XXL,,,,FALSE,,,,https://luxemia.shop/images/products/lehengas/silk-multicolor-casual-wear-printed-work-lehenga-choli-404438-1.jpg,kg
silk-multicolor-casual-wear-printed-work-lehenga-choli-404438,,,,,,,,,,,,,,,,,,,,,,https://luxemia.shop/images/products/lehengas/silk-multicolor-casual-wear-printed-work-lehenga-choli-404438-2.jpg,2,Multicolor Silk Floral Paisley Embroidery Lehenga Choli - View 2,,,,,,
silk-multicolor-casual-wear-printed-work-lehenga-choli-404438,,,,,,,,,,,,,,,,,,,,,,https://luxemia.shop/images/products/lehengas/silk-multicolor-casual-wear-printed-work-lehenga-choli-404438-3.jpg,3,Multicolor Silk Floral Paisley Embroidery Lehenga Choli - View 3,,,,,,
silk-multicolor-casual-wear-printed-work-lehenga-choli-404438,,,,,,,,,,,,,,,,,,,,,,https://luxemia.shop/images/products/lehengas/silk-multicolor-casual-wear-printed-work-lehenga-choli-404438-4.jpg,4,Multicolor Silk Floral Paisley Embroidery Lehenga Choli - View 4,,,,,,
silk-multicolor-casual-wear-printed-work-lehenga-choli-404438,,,,,,,,,,,,,,,,,,,,,,https://luxemia.shop/images/products/lehengas/silk-multicolor-casual-wear-printed-work-lehenga-choli-404438-5.jpg,5,Multicolor Silk Floral Paisley Embroidery Lehenga Choli - View 5,,,,,,
chinon-silk-off-white-casual-wear-sequins-work-readymade-lehenga-suit-404433,Off-White Chinon Silk Folk Motifs Lehenga Choli with Decorative Koti/Jacket,"<p>Off-white chinon silk lehenga choli with sequins work.</p>
<p>For casual events — Navratri, Diwali, festivals, family functions.</p>
<p><strong>SET INCLUDES:</strong> Lehenga, choli, and dupatta.</p>
<p><strong>STITCHING:</strong> Pre-stitched readymade.</p>
<p><strong>ALTERATIONS:</strong> We offer alterations to your desired measurements for an additional fee. Email <a href=""mailto:hello@luxemia.shop?subject=Alteration%20request%20for%20ws-leh-026"">hello@luxemia.shop</a> after ordering with your measurements.</p>
<p><strong>CARE:</strong> First Wash Dry Clean. Iron at moderate temperature.</p>
<p><strong>FABRIC:</strong> Chinon (synthetic silk blend). Approx weight: 2 kg (lehenga set).</p>
<p><strong>SHIPPING:</strong> Ships within 2-3 days (processing). Standard delivery time varies by country. <strong>DHL Express delivers in 3-5 days</strong>. <strong>Free shipping is always Standard</strong> — DHL Express available at checkout for an additional fee.</p>
<p><strong>AVAILABILITY:</strong> <span style=""color:#1a7f37"">✓ In stock</span> — limited edition, available while supplier inventory lasts.</p>
<p><strong>QUESTIONS?</strong> Email <a href=""mailto:hello@luxemia.shop"">hello@luxemia.shop</a>, call <a href=""tel:+12153419990"">+1-215-341-9990</a>, or <a href=""https://wa.me/12153419990"" target=""_blank"">WhatsApp Mini</a> — I answer the phone myself in English, Hindi, or Gujarati.</p>
<p><strong>SEE ALSO:</strong> <a href=""https://luxemia.shop/returns"">Returns policy</a> | <a href=""https://luxemia.shop/size-guide"">Size guide</a> | <a href=""https://luxemia.shop/blog/how-to-measure-for-indian-ethnic-wear"">How to measure</a> | <a href=""https://luxemia.shop/lehengas"">Browse all lehengas</a></p>
<p>— Mini, founder of LuxeMia</p>",LuxeMia,Clothing,Lehenga Choli,"off-white,chinon silk,casual wear,sequins work,lehenga,lehenga choli,indian ethnic wear,usa,ships from india,festive,navratri,in stock",TRUE,Stitching,Readymade,Size,"Bust 38""",2000,shopify,10,deny,manual,49.89,63.96,TRUE,TRUE,ws-leh-026-REA-BUST-38,https://luxemia.shop/images/products/lehengas/chinon-silk-off-white-casual-wear-sequins-work-readymade-lehenga-suit-404433-1.jpg,1,Off-White Chinon Silk Folk Motifs Lehenga Choli with Decorative Koti/Jacket,FALSE,Off-White Chinon Silk Folk Motifs Lehenga Choli w… | LuxeMia,Off-White Chinon Silk Sequins lehenga choli for casual — $50. Ships in 2-3 days. DHL Express 3-5 days. In stock.,active,https://luxemia.shop/images/products/lehengas/chinon-silk-off-white-casual-wear-sequins-work-readymade-lehenga-suit-404433-1.jpg,kg
chinon-silk-off-white-casual-wear-sequins-work-readymade-lehenga-suit-404433,,,,,,,,Stitching,Readymade,Size,"Bust 42""",2000,shopify,10,deny,manual,49.89,63.96,TRUE,TRUE,ws-leh-026-REA-BUST-42,,,,FALSE,,,,https://luxemia.shop/images/products/lehengas/chinon-silk-off-white-casual-wear-sequins-work-readymade-lehenga-suit-404433-1.jpg,kg
chinon-silk-off-white-casual-wear-sequins-work-readymade-lehenga-suit-404433,,,,,,,,,,,,,,,,,,,,,,https://luxemia.shop/images/products/lehengas/chinon-silk-off-white-casual-wear-sequins-work-readymade-lehenga-suit-404433-2.jpg,2,Off-White Chinon Silk Folk Motifs Lehenga Choli with Decorative Koti/Jacket - View 2,,,,,,
chinon-silk-off-white-casual-wear-sequins-work-readymade-lehenga-suit-404433,,,,,,,,,,,,,,,,,,,,,,https://luxemia.shop/images/products/lehengas/chinon-silk-off-white-casual-wear-sequins-work-readymade-lehenga-suit-404433-3.jpg,3,Off-White Chinon Silk Folk Motifs Lehenga Choli with Decorative Koti/Jacket - View 3,,,,,,
chinon-silk-off-white-casual-wear-sequins-work-readymade-lehenga-suit-404433,,,,,,,,,,,,,,,,,,,,,,https://luxemia.shop/images/products/lehengas/chinon-silk-off-white-casual-wear-sequins-work-readymade-lehenga-suit-404433-4.jpg,4,Off-White Chinon Silk Folk Motifs Lehenga Choli with Decorative Koti/Jacket - View 4,,,,,,
chinon-silk-off-white-casual-wear-sequins-work-readymade-lehenga-suit-404433,,,,,,,,,,,,,,,,,,,,,,https://luxemia.shop/images/products/lehengas/chinon-silk-off-white-casual-wear-sequins-work-readymade-lehenga-suit-404433-5.jpg,5,Off-White Chinon Silk Folk Motifs Lehenga Choli with Decorative Koti/Jacket - View 5,,,,,,
chinon-silk-blue-casual-wear-sequins-work-readymade-lehenga-suit-404432,Blue Chinon Silk Sequin Lehenga Choli with Contrast Dupatta,"<p>Blue chinon silk lehenga choli with sequins work.</p>
<p>For casual events — Navratri, Diwali, festivals, family functions.</p>
<p><strong>SET INCLUDES:</strong> Lehenga, choli, and dupatta.</p>
<p><strong>STITCHING:</strong> Pre-stitched readymade.</p>
<p><strong>ALTERATIONS:</strong> We offer alterations to your desired measurements for an additional fee. Email <a href=""mailto:hello@luxemia.shop?subject=Alteration%20request%20for%20ws-leh-027"">hello@luxemia.shop</a> after ordering with your measurements.</p>
<p><strong>CARE:</strong> First Wash Dry Clean. Iron at moderate temperature.</p>
<p><strong>FABRIC:</strong> Chinon (synthetic silk blend). Approx weight: 2 kg (lehenga set).</p>
<p><strong>SHIPPING:</strong> Ships within 2-3 days (processing). Standard delivery time varies by country. <strong>DHL Express delivers in 3-5 days</strong>. <strong>Free shipping is always Standard</strong> — DHL Express available at checkout for an additional fee.</p>
<p><strong>AVAILABILITY:</strong> <span style=""color:#1a7f37"">✓ In stock</span> — limited edition, available while supplier inventory lasts.</p>
<p><strong>QUESTIONS?</strong> Email <a href=""mailto:hello@luxemia.shop"">hello@luxemia.shop</a>, call <a href=""tel:+12153419990"">+1-215-341-9990</a>, or <a href=""https://wa.me/12153419990"" target=""_blank"">WhatsApp Mini</a> — I answer the phone myself in English, Hindi, or Gujarati.</p>
<p><strong>SEE ALSO:</strong> <a href=""https://luxemia.shop/returns"">Returns policy</a> | <a href=""https://luxemia.shop/size-guide"">Size guide</a> | <a href=""https://luxemia.shop/blog/how-to-measure-for-indian-ethnic-wear"">How to measure</a> | <a href=""https://luxemia.shop/lehengas"">Browse all lehengas</a></p>
<p>— Mini, founder of LuxeMia</p>",LuxeMia,Clothing,Lehenga Choli,"blue,chinon silk,casual wear,sequins work,lehenga,lehenga choli,indian ethnic wear,usa,ships from india,festive,navratri,in stock",TRUE,Stitching,Readymade,Size,"Bust 38""",2000,shopify,10,deny,manual,49.89,63.96,TRUE,TRUE,ws-leh-027-REA-BUST-38,https://luxemia.shop/images/products/lehengas/chinon-silk-blue-casual-wear-sequins-work-readymade-lehenga-suit-404432-1.jpg,1,Blue Chinon Silk Sequin Lehenga Choli with Contrast Dupatta,FALSE,Blue Chinon Silk Sequin Lehenga Choli with Contra… | LuxeMia,Blue Chinon Silk Sequins lehenga choli for casual — $50. Ships in 2-3 days. DHL Express 3-5 days. In stock.,active,https://luxemia.shop/images/products/lehengas/chinon-silk-blue-casual-wear-sequins-work-readymade-lehenga-suit-404432-1.jpg,kg
chinon-silk-blue-casual-wear-sequins-work-readymade-lehenga-suit-404432,,,,,,,,Stitching,Readymade,Size,"Bust 42""",2000,shopify,10,deny,manual,49.89,63.96,TRUE,TRUE,ws-leh-027-REA-BUST-42,,,,FALSE,,,,https://luxemia.shop/images/products/lehengas/chinon-silk-blue-casual-wear-sequins-work-readymade-lehenga-suit-404432-1.jpg,kg
chinon-silk-blue-casual-wear-sequins-work-readymade-lehenga-suit-404432,,,,,,,,,,,,,,,,,,,,,,https://luxemia.shop/images/products/lehengas/chinon-silk-blue-casual-wear-sequins-work-readymade-lehenga-suit-404432-2.jpg,2,Blue Chinon Silk Sequin Lehenga Choli with Contrast Dupatta - View 2,,,,,,
chinon-silk-blue-casual-wear-sequins-work-readymade-lehenga-suit-404432,,,,,,,,,,,,,,,,,,,,,,https://luxemia.shop/images/products/lehengas/chinon-silk-blue-casual-wear-sequins-work-readymade-lehenga-suit-404432-3.jpg,3,Blue Chinon Silk Sequin Lehenga Choli with Contrast Dupatta - View 3,,,,,,
chinon-silk-blue-casual-wear-sequins-work-readymade-lehenga-suit-404432,,,,,,,,,,,,,,,,,,,,,,https://luxemia.shop/images/products/lehengas/chinon-silk-blue-casual-wear-sequins-work-readymade-lehenga-suit-404432-4.jpg,4,Blue Chinon Silk Sequin Lehenga Choli with Contrast Dupatta - View 4,,,,,,
chinon-silk-blue-casual-wear-sequins-work-readymade-lehenga-suit-404432,,,,,,,,,,,,,,,,,,,,,,https://luxemia.shop/images/products/lehengas/chinon-silk-blue-casual-wear-sequins-work-readymade-lehenga-suit-404432-5.jpg,5,Blue Chinon Silk Sequin Lehenga Choli with Contrast Dupatta - View 5,,,,,,
net-maroon-festival-wear-embroidery-work-lehenga-choli-404370,Maroon Net Floral Embroidered Lehenga Choli with Mirror Work,"<p>Maroon net lehenga choli with embroidery work.</p>
<p>For festival events — Navratri, Diwali, festivals, family functions.</p>
<p><strong>SET INCLUDES:</strong> Lehenga, choli, and dupatta.</p>
<p><strong>STITCHING OPTIONS:</strong></p>
<p>&nbsp;&nbsp;&bull; <strong>Standard Size S-XXL</strong> (+$23) — we stitch to a standard size before shipping.</p>
<p>&nbsp;&nbsp;&bull; <strong>Custom Stitching</strong> (+$37) — we stitch to your exact measurements (form emailed after order, 4-5 days extra).</p>
<p>&nbsp;&nbsp;&bull; <strong>Unstitched</strong> (+$0) — fabric shipped as-is, you arrange stitching locally.</p>
<p><strong>CARE:</strong> First Wash Dry Clean. Iron at moderate temperature.</p>
<p><strong>FABRIC:</strong> Synthetic Net. Approx weight: 2 kg (lehenga set).</p>
<p><strong>SHIPPING:</strong> Ships within 2-3 days (processing). Standard delivery time varies by country. <strong>DHL Express delivers in 3-5 days</strong>. <strong>Free shipping is always Standard</strong> — DHL Express available at checkout for an additional fee.</p>
<p><strong>AVAILABILITY:</strong> <span style=""color:#1a7f37"">✓ In stock</span> — limited edition, available while supplier inventory lasts.</p>
<p><strong>QUESTIONS?</strong> Email <a href=""mailto:hello@luxemia.shop"">hello@luxemia.shop</a>, call <a href=""tel:+12153419990"">+1-215-341-9990</a>, or <a href=""https://wa.me/12153419990"" target=""_blank"">WhatsApp Mini</a> — I answer the phone myself in English, Hindi, or Gujarati.</p>
<p><strong>SEE ALSO:</strong> <a href=""https://luxemia.shop/returns"">Returns policy</a> | <a href=""https://luxemia.shop/size-guide"">Size guide</a> | <a href=""https://luxemia.shop/blog/how-to-measure-for-indian-ethnic-wear"">How to measure</a> | <a href=""https://luxemia.shop/lehengas"">Browse all lehengas</a></p>
<p>— Mini, founder of LuxeMia</p>",LuxeMia,Clothing,Lehenga Choli,"maroon,net,festival wear,embroidery work,lehenga,lehenga choli,indian ethnic wear,usa,ships from india,festive,navratri,in stock",TRUE,Stitching,Unstitched,Size,Standard,2000,shopify,10,deny,manual,84.33,108.11,TRUE,TRUE,ws-leh-028-UNS,https://luxemia.shop/images/products/lehengas/net-maroon-festival-wear-embroidery-work-lehenga-choli-404370-1.jpg,1,Maroon Net Floral Embroidered Lehenga Choli with Mirror Work,FALSE,Maroon Net Floral Embroidered Lehenga Choli with … | LuxeMia,Maroon Net Embroidery lehenga choli for festival — $84. Ships in 2-3 days. DHL Express 3-5 days. In stock.,active,https://luxemia.shop/images/products/lehengas/net-maroon-festival-wear-embroidery-work-lehenga-choli-404370-1.jpg,kg
net-maroon-festival-wear-embroidery-work-lehenga-choli-404370,,,,,,,,Stitching,Custom Measurements,Size,Standard,2000,shopify,10,deny,manual,121.00,144.78,TRUE,TRUE,ws-leh-028-CUS,,,,FALSE,,,,https://luxemia.shop/images/products/lehengas/net-maroon-festival-wear-embroidery-work-lehenga-choli-404370-1.jpg,kg
net-maroon-festival-wear-embroidery-work-lehenga-choli-404370,,,,,,,,Stitching,Standard Size,Size,S,2000,shopify,10,deny,manual,107.66,131.44,TRUE,TRUE,ws-leh-028-STA-S,,,,FALSE,,,,https://luxemia.shop/images/products/lehengas/net-maroon-festival-wear-embroidery-work-lehenga-choli-404370-1.jpg,kg
net-maroon-festival-wear-embroidery-work-lehenga-choli-404370,,,,,,,,Stitching,Standard Size,Size,M,2000,shopify,10,deny,manual,107.66,131.44,TRUE,TRUE,ws-leh-028-STA-M,,,,FALSE,,,,https://luxemia.shop/images/products/lehengas/net-maroon-festival-wear-embroidery-work-lehenga-choli-404370-1.jpg,kg
net-maroon-festival-wear-embroidery-work-lehenga-choli-404370,,,,,,,,Stitching,Standard Size,Size,L,2000,shopify,10,deny,manual,107.66,131.44,TRUE,TRUE,ws-leh-028-STA-L,,,,FALSE,,,,https://luxemia.shop/images/products/lehengas/net-maroon-festival-wear-embroidery-work-lehenga-choli-404370-1.jpg,kg
net-maroon-festival-wear-embroidery-work-lehenga-choli-404370,,,,,,,,Stitching,Standard Size,Size,XL,2000,shopify,10,deny,manual,107.66,131.44,TRUE,TRUE,ws-leh-028-STA-XL,,,,FALSE,,,,https://luxemia.shop/images/products/lehengas/net-maroon-festival-wear-embroidery-work-lehenga-choli-404370-1.jpg,kg
net-maroon-festival-wear-embroidery-work-lehenga-choli-404370,,,,,,,,Stitching,Standard Size,Size,XXL,2000,shopify,10,deny,manual,107.66,131.44,TRUE,TRUE,ws-leh-028-STA-XXL,,,,FALSE,,,,https://luxemia.shop/images/products/lehengas/net-maroon-festival-wear-embroidery-work-lehenga-choli-404370-1.jpg,kg
net-maroon-festival-wear-embroidery-work-lehenga-choli-404370,,,,,,,,,,,,,,,,,,,,,,https://luxemia.shop/images/products/lehengas/net-maroon-festival-wear-embroidery-work-lehenga-choli-404370-2.jpg,2,Maroon Net Floral Embroidered Lehenga Choli with Mirror Work - View 2,,,,,,
net-maroon-festival-wear-embroidery-work-lehenga-choli-404370,,,,,,,,,,,,,,,,,,,,,,https://luxemia.shop/images/products/lehengas/net-maroon-festival-wear-embroidery-work-lehenga-choli-404370-3.jpg,3,Maroon Net Floral Embroidered Lehenga Choli with Mirror Work - View 3,,,,,,
net-maroon-festival-wear-embroidery-work-lehenga-choli-404370,,,,,,,,,,,,,,,,,,,,,,https://luxemia.shop/images/products/lehengas/net-maroon-festival-wear-embroidery-work-lehenga-choli-404370-4.jpg,4,Maroon Net Floral Embroidered Lehenga Choli with Mirror Work - View 4,,,,,,
net-maroon-festival-wear-embroidery-work-lehenga-choli-404370,,,,,,,,,,,,,,,,,,,,,,https://luxemia.shop/images/products/lehengas/net-maroon-festival-wear-embroidery-work-lehenga-choli-404370-5.jpg,5,Maroon Net Floral Embroidered Lehenga Choli with Mirror Work - View 5,,,,,,
cotton-blue-occasional-wear-mirror-work-navratri-lehenga-choli-404369,Blue Cotton Mirror Work Lehenga Choli with Tassel Fringe,"<p>Blue cotton lehenga choli with mirror work.</p>
<p>For occasional events — Navratri, Diwali, festivals, family functions.</p>
<p><strong>SET INCLUDES:</strong> Lehenga, choli, and dupatta.</p>
<p><strong>STITCHING OPTIONS:</strong></p>
<p>&nbsp;&nbsp;&bull; <strong>Standard Size S-XXL</strong> (+$23) — we stitch to a standard size before shipping.</p>
<p>&nbsp;&nbsp;&bull; <strong>Custom Stitching</strong> (+$37) — we stitch to your exact measurements (form emailed after order, 4-5 days extra).</p>
<p>&nbsp;&nbsp;&bull; <strong>Unstitched</strong> (+$0) — fabric shipped as-is, you arrange stitching locally.</p>
<p><strong>CARE:</strong> First Wash Dry Clean. Iron at moderate temperature.</p>
<p><strong>FABRIC:</strong> Cotton (natural fiber). Approx weight: 2 kg (lehenga set).</p>
<p><strong>SHIPPING:</strong> Ships within 2-3 days (processing). Standard delivery time varies by country. <strong>DHL Express delivers in 3-5 days</strong>. <strong>Free shipping is always Standard</strong> — DHL Express available at checkout for an additional fee.</p>
<p><strong>AVAILABILITY:</strong> <span style=""color:#1a7f37"">✓ In stock</span> — limited edition, available while supplier inventory lasts.</p>
<p><strong>QUESTIONS?</strong> Email <a href=""mailto:hello@luxemia.shop"">hello@luxemia.shop</a>, call <a href=""tel:+12153419990"">+1-215-341-9990</a>, or <a href=""https://wa.me/12153419990"" target=""_blank"">WhatsApp Mini</a> — I answer the phone myself in English, Hindi, or Gujarati.</p>
<p><strong>SEE ALSO:</strong> <a href=""https://luxemia.shop/returns"">Returns policy</a> | <a href=""https://luxemia.shop/size-guide"">Size guide</a> | <a href=""https://luxemia.shop/blog/how-to-measure-for-indian-ethnic-wear"">How to measure</a> | <a href=""https://luxemia.shop/lehengas"">Browse all lehengas</a></p>
<p>— Mini, founder of LuxeMia</p>",LuxeMia,Clothing,Lehenga Choli,"blue,cotton,occasional wear,mirror work,lehenga,lehenga choli,indian ethnic wear,usa,ships from india,festive,navratri,in stock",TRUE,Stitching,Unstitched,Size,Standard,2000,shopify,10,deny,manual,52.11,66.80,TRUE,TRUE,ws-leh-029-UNS,https://luxemia.shop/images/products/lehengas/cotton-blue-occasional-wear-mirror-work-navratri-lehenga-choli-404369-1.jpg,1,Blue Cotton Mirror Work Lehenga Choli with Tassel Fringe,FALSE,Blue Cotton Mirror Work Lehenga Choli with Tassel… | LuxeMia,Blue Cotton Mirror lehenga choli for occasional — $52. Ships in 2-3 days. DHL Express 3-5 days. In stock.,active,https://luxemia.shop/images/products/lehengas/cotton-blue-occasional-wear-mirror-work-navratri-lehenga-choli-404369-1.jpg,kg
cotton-blue-occasional-wear-mirror-work-navratri-lehenga-choli-404369,,,,,,,,Stitching,Custom Measurements,Size,Standard,2000,shopify,10,deny,manual,88.78,103.47,TRUE,TRUE,ws-leh-029-CUS,,,,FALSE,,,,https://luxemia.shop/images/products/lehengas/cotton-blue-occasional-wear-mirror-work-navratri-lehenga-choli-404369-1.jpg,kg
cotton-blue-occasional-wear-mirror-work-navratri-lehenga-choli-404369,,,,,,,,Stitching,Standard Size,Size,S,2000,shopify,10,deny,manual,75.44,90.13,TRUE,TRUE,ws-leh-029-STA-S,,,,FALSE,,,,https://luxemia.shop/images/products/lehengas/cotton-blue-occasional-wear-mirror-work-navratri-lehenga-choli-404369-1.jpg,kg
cotton-blue-occasional-wear-mirror-work-navratri-lehenga-choli-404369,,,,,,,,Stitching,Standard Size,Size,M,2000,shopify,10,deny,manual,75.44,90.13,TRUE,TRUE,ws-leh-029-STA-M,,,,FALSE,,,,https://luxemia.shop/images/products/lehengas/cotton-blue-occasional-wear-mirror-work-navratri-lehenga-choli-404369-1.jpg,kg
cotton-blue-occasional-wear-mirror-work-navratri-lehenga-choli-404369,,,,,,,,Stitching,Standard Size,Size,L,2000,shopify,10,deny,manual,75.44,90.13,TRUE,TRUE,ws-leh-029-STA-L,,,,FALSE,,,,https://luxemia.shop/images/products/lehengas/cotton-blue-occasional-wear-mirror-work-navratri-lehenga-choli-404369-1.jpg,kg
cotton-blue-occasional-wear-mirror-work-navratri-lehenga-choli-404369,,,,,,,,Stitching,Standard Size,Size,XL,2000,shopify,10,deny,manual,75.44,90.13,TRUE,TRUE,ws-leh-029-STA-XL,,,,FALSE,,,,https://luxemia.shop/images/products/lehengas/cotton-blue-occasional-wear-mirror-work-navratri-lehenga-choli-404369-1.jpg,kg
cotton-blue-occasional-wear-mirror-work-navratri-lehenga-choli-404369,,,,,,,,Stitching,Standard Size,Size,XXL,2000,shopify,10,deny,manual,75.44,90.13,TRUE,TRUE,ws-leh-029-STA-XXL,,,,FALSE,,,,https://luxemia.shop/images/products/lehengas/cotton-blue-occasional-wear-mirror-work-navratri-lehenga-choli-404369-1.jpg,kg
cotton-blue-occasional-wear-mirror-work-navratri-lehenga-choli-404369,,,,,,,,,,,,,,,,,,,,,,https://luxemia.shop/images/products/lehengas/cotton-blue-occasional-wear-mirror-work-navratri-lehenga-choli-404369-2.jpg,2,Blue Cotton Mirror Work Lehenga Choli with Tassel Fringe - View 2,,,,,,
cotton-blue-occasional-wear-mirror-work-navratri-lehenga-choli-404369,,,,,,,,,,,,,,,,,,,,,,https://luxemia.shop/images/products/lehengas/cotton-blue-occasional-wear-mirror-work-navratri-lehenga-choli-404369-3.jpg,3,Blue Cotton Mirror Work Lehenga Choli with Tassel Fringe - View 3,,,,,,
cotton-blue-occasional-wear-mirror-work-navratri-lehenga-choli-404369,,,,,,,,,,,,,,,,,,,,,,https://luxemia.shop/images/products/lehengas/cotton-blue-occasional-wear-mirror-work-navratri-lehenga-choli-404369-4.jpg,4,Blue Cotton Mirror Work Lehenga Choli with Tassel Fringe - View 4,,,,,,
cotton-blue-occasional-wear-mirror-work-navratri-lehenga-choli-404369,,,,,,,,,,,,,,,,,,,,,,https://luxemia.shop/images/products/lehengas/cotton-blue-occasional-wear-mirror-work-navratri-lehenga-choli-404369-5.jpg,5,Blue Cotton Mirror Work Lehenga Choli with Tassel Fringe - View 5,,,,,,
cotton-multicolor-festival-wear-digital-print-work-navratri-lehenga-choli-404367,Multicolor Cotton Vertical Stripe Lehenga Choli,"<p>Multicolor cotton lehenga choli with digital print.</p>
<p>For festival events — Navratri, Diwali, festivals, family functions.</p>
<p><strong>SET INCLUDES:</strong> Lehenga, choli, and dupatta.</p>
<p><strong>STITCHING OPTIONS:</strong></p>
<p>&nbsp;&nbsp;&bull; <strong>Standard Size S-XXL</strong> (+$23) — we stitch to a standard size before shipping.</p>
<p>&nbsp;&nbsp;&bull; <strong>Custom Stitching</strong> (+$37) — we stitch to your exact measurements (form emailed after order, 4-5 days extra).</p>
<p>&nbsp;&nbsp;&bull; <strong>Unstitched</strong> (+$0) — fabric shipped as-is, you arrange stitching locally.</p>
<p><strong>CARE:</strong> First Wash Dry Clean. Iron at moderate temperature.</p>
<p><strong>FABRIC:</strong> Cotton (natural fiber). Approx weight: 2 kg (lehenga set).</p>
<p><strong>SHIPPING:</strong> Ships within 2-3 days (processing). Standard delivery time varies by country. <strong>DHL Express delivers in 3-5 days</strong>. <strong>Free shipping is always Standard</strong> — DHL Express available at checkout for an additional fee.</p>
<p><strong>AVAILABILITY:</strong> <span style=""color:#1a7f37"">✓ In stock</span> — limited edition, available while supplier inventory lasts.</p>
<p><strong>QUESTIONS?</strong> Email <a href=""mailto:hello@luxemia.shop"">hello@luxemia.shop</a>, call <a href=""tel:+12153419990"">+1-215-341-9990</a>, or <a href=""https://wa.me/12153419990"" target=""_blank"">WhatsApp Mini</a> — I answer the phone myself in English, Hindi, or Gujarati.</p>
<p><strong>SEE ALSO:</strong> <a href=""https://luxemia.shop/returns"">Returns policy</a> | <a href=""https://luxemia.shop/size-guide"">Size guide</a> | <a href=""https://luxemia.shop/blog/how-to-measure-for-indian-ethnic-wear"">How to measure</a> | <a href=""https://luxemia.shop/lehengas"">Browse all lehengas</a></p>
<p>— Mini, founder of LuxeMia</p>",LuxeMia,Clothing,Lehenga Choli,"multicolor,cotton,festival wear,digital print work,lehenga,lehenga choli,indian ethnic wear,usa,ships from india,festive,navratri,in stock",TRUE,Stitching,Unstitched,Size,Standard,2000,shopify,10,deny,manual,52.11,66.80,TRUE,TRUE,ws-leh-030-UNS,https://luxemia.shop/images/products/lehengas/cotton-multicolor-festival-wear-digital-print-work-navratri-lehenga-choli-404367-1.jpg,1,Multicolor Cotton Vertical Stripe Lehenga Choli,FALSE,Multicolor Cotton Vertical Stripe Lehenga Choli | LuxeMia,Multicolor Cotton Digital Print lehenga choli for festival — $52. Ships in 2-3 days. DHL Express 3-5 days. In stock.,active,https://luxemia.shop/images/products/lehengas/cotton-multicolor-festival-wear-digital-print-work-navratri-lehenga-choli-404367-1.jpg,kg
cotton-multicolor-festival-wear-digital-print-work-navratri-lehenga-choli-404367,,,,,,,,Stitching,Custom Measurements,Size,Standard,2000,shopify,10,deny,manual,88.78,103.47,TRUE,TRUE,ws-leh-030-CUS,,,,FALSE,,,,https://luxemia.shop/images/products/lehengas/cotton-multicolor-festival-wear-digital-print-work-navratri-lehenga-choli-404367-1.jpg,kg
cotton-multicolor-festival-wear-digital-print-work-navratri-lehenga-choli-404367,,,,,,,,Stitching,Standard Size,Size,S,2000,shopify,10,deny,manual,75.44,90.13,TRUE,TRUE,ws-leh-030-STA-S,,,,FALSE,,,,https://luxemia.shop/images/products/lehengas/cotton-multicolor-festival-wear-digital-print-work-navratri-lehenga-choli-404367-1.jpg,kg
cotton-multicolor-festival-wear-digital-print-work-navratri-lehenga-choli-404367,,,,,,,,Stitching,Standard Size,Size,M,2000,shopify,10,deny,manual,75.44,90.13,TRUE,TRUE,ws-leh-030-STA-M,,,,FALSE,,,,https://luxemia.shop/images/products/lehengas/cotton-multicolor-festival-wear-digital-print-work-navratri-lehenga-choli-404367-1.jpg,kg
cotton-multicolor-festival-wear-digital-print-work-navratri-lehenga-choli-404367,,,,,,,,Stitching,Standard Size,Size,L,2000,shopify,10,deny,manual,75.44,90.13,TRUE,TRUE,ws-leh-030-STA-L,,,,FALSE,,,,https://luxemia.shop/images/products/lehengas/cotton-multicolor-festival-wear-digital-print-work-navratri-lehenga-choli-404367-1.jpg,kg
cotton-multicolor-festival-wear-digital-print-work-navratri-lehenga-choli-404367,,,,,,,,Stitching,Standard Size,Size,XL,2000,shopify,10,deny,manual,75.44,90.13,TRUE,TRUE,ws-leh-030-STA-XL,,,,FALSE,,,,https://luxemia.shop/images/products/lehengas/cotton-multicolor-festival-wear-digital-print-work-navratri-lehenga-choli-404367-1.jpg,kg
cotton-multicolor-festival-wear-digital-print-work-navratri-lehenga-choli-404367,,,,,,,,Stitching,Standard Size,Size,XXL,2000,shopify,10,deny,manual,75.44,90.13,TRUE,TRUE,ws-leh-030-STA-XXL,,,,FALSE,,,,https://luxemia.shop/images/products/lehengas/cotton-multicolor-festival-wear-digital-print-work-navratri-lehenga-choli-404367-1.jpg,kg
cotton-multicolor-festival-wear-digital-print-work-navratri-lehenga-choli-404367,,,,,,,,,,,,,,,,,,,,,,https://luxemia.shop/images/products/lehengas/cotton-multicolor-festival-wear-digital-print-work-navratri-lehenga-choli-404367-2.jpg,2,Multicolor Cotton Vertical Stripe Lehenga Choli - View 2,,,,,,
cotton-multicolor-festival-wear-digital-print-work-navratri-lehenga-choli-404367,,,,,,,,,,,,,,,,,,,,,,https://luxemia.shop/images/products/lehengas/cotton-multicolor-festival-wear-digital-print-work-navratri-lehenga-choli-404367-3.jpg,3,Multicolor Cotton Vertical Stripe Lehenga Choli - View 3,,,,,,
cotton-multicolor-festival-wear-digital-print-work-navratri-lehenga-choli-404367,,,,,,,,,,,,,,,,,,,,,,https://luxemia.shop/images/products/lehengas/cotton-multicolor-festival-wear-digital-print-work-navratri-lehenga-choli-404367-4.jpg,4,Multicolor Cotton Vertical Stripe Lehenga Choli - View 4,,,,,,
cotton-multicolor-festival-wear-digital-print-work-navratri-lehenga-choli-404367,,,,,,,,,,,,,,,,,,,,,,https://luxemia.shop/images/products/lehengas/cotton-multicolor-festival-wear-digital-print-work-navratri-lehenga-choli-404367-5.jpg,5,Multicolor Cotton Vertical Stripe Lehenga Choli - View 5,,,,,,
